refcode,formula,z_prime,r_factor,n_atoms,spacegroup
NEYNOU,C12 H17 B1 N2 O4,1.0,4.49,36,P21/c
GOPJUQ,"C9 H7 N1 O2,C7 H4 N2 O6",2.0,4.5,19,P-1
GIVXOZ,C31 H24 Si1,1.0,4.03,56,P21
MEJNIB,C8 H11 N5 O1,1.0,4.2299999999999995,25,P21/c
BUNCOF,C30 H19 N1 O2,1.0,4.37,52,Pbca
EYUSIC,C14 H12 Br1 N1 O2,1.0,2.91,30,P21/n
JIFRAR,C10 H9 Br1 O2,1.0,3.7,22,P-1
FUXVIF,C20 H23 N2 O3 P1,1.0,2.98,49,Pbca
UJEWUE,C19 H17 N1 O1,1.0,5.08,38,P212121
NIXXEY,C22 H20 O4,1.0,5.3500000000000005,46,P-1
LAYRUA,C15 H20 N2 O3,1.0,3.47,40,P212121
AFAXAH,C26 H22 O2,1.0,7.0,50,Pbca
SAYSUG,C13 H17 N1 O2 S3,1.0,4.59,36,P21/c
DUFDEP,C22 H28 O9,2.0,5.48,59,P21/c
SOQQAR,"2(C19 H18 P1 1+),Br10 Se3 2-",0.5,3.97,38,P-1
QORGAH,C18 H28 Br1 N1,1.0,4.63,48,P21/n
DIKFUZ,C24 H37 N1 O1,1.0,5.86,63,P21/a
ENUDUQ,C23 H24 Cl1 N1 O2,1.0,5.91,51,C2/c
REMTUB,C26 H23 N1 O5,2.0,5.81,55,P-1
BAMGOL10,C18 H22 N2 O4,1.0,4.3,46,P212121
DUVBIF,C11 H8 F5 N1 O1 S2,1.0,4.5,28,P21/c
KONCAR,C12 H12 N6 O3,1.0,6.3,33,P21/n
TURYIQ,C14 H12 Cl1 N1 O1,1.0,2.3800000000000003,29,P212121
RIMGEC,C9 H9 N1 O3,1.0,3.3300000000000005,22,P21/c
YOWPEF,C14 H15 N1 O1,1.0,5.5,31,P21/c
JAHBEA,C18 H12 Cl4,0.5,4.0600000000000005,34,P21/a
QINGAV,C11 H17 O9 P1,1.0,3.36,38,P21
LIZVOH,"C13 H14 N2 O1,2(C8 H5 N1 O2)",1.0,5.510000000000001,30,P21/c
AVAFEK,C23 H18 F1 N3 O1,2.0,5.96,46,P-1
KOFNAX,C15 H19 B1 O6,1.0,5.01,41,I2/a
MIKDAM,C13 H39 P3 Si6,1.0,5.5,61,P21/c
DEKTAS,C12 H14 N6 O4,1.0,3.29,36,P21/c
QEHDOW,C22 H17 N1 O3,1.0,3.35,43,P21
POHSIO,C12 H28 N4 O1 P2 S2,1.0,2.81,49,P-1
BAHLEC,"C5 H12 N1 O2 1+,C4 H3 O4 1-",0.5,3.61,20,Pnma
CATHOU,C17 H21 N3 O3,1.0,5.6000000000000005,44,P212121
KUCLUT,C25 H18 O1,1.0,4.29,44,P21
UBAJIS,"2(C16 H9 O8 1-),C12 H12 N2 2+,C16 H10",0.5,5.68,33,P-1
MCHTEP12,C10 H8 Cl2 O6,1.0,2.9,26,P-1
GETQEB,"2(C5 H6 N1 1+),C6 H18 N2 P2 S4 Si2 2-",1.0,3.35,34,P21/n
HARXAZ,"C9 H16 I1 N2 1+,I1 1-",1.0,2.5,28,P-1
YEJJOM01,C17 H10 S5,1.0,4.24,32,P21/n
DIMXEG,C11 H12 N4 O4,0.5,4.04,31,P2/n
CEDKAB01,C4 H1 N7 O7,1.0,5.18,19,P21/c
RIDRED,C17 H18 N2 O2 S1,1.0,3.74,40,P-1
RUSGUK,C17 H25 N1 O3,2.0,4.62,46,P21
FUBSAA,C25 H24 N2 O1,2.0,4.7,52,P21/n
DUFBAH,C15 H19 N1 O3 S2,1.0,3.1,40,P21
IFUQAC,"C10 H8 N2,2(C3 H3 N1 O2)",0.5,4.63,20,P21/n
MEDLUE06,C4 H9 N1 O2,2.0,3.88,16,P21/n
OCOMIF,C13 H25 N1 O3 Si1,1.0,7.380000000000001,43,P21/a
AWELIY,C17 H20 N2,1.0,2.5300000000000002,39,P21
IVAMOI,C24 H25 N3 O5,1.0,5.57,57,P-1
MOFQOO,C12 H10 O4,1.0,6.29,26,P21/c
EGICAC,C12 H11 N1 O4,1.0,4.2299999999999995,28,P21/c
KEPHIW,C21 H22 O2 S1,1.0,4.6000000000000005,46,P-1
VUBKEL,C23 H20 N2 O1 S1,1.0,2.92,47,P-1
OREVIS,C15 H20 O3,1.0,3.62,38,P21/n
NEVFUP,C19 H17 F2 N1,1.0,3.7600000000000002,39,P212121
VAVXAT,C14 H25 N1 O6 S1,1.0,4.59,47,P212121
KUWNAT,"C15 H11 N3 O2,C6 H6",1.0,6.1,31,P21/c
LGLUAC01,C5 H9 N1 O4,1.0,6.0,19,P212121
DORJUP,C17 H23 Br1 N2 O2 S1,1.0,6.7,46,P21/c
WIPYIF,C19 H19 N3 O2 S1,1.0,3.46,44,C2
HOHTOR,C16 H10 F1 I2 N1 O1,2.0,2.4299999999999997,31,C2
WAHDIU,"C8 H10 N2 O3 S1,2(H2 O1)",1.0,2.5500000000000003,24,P21
ROJJEH,C26 H28 Cl2,1.0,4.04,56,P21/c
OXAYOC,C24 H16 N2,0.5,6.7700000000000005,42,P-1
ZIWQON,C14 H12 N2 O1,1.0,3.49,29,P212121
ITINEE,C9 H8 N8 O8,1.0,4.92,33,C2/c
KEMSEE,"C23 H30 N2 S1,C6 F4 I2",1.0,2.53,56,Pna21
FUHGOF,C11 H6 I2 S9,1.0,3.77,28,C2/c
RURQAX01,C14 H6 Br2 O2,1.0,3.19,24,P21/c
XAGVUW,C18 H15 Cl1 N2 O1 S1,1.0,4.4,38,Pbcn
WACYUZ,C24 H23 Cl1 N2 O2 S1,1.0,3.83,53,P21
IGIXIJ,C15 H11 N1 O1 S2,1.0,3.7699999999999996,30,P21/c
NAPCEP,C22 H20 F1 N1 O5 S2,1.0,2.58,51,P212121
ATALAJ,C16 H23 N1 O2 Si1,1.0,7.1000000000000005,43,Pcab
LAQCIT,C11 H18 O3,1.0,5.75,32,P21/n
GATXEF,C31 H30 N2,1.0,5.15,63,P21ca
HIGWOK,C16 H22 Cl3 N1 O2 S2,1.0,1.5,46,P21/n
GOMSOQ,C16 H13 N3 O2 S2,1.0,3.5700000000000003,36,P-1
PTSSIM01,C19 H17 N1 O2 S2,1.0,3.7699999999999996,41,P21/c
ASITOO,C18 H19 N1 O3 S1,1.0,5.680000000000001,42,Pbcn
ZEWCUB,C24 H24 O4,1.0,5.16,52,C2/c
ZOGJAJ,C15 H20 O2,1.0,3.7199999999999998,37,P212121
FOGTUR,C13 H17 N3 O9,1.0,4.05,42,P212121
AVUNUB,C35 H24 O2,0.5,4.46,61,P22121
FABSAC10,C23 H19 F3 O1,1.0,6.1000000000000005,46,P21
WOTKUN,C13 H13 Cl3 O2 S1,1.0,3.8899999999999997,32,P21/c
IVOHEH,C15 H14 Cl3 N5,1.0,2.86,37,P21/c
BZAMID07,C7 H7 N1 O1,1.0,5.33,16,P21/c
RIHDAO01,C11 H11 N1 O1,2.0,5.59,24,C2/c
BUQWUJ,C20 H21 F2 N1 O3,1.0,3.74,47,P21/c
XEGTAE,C22 H30 O5,1.0,3.9,57,P212121
SUPNEA,"C20 H14 N2 O1,2(H2 O1)",1.0,6.04,37,Pbca
QEMTEL,C16 H18 N2,1.0,3.52,36,P21/n
NAHDAD,C17 H18 N2 O2,1.0,5.42,39,P21/c
TUYGOM,C23 H19 N5 O2,1.0,5.18,49,Pbca
KOHLAW,C36 H22 N2,0.5,4.17,60,C2/c
TUWLIG,C17 H14 N2 O1,1.0,3.41,34,P21
SISROD,C7 H12 F9 N2 P1,2.0,4.19,31,P21/n
ASIHIV05,"C6 H8 N1 1+,C6 Cl4 O2 1-",0.5,1.29,15,Pbnm
SICBOY,C15 H15 N1 O3,1.0,5.949999999999999,34,P21/c
ORUWAB,C23 H24 N2 S1,1.0,4.97,50,P21/n
ZAPTIV,"C15 H17 N1 O4,H2 O1",2.0,5.39,37,P21/c
TINPAL,C17 H14 F3 N1 O2 S1,1.0,5.779999999999999,38,P21/c
SEPXAO,C13 H11 Br1 F1 N1 O2,1.0,3.2399999999999998,29,P21/c
YUMPIG,C4 H2 N4 O4,0.5,3.36,14,P21/n
ISELAX,C23 H18 Br1 I1 N2 O3 S1,1.0,3.04,49,P-1
MEGKAK,C25 H28 N2 O4,1.0,5.58,59,P-1
TULVUR,C10 H11 N1 O2 S1,2.0,4.9,25,P-1
AHEQIP,C8 H10 O8,0.5,3.2800000000000002,26,P21/c
PUXZIU,C22 H21 I1 N2 O7,1.0,3.52,53,P212121
IWAJOH03,"C7 H10 N1 1+,H1 O4 S1 1-",1.0,5.86,18,P21/c
QITCUV,C12 H16 Li2 O9,0.5,3.83,39,Pbcn
YUDMEP,C24 H25 Br1 O1 Si1,1.0,5.1000000000000005,52,Pbca
EBIQUC,C14 H18 Cl2 O6,2.0,5.5600000000000005,40,P21/a
HOFQAY,C23 H16 O2,1.0,6.81,41,P212121
JAKTAQ,C10 H10 N2 O1,1.0,4.5,23,P21/c
LIMGIY,"C17 H26 N1 O2 1+,C6 H2 N3 O7 1-",1.0,4.83,46,P212121
FENTUR,"C23 H19 Cl2 N3 O2,C1 H4 O1",1.0,3.6700000000000004,49,P21/c
SUGRAQ,C17 H14 Br1 N1 O1 S2,1.0,1.96,36,P212121
JOCVUT,C11 H10 F3 N1 O2,1.0,3.4,27,C2/c
KEYLOR,"C10 H18 B1 N4 S2 1+,I1 1-",1.0,2.1,35,P21
UPIQAO,"C6 H2 F5 O3 P1,C6 H1 F5 O3 P1 1-,C2 H8 N1 1+",1.0,3.55,17,P-1
AMOWIL,"C8 H10 Br1 N1 O1 S1,2(H2 O1)",1.0,5.17,22,P21/c
NIVCAY,"C26 H28 N1 O4 1+,Br1 1-",1.0,3.2199999999999998,59,P-1
XODDUP,C18 H15 F1 N4 O1,2.0,6.22,39,Pna21
MEOHPH,C15 H17 O3 P1,2.0,4.3,36,P-1
MOSNOY01,C14 H16 O3,1.0,4.02,33,C2/c
LEPYIP,C15 H10 Br1 Cl1 O1,1.0,4.6000000000000005,28,P21/c
MIHYIL,"3(C2 H8 N1 1+),As2 Cl9 3-",1.33,6.48,11,R3c
FUDVUX,C19 H15 N1 O2,1.0,4.15,37,P21/c
ZIWMOJ,C19 H14 O3,1.0,3.5700000000000003,36,P21/c
MEHYAD,C11 H11 N1 O1,1.0,5.779999999999999,24,P21/c
BOXCOG,C13 H15 O1 P1,1.0,3.4,30,Pbca
MOXNAR,"C6 H7 N3 O1,C3 H3 N3 O3",1.0,3.64,17,Pc
IDOLUM,C31 H27 N1 O3 S1,1.0,5.92,63,P21/c
NNAPAN10,C12 H4 N2 O7,1.0,5.4,25,P21/c
DIYKEB,C15 H20 O4,1.0,4.7,39,P21
MODKUO,C18 H16 Br2 F1 N1 O3 S1,1.0,4.79,42,P-1
FONHAS,C24 H24 N4 O3,1.0,4.88,55,P21/n
WOKHIP,C26 H24 O7,1.0,3.9600000000000004,57,P21
APENOA,"C7 H5 N13 O1,4(H2 O1)",1.0,3.9800000000000004,26,P-1
ERUGUU,C18 H18 O2 S1,1.0,5.8100000000000005,39,P21/c
WUQJAX,C17 H15 N1 O2 S1,2.0,2.3,36,P212121
OCAYEZ,C18 H16 O1 S1,1.0,4.590000000000001,36,P21/c
GAMPUI,C18 H15 N3 O1 S1,1.0,2.87,38,P21/c
JOPTUF,"C18 H19 N2 1+,I1 1-",1.0,2.4299999999999997,39,P212121
XIGGIF,C24 H19 N1 O4 S1,1.0,4.12,49,P21/n
VAHPIF,"C26 H22 N2 O8 S2 2-,2(C24 H20 P1 1+),4(H2 O1)",0.5,7.28,60,P21/c
YOVDAP,C8 H6 F1 N3 S1,1.0,4.71,19,P21/c
SAFXUU,C24 H29 N3 O2,1.0,4.82,58,Pbca
YUYMAG,C11 H10 O5,1.0,4.61,26,P212121
IGOPUS,C14 H14 O2 S4,0.5,2.06,34,P-1
PABNAL,C17 H13 N1 O1,1.0,5.93,32,P-1
DACXIO,C7 H13 N1 O3,2.0,4.5,24,P21/c
NOSSEW,C13 H14 N2 O6 S1,1.0,4.8500000000000005,36,P21/n
GOVLUA,"C14 H20 N4 2+,2(B1 F4 1-)",1.0,5.09,38,P21/n
MUKDII,"C12 H12 N3 1+,C1 F3 O3 S1 1-",0.5,6.94,27,Pnma
UPUZOV,C16 H15 N1 O4 S2,1.0,3.19,38,P21/n
BOYXEV,C18 H10 N2,1.0,6.2700000000000005,30,Pbca
QIJMOL,C20 H19 N3 O5,1.0,4.6000000000000005,47,P212121
PAVBEV,"C11 H23 N1 O5 P1 1+,I1 1-",1.0,1.6,41,P212121
YIFZAP,C6 H7 N1 O2 S1,1.0,7.390000000000001,17,Pc
XOSZIR,C24 H27 N1 O1,1.0,3.71,53,P21/c
AJEQEL,"C35 H22 Br2 Cl2 N2,2(C1 D1 Cl3)",1.0,4.9,63,P-1
LIPLAB,C17 H20 N2 O5,1.0,4.79,44,P21/c
COGCEI,C14 H15 N1 O4,2.0,3.29,34,P21
ODOVUZ,C25 H23 B1 N2 O4,1.0,4.11,55,P21
OYIGAG02,"C3 H2 N8 2-,2(C1 H6 N3 1+)",1.0,3.9600000000000004,13,Pca21
OWOBEL,C16 H23 N1 O2 Se1,1.0,2.77,43,P21/c
WAQLOQ,C12 H12 Cl1 N3 O5,1.0,3.2,33,P-1
UMEZAP,"C1 H7 N4 1+,y(C3 H1 N8 O2 1-)",1.0,3.2300000000000004,14,I2/a
MEPVOT,C23 H32 B1 N1 O3,1.0,5.12,60,Cc
KELSIH,C23 H21 N3 O1,2.0,4.9,48,P21/c
YALRAH,"C12 H24 O6,C6 H4 Cl1 F3 N2",1.0,3.44,42,P-1
OLAJAN,C18 H3 B1 F12,0.5,2.16,34,Aba2
UZUNUB,C12 H7 I2 N1 O2,1.0,5.92,24,Fdd2
QIFKAV,"C26 H18,C20 H12",0.5,5.79,44,P21/c
OHOCET,C17 H39 B1 F3 N1 Si2,1.0,3.71,63,P212121
PATFAR,"C14 H19 N3 O5,2(H2 O1)",1.0,4.1,41,P212121
TANXOY,C10 H14 N2 O1,1.0,5.26,27,Cc
QEGBEM,C20 H26 O3,1.0,2.77,49,P212121
HAVLID,C25 H20 N2 O2,1.0,3.73,49,P212121
ZAYGOY,C11 H16 N8 O20,1.0,3.1199999999999997,55,P21/n
PONYOH,"C22 H29 Cl2 N4 O2 1+,C2 F3 O2 1-",1.0,4.75,59,P-1
ROYYUD,C26 H24 N2 O3,1.0,6.97,55,P-1
SAGDOT,C18 H21 N3 O3,2.0,6.7,45,P-1
VAPZUH,C10 H9 Cl1 N2 O3,1.0,5.2,25,P21/c
JINXUZ,C7 H15 N5 O2 S1,1.0,6.3,30,P21/n
TEVJEN,C26 H26 O4,0.5,3.54,56,Pbca
SIQYIB,C22 H32 N8 O2,1.0,4.62,64,I2/a
CEDVIR,"C17 H11 N6 1+,I1 1-",1.0,5.58,34,Cc
IXITIW,C13 H19 N1 O1 S2,2.0,3.63,36,Pna21
RERGUQ,C14 H12 N2 O1 S1,1.0,4.7,30,P21/c
ZEYBIQ01,C12 H14 N4 Se2,0.5,2.71,32,P21/n
AKIREV,C25 H18 Cl1 N3 O2,1.0,4.75,49,P-1
KOWMIU,C26 H16 O1 S2,1.0,3.01,45,Pna21
HOWMOW,"C14 H22 N1 O1 1+,Br1 1-,C20 H14 O2",1.0,3.91,38,P212121
DIHWAS,C17 H17 Cl1 O2,1.0,4.5,37,P21/n
VAPWOZ,"C12 H28 N1 1+,Br1 1-,C1 Br4",1.0,4.59,41,P21/n
FEJLIT,C6 H12 B1 Cl4 N3 P2,0.5,2.16,28,C2/c
GAZGOG,C13 H11 F5 N2 O3,1.0,2.81,34,P21
UNUVOP,C20 H22 Cl2 N2 O6 S2,0.5,3.77,54,P21/c
HIMLIA,C12 H15 Cl1 N2 O2,1.0,5.33,32,C2/c
NAXDIZ,C14 H10 N2 O1,1.0,3.4,27,P21/c
XARZEZ,C22 H21 N1 O1,1.0,5.94,45,P21/n
REKYAI,C6 H5 I1,1.0,6.6000000000000005,12,Pbcn
TIFPAA,C20 H20 O8,1.0,4.23,48,P21/c
CIHQOD,"C20 H12,C13 H4 N4 O1",1.0,4.99,32,Pn
MAZLUX,C23 H27 N3 O5,2.0,4.41,58,P21
XANSIS,"C13 H10 N1 1+,C7 H4 Cl1 O3 1-",1.0,4.43,24,P21/n
NOJVEN,C19 H15 N1 S1,2.0,5.16,36,P21/n
DOBHEJ,C14 H9 Cl3 N2 O1 S1,2.0,3.6999999999999997,30,P21/n
RUNCIQ,C32 H23 N1 O1,1.0,6.260000000000001,57,P-1
KUBSAE,"C12 H22 N1 1+,C2 H1 O4 1-",1.0,4.4799999999999995,35,P21/c
BEFRUD,"2(C8 H12 N5 1+),H1 O3 P1 2-,2(H2 O1)",1.0,3.08,25,P21/n
EQAPOC,"C21 H13 Cl1 N2 O2,C1 H4 O1",1.0,5.23,39,Pbca
XEQZIC02,C12 H16 N2,1.0,5.48,30,Pna21
CELBEA02,C14 H17 N3 S1,1.0,3.84,35,P21/n
YUDRUN,"C14 H11 N1 O4,C14 H11 N1 O4",1.0,5.09,30,P21/n
UBOYET,C17 H11 F3 N2,1.0,4.16,33,P212121
SUCNOT02,C13 H20 N1 O3 P1 S1,1.0,5.94,39,C2/c
JOTVET,C13 H28 Cl2 O6 P2,0.5,5.4,51,C2/c
VOCSOV,C15 H16 O5,2.0,3.7,36,P1
IFOREB,C11 H10 N2 O1,1.0,4.59,24,P21/c
FIPHUI,C13 H14 F6 N2 O3,1.0,3.79,38,P-1
LUHDIC,C15 H15 N1 O2 S2,1.0,5.11,35,P21/c
LOTLIS,C17 H19 N3 O1 S1,1.0,5.0200000000000005,41,P21/c
CORJIG,C13 H15 N1 O3,1.0,5.18,32,P21/c
AMACPH,C8 H9 N1 O1,1.0,7.3,19,P21/a
NAQJIC,C29 H18 Br1 N3 S2,1.0,4.6,53,P-1
NODHEW,C28 H25 N2 O2 P1 S1,1.0,3.6900000000000004,59,P-1
WEYCAE,C9 H10 O1 S1,2.0,3.3000000000000003,21,P-1
HEKMOZ,C9 H10 O4,1.0,3.2,23,P21/c
ZARZEA,C7 H6 N2 Se1,1.0,2.35,16,P21/c
OXPBUN10,C22 H19 O4 P1,1.0,4.9,46,P21/c
GUKPOR,"C4 H12 N2 2+,C2 H6 O6 P2 2-",0.5,5.91,18,P21/c
ASOPEE,C23 H26 Cl1 N3 O4,1.0,4.49,57,P-1
ELOJEY,C16 H20 N2 O4 S1,1.0,5.66,43,P-1
BIVZIT,C23 H19 N1,1.0,3.5999999999999996,43,P21/c
KUNYAX,"C4 H9 O3 S1 1-,C6 H6 Br1 Cl1 N1 1+",1.0,4.8500000000000005,17,P-1
MUJWEV,C10 H11 Br2 Cl1 O2,1.0,6.78,26,P21/c
GUSSIY,C30 H32 O1,2.0,6.7299999999999995,63,P212121
VABFOT,"C20 H20 N1 O1 1+,Cl1 1-",1.0,6.0,42,Pc21b
VEMRAI,C19 H20 Br2 N6 O4 S1,1.0,2.82,52,P-1
QOTGOV02,C15 H19 N3 O2,1.0,6.59,39,Pna21
VIHMII,"C14 H11 N2 S2 1-,K1 1+,C4 H8 O2",1.0,5.2,29,P21/a
AYEFOZ01,C22 H21 N5,1.0,4.75,48,P21/n
PECVEA,C17 H18 N2 O2,1.0,5.21,39,P-1
TILPOV,C27 H30 N6,1.0,4.9399999999999995,63,P21/c
DOLMIE,C16 H14 O1 S2,2.0,6.22,33,P21/c
XEMBEA,C10 H13 N1 O3 S1,1.0,3.88,28,P43212
HUYCEM,C11 H20 B10,1.0,7.01,41,P21/c
DAGSAJ,C22 H23 N1 O5,2.0,4.6899999999999995,51,P21212
IJUCIB,C14 H20 N14,0.5,4.9,48,C2/c
AHONUK,"C27 H24 N2 O5,0.5(C2 H6 O1 S1)",2.0,4.81,58,P21/n
OQIDEZ,C20 H32 O3,1.0,3.38,55,P212121
NOZWII55,C25 H28 N6 O1,1.0,3.47,60,P-1
VUBXUP,C14 H14 O4 S2 Se2,0.5,4.09,36,P-1
UPANIJ,"C5 H4 N3 O2 1-,H4 N1 1+",2.0,2.5500000000000003,14,Pca21
PAQSOS,"C26 H25 P2 1+,C1 F3 O3 S1 1-",1.0,4.05,53,P21/n
FUWHOV,C13 H10 B1 N3 O3 S1,1.0,3.38,31,P-1
UJOFOP,C12 H17 N1 O4 S1,1.0,3.06,35,P21
ULEJUT,C29 H22 Cl1 N1 O2 S2,1.0,3.2399999999999998,57,P21
QARXOY,C24 H27 N1 P2,1.0,4.63,54,P21
USOHEQ,C21 H25 N1 O2,1.0,4.46,49,P21/n
IYEFAW,C8 H16 F2 O2,0.5,4.21,28,P21/c
GINNAT,"C16 H10 N2 O8,2(H2 O1)",0.5,6.12,36,P-1
AQASIV01,C13 H10 Br2 N2 O1,0.5,2.2399999999999998,28,P21212
ISUMUG,"C8 H14 N2 O2,C5 H6 O5",1.0,6.67,26,P21
EBIFOL,C14 H13 N1 O1,1.0,4.16,29,Pccn
COWJAB,C2 H4 N2 O4,2.0,5.390000000000001,12,P-1
LIPZOD,C15 H20 O4,1.0,2.87,39,P212121
ZAZHUH,C20 H21 N1,1.0,5.75,42,Pbca
BUBVIE,C22 H18 N2,2.0,6.84,42,P21/n
PODACE,C16 H16 N2 O5 S1,1.0,5.6000000000000005,40,P21
BAQRUJ,"C2 H10 N2 2+,C4 H4 O4 S1 2-",1.0,2.62,14,P21/c
EZAFEQ,C18 H30 N2 O8 S1,1.0,4.3500000000000005,59,P212121
SAYPUE,"C14 H24 N2 O6,C14 H8 N2",0.5,6.2700000000000005,46,P-1
LOZYII04,C14 H17 N3 O3 S1,1.0,3.66,38,P21/n
HANDIM,"C13 H16 N1 O2 1+,Cl1 1-",1.0,2.91,32,P21/c
UTAGUS,C27 H23 N1 O4,1.0,5.44,55,Pca21
ANUXUD,C25 H27 N1 O6,1.0,5.37,59,P21
HUCLEW01,"C8 H4 N2 O8,2(H2 O1)",0.5,2.33,22,P-1
CANDOM13,C21 H30 O2,2.0,3.44,53,P21
HACPAE,C24 H29 N1 O4,1.0,4.3,58,P-1
IJOBOY02,"C14 H18 Ca2 N2 O14,2(C7 H5 N1 O4)",0.5,3.21,50,P21/c
UREDOL,C15 H14 N4 O6,1.0,6.33,39,P-1
WUVXUG,C11 H20 N2 O4 S1,1.0,4.5,38,P-1
BASRIA,C16 H20 N2 O4,0.5,6.3,42,P21/c
MAVGEW01,C15 H11 N3 O2,1.0,5.8,31,Pna21
FUVKOA,C16 H20 O5,1.0,4.24,41,Pbca
YUYGEE01,C9 H10 O3,1.0,4.38,22,P21/c
LIMJEZ,C30 H28 B1 N1,1.0,4.9399999999999995,60,P21/c
LATREH,C21 H19 F3 N2 O6,2.0,3.0,51,P212121
RUVZIV,C19 H22 Cl1 N1 O2,1.0,5.390000000000001,45,P1
QELZEN,C18 H17 N1 O4,1.0,5.48,40,P-1
GAYGES,"C20 H31 N1 O10,H2 O1",2.0,6.11,62,P21/a
RUBWUI,C19 H23 F1 O2 S1,1.0,5.64,46,P21/n
TEJKUO08,"C6 H16 N1 1+,Br1 1-",1.0,3.3099999999999996,23,P212121
TICZOW,"C11 H10 N1 1+,C7 H3 N2 O6 1-,C7 H4 N2 O6",1.0,3.74,22,P-1
JOZSID,C25 H20 Cl1 N1 O1,1.0,7.3,48,P21/n
OJOYES,C25 H20 N2 O1,1.0,3.83,48,P-1
FONVUD,C13 H17 N1 O1,1.0,5.25,32,C2/c
RAWYEX,"C10 H13 N3 O3 P1 1+,Cl1 1-",1.0,4.24,30,P21/c
UWADIH,"C20 H23 N1 O3 S1,C1 H1 Cl3",2.0,2.6599999999999997,48,P21
JUMXAT,C11 H16 O3,1.0,4.46,30,P212121
HOZCUV01,"C18 H14 Br1 N3 O2,H2 O1",1.0,2.94,38,C2/c
YUYZEX,C30 H18 O3,1.0,5.55,51,P-1
WUVSOV,C17 H21 N1 O3,1.0,4.8100000000000005,42,P21/c
MIWYOG,C13 H16 O1,2.0,5.7,30,P21/c
BUVRAM,"H12 Mg1 O6 2+,2(C5 H4 N3 O2 1-)",0.5,2.6,19,P-1
LICVOM,"C10 H8 N2 O2 Se2,2(C12 H10 N2)",1.0,2.16,24,P-1
ANOXUA,"C7 H21 B1 N3 O1 1+,I1 1-",1.0,2.1,33,P21/n
EMADIJ,C17 H13 F1 N2 O2,1.0,5.7,35,Pbca
GOLPOO,C13 H16 F3 N1 O8 S2,1.0,3.9600000000000004,43,P21
TIRZAX,C8 H11 N1 O2,1.0,4.22,22,P21/n
WOBQOW,"C6 H7 N2 O2 1+,C7 H5 O3 1-",1.0,4.05,17,P21/n
SIRKEL,"C6 H14 N1 O1 1+,C7 H5 O3 1-",1.0,5.17,22,P21/c
LACMUA,C30 H26 N2 O1,1.0,4.24,59,P212121
LAXZIU,C6 Cl2 N2 S2,1.0,5.7,12,P21/c
HURQEQ,C32 H22 S5,1.0,4.0200000000000005,59,P-1
VAWZUQ,C20 H23 N3 O5 S1,1.0,3.39,52,P212121
FUWZOQ,"C19 H19 N3 O3,2(C9 H6 O6)",1.0,6.569999999999999,44,P21/c
BILKIT,"H4 N1 1+,C7 H16 N2 2+,3(Cl1 1-)",1.0,4.93,25,P21
NAGHOT02,C14 H8 N4 O5,1.0,4.88,31,P21/c
IYEQEM,"C10 H17 N6 S1 1+,C3 H3 O4 1-",1.0,6.710000000000001,34,P21/c
TUQGES,C21 H20 N2 O3,1.0,5.41,46,C2/c
VACWUW,"C5 H10 N10 2+,2(Cl1 O4 1-)",1.0,6.1899999999999995,25,P-1
FUJSUZ,C15 H23 N1 O3,1.0,4.12,42,P-1
TORCIP,C17 H18 N5 P1 S1,0.5,2.8400000000000003,42,P21/m
UXIKIW,C19 H18 N2 O3 S1,1.0,7.11,43,P21/c
XOXDUK,C9 H14 N2,1.0,4.44,25,I41/a
JUDCOE,C17 H18 O3,1.0,3.8,38,P21/c
HOHROO,"C22 H13 F1 N2 O1,C1 H2 Cl2",1.0,7.1,39,P21/n
HAQHIQ,C24 H28,0.5,5.2,52,C2/c
ZEYGEP,"C19 H18 P1 1+,C1 H15 B10 Si1 1-",1.0,4.5,38,P212121
XANGAU,C12 H12 N2 O4,0.5,5.3,30,Pnma
LEYMAH,C26 H14 Br1 N1 O2,1.0,3.37,44,P21/c
TUJQOG,C16 H19 O1 P1,1.0,4.43,37,P21
CIXGIZ,C16 H22 O4,0.5,3.6,42,A2/a
GEPPIA,C4 H4 F3 N1 O3,1.0,3.81,15,P21/n
DUBPAV,C22 H26 F1 N1 O1 S1,1.0,6.64,52,P21/c
DARMUI,C22 H24 N2 O2,1.0,4.12,50,P21
EWAKOF,C11 H17 Cl1 N2 O2 S1,1.0,4.68,34,P21/c
LUQQEW,"C2 H4 O2,Cl1 1-,C16 H36 N1 1+",1.0,6.52,53,Pccn
TILZOF,C21 H21 Br1 N2 O2 S1,2.0,2.86,48,P21
ABACAI,C16 H15 N1 O1,2.0,7.0200000000000005,33,P-1
NOGDES,"C24 H22 S6 2+,2(I3 1-)",0.5,3.46,52,P-1
REMWAH,C19 H13 Cl1 O1,1.0,5.63,34,P-1
SOMNAN,"C8 H11 N4 1+,I1 1-",1.0,3.16,23,P21/c
SOTVIH,C21 H18 N2 O1,1.0,4.36,42,P-1
WAKDOB01,"C18 H25 K1 O19,2(H2 O1)",1.0,3.8600000000000003,63,P212121
DUSQEP,C26 H23 N1 O11,1.0,3.6999999999999997,61,P21
AXEBAK,C20 H22 O3,1.0,4.12,45,P21/n
SERZEU13,C12 H8 N2 S1,2.0,5.36,23,Pca21
BAMZAT,C11 H13 N1 O2 S1,1.0,3.53,28,P212121
YUHQUQ,C28 H26 I2 N1 O2 P1,1.0,5.01,60,C2
PITZIE,C16 H14 O2,1.0,4.2700000000000005,32,P212121
UYIGUF,C15 H27 N1 O4,1.0,3.7800000000000002,47,P212121
ONEMEA,C22 H20 F2 N2 O5,2.0,3.2,51,P212121
JIPGEX,C15 H10 Cl1 N1 O3 S1,1.0,4.33,31,P21/n
UJORAM,"C10 H8 N2,2(C6 H4 N2 O5)",0.5,4.7,20,Pbcn
ISOSOY,"C14 H27 N2 O4 1+,Cl1 O4 1-",0.5,4.09,47,C2/c
RUMDUC03,"C22 H19 N6 1+,Cl1 1-",1.0,1.23,47,C2/c
MOMJOP,C21 H17 N1 O3,1.0,5.680000000000001,42,P21/c
YECWEI,"C4 H11 N1,0.5(H2 O1)",2.0,7.4,16,P21/c
YIHGIF,C24 H16 Se3,1.0,6.55,43,P21/n
FEVSOQ,C24 H30 N2 O3,1.0,2.79,59,P212121
KUNLAK,C10 H9 F3 N2 O4,1.0,2.17,28,P21
LEHQEU,C21 H26 O2 S1,1.0,4.5,50,P212121
TAJHEW,C20 H16 N1 O2 P1,2.0,7.22,40,P-1
XIRQUM,C13 H12 N2 O7,1.0,4.02,34,P21/c
MUPWAX,C21 H18 N4 O2,1.0,5.140000000000001,45,P21/c
JOKWOY,C19 H18 N2 O3,1.0,4.09,42,P21/n
FIDBUR,C16 H14 Cl4 O1,1.0,3.36,35,P212121
XUKNIE,C18 H21 N1 O3,2.0,4.4799999999999995,43,C2
BEFRIQ,C24 H20 N2 O1,2.0,6.61,47,P-1
SILLEE,C20 H25 N1 O3,1.0,6.1000000000000005,49,P21/a
KELKAO,"C11 H13 N2 O2 1+,H1 O3 Se1 1-",1.0,3.46,28,P212121
IKOTEL,C28 H22 F3 N1 O3,1.0,4.87,57,P21/c
EPUPUB,"C10 H8 N2,2(C7 H6 O3)",1.0,6.32,20,P21/c
QATXEP,C10 H13 F2 N3 O1,1.0,4.03,29,P21/c
AVURAO,C14 H22 N2 O1 S2,1.0,3.63,41,P-1
FIGWOH,C14 H8 F3 N1 O1 S1,1.0,4.3,28,P21/n
HUCROQ,C28 H20 O4,1.0,4.43,52,P21/c
JOHKAV,"C7 H14 N3 1+,C2 H2 N3 1-",0.5,5.7,24,C2/c
HUGRAD,C23 H23 N1 O5,1.0,3.7800000000000002,52,P21/c
HOLSUA,C33 H16,0.25,4.54,49,Ccca
HEHZOJ,C21 H16 N2 O1,1.0,3.7,40,P-1
SOSLIV,C22 H20 N2 O2,1.0,6.4,46,P21/n
KAXREJ,C19 H18 F2 O2,1.0,3.18,41,P43212
NUFMIO,C21 H14 N4 O2,1.0,5.94,41,P-1
FAQKOB,"2(C26 H33 N1 O2),C6 H6 O6",1.0,4.87,62,P21
WAJTUB,C21 H29 N3 O4,1.0,3.2,57,P212121
ETEYUX02,C13 H11 N1 O2,1.0,6.18,27,P21/c
BUFBAJ,C17 H24 F1 N1 O4 S2,1.0,4.29,49,P-1
CADZEP,C31 H27 B1 O4 S1,1.0,5.9799999999999995,64,P21/c
VUSSOS,C19 H12 F1 N1 O1,2.0,6.92,34,P-1
ICEREQ,C18 H22 N2 O1,1.0,4.16,43,P2/c
BORCUG,C17 H17 B1 O2,1.0,4.6000000000000005,37,P-1
COBKUZ,"C8 H14 N1 1+,C2 H3 O2 1-",1.0,4.8500000000000005,23,C2/c
HAPXON,C28 H25 N3,1.0,5.97,56,P21/c
FURVEV,C23 H19 N3 O3 S1,1.0,4.04,49,P21/c
YIFJOQ,C16 H18 Cl2 N2 O4 S1,1.0,4.15,43,P-1
LACGII,C5 H8 N4 O1,1.0,4.5,18,P212121
BUYTAR,C30 H27 N1 O3 Se1,1.0,4.92,62,P21/n
TABDEI,C12 H11 N1 O3,1.0,3.82,27,P21/n
SOXMIF,C28 H25 N1 O4,1.0,6.68,58,P-1
AKALIJ,C16 H11 Br1 N2 O4,1.0,3.54,34,P21/c
PAQJIE,C23 H17 N1 O4,1.0,3.2800000000000002,45,Cc
OYAJIK,C25 H19 Br1 F1 N3 O6,1.0,3.2199999999999998,55,P212121
VUKRAY,C31 H21 N3 O1 S1,2.0,7.430000000000001,57,P-1
TECPAT,C21 H25 N1 O3,1.0,4.2,50,P212121
ZEYROM,C19 H24 N2 O4,1.0,3.3099999999999996,49,P212121
HUXYAC,C12 H13 Br1 O3,1.0,2.85,29,P21/c
PABMIS,C28 H28 O6,1.0,4.58,62,P21/c
JUSXIG,"C18 H38 N4 2+,2(Cl1 O4 1-)",0.5,3.25,60,P21/c
EXUHAJ,"C24 H32 O8,C14 H24 N1 O3 1+,C3 H6 O1,F6 P1 1-",2.0,3.8899999999999997,64,P-1
XAYZUW,C17 H14 N2 O2,1.0,5.37,35,P21/c
HITBEV,"C22 H14 Br1 N3 O4,H2 O1",1.0,2.8000000000000003,44,P212121
JOWPIY,C21 H12 F6 N4,1.0,5.7,43,P21
QULFIO,C22 H34 O6,1.0,3.05,62,P212121
NIWPUI,C18 H21 N1 O2 S1,1.0,4.99,43,P21
AWEZIP,C21 H14 B1 F2 N1 O2,1.0,5.5,41,P212121
EVAYAE,C30 H23 N1 O2,1.0,5.27,56,P-1
TOFPUD,"C6 H6 N6 O2,C7 H6 O4,C1 H4 O1",1.0,4.02,20,P-1
TUJMOC,C20 H14 Cl1 N1 O1,1.0,3.32,37,P21
URIYIG,C29 H33 N1 O1,1.0,5.680000000000001,64,P-1
HOMZOZ,C13 H12 N2 O1,2.0,5.65,28,P21/c
SOWFAO,"C9 H6 O6,C3 H8 O1",2.0,5.64,21,C2/c
OKITUA,C22 H17 N1 O5,1.0,3.65,45,P21/n
GEKTIZ,C15 H12 N3 P1,1.0,4.6000000000000005,31,P21/c
MOSMIR,"2(C3 H5 N2 S1 1+),C4 H4 O4 2-,C4 H6 O4",0.5,2.65,14,P21/n
XILREP,C23 H20 N4,0.5,4.09,47,C2/c
ZOZRAL,C20 H19 N3 O3,1.0,7.33,45,P21/c
XETJOZ,C14 H25 B1 O4,1.0,4.97,44,P-1
UGEKID,"C8 H4 N1 O6 1-,C4 H8 N5 1+,H2 O1",1.0,4.7,19,P21
XUXBAV,C27 H29 Br1 O2,1.0,4.109999999999999,59,P-1
WOTMAV,C20 H16 Br1 N1 O2,1.0,4.590000000000001,40,Pbca
LUQWID,C16 H10 N2 O2,1.0,3.68,30,Pna21
YIDCAR,C6 H10 N2 O1 Se1,1.0,4.44,20,Pbca
VUTPOS,"C23 H23 N4 O2,H2 O1",1.0,5.779999999999999,52,P21/n
PEYBEB,C30 H24 N2 O2,1.0,4.15,58,P21/c
TEFDAM,C15 H16 N4 O1,1.0,3.6700000000000004,36,P-1
QULGUD,C20 H18 Cl1 N1 O1 S8,1.0,2.32,49,P212121
REMRAE,C14 H17 N1 O2,1.0,4.46,34,P21/c
TEKCEU,"C25 H20 N2 O2,H2 O1",1.0,4.87,49,P21/c
KERVAF,C16 H16 O6,1.0,4.62,38,P21/c
YACKIB,C22 H23 F1 N2 O5,1.0,4.0,53,P21/c
PORXUR,C28 H22 N2 O2,1.0,4.9799999999999995,54,P-1
VOPKOD,C9 H13 N5 O4,1.0,4.77,31,P21/c
LITNOV,C23 H27 B1 N2 O5,1.0,3.4099999999999997,58,P21/c
HAGLUA,C16 H13 N1 O2,1.0,4.07,32,P21/c
ANILUH,C17 H18 N4 O6 S1,1.0,4.49,46,P21
EDEWUA,C18 H23 N3 O3,1.0,6.03,47,P-1
YAQHEH,"C28 H18 Br4 N4,2(C8 H10)",0.5,5.140000000000001,54,Pbca
DUJSUA,C16 H14 N2 O4,1.0,5.29,36,P21/n
IZEBOI,"C22 H21 B1 N2 O3,C1 H1 Cl3",1.0,6.9,49,P21/n
IXAGIX,C12 H8 N4 O1,1.0,5.41,25,P21/n
WUSDEX,C11 H14 N2 O2,1.0,6.12,29,P21/n
KISTIT,C26 H21 Br3 O2,1.0,6.63,52,P21/c
MAYTIT,"C13 H18 N1 O1 1+,C7 H7 O3 S1 1-",1.0,5.41,33,Pbca
YALCUM,"C7 H15 F1 N1 O3 1+,Cl1 1-",1.0,1.69,27,P212121
ROXMEY,C24 H30 N6 O2,0.5,4.38,62,P-1
TEWRIW,"C2 H16 B10 N1 1-,C14 H19 N2 1+",1.0,4.7,35,P21/c
BIVBEP,C23 H32 O4,1.0,5.52,59,C2/c
IRAMAS,C12 H8 Cl1 N3,1.0,3.01,24,Pbca
HOKCEP02,C15 H15 N1 O1,1.0,2.95,32,P21
OKEFUJ,C20 H17 N1 O5,1.0,4.2299999999999995,43,P-1
CALKOQ,C5 H10 N2 O2,1.0,5.32,19,P212121
VISHUD,C13 H24 O2,2.0,6.38,39,P-1
VOHTUJ,C24 H16 Br1 N3 O4,1.0,3.6799999999999997,48,P21/c
DIBENZ15,C14 H14,0.5,3.6700000000000004,28,P21/n
YOYWEP01,C18 H19 N1,1.0,3.91,38,C2
BPYRDB08,"C10 H10 N2 2+,2(Br1 1-)",0.5,5.11,22,P-1
RIVMIV,"C7 H10 N2,C6 H5 Br1 O1",1.0,4.92,19,P21/c
YIWZEN,C11 H16 N5 O4,1.0,4.01,36,P21/c
LAJKOX,C7 H15 N3 O2,1.0,4.25,27,P21/c
DORKOO,C17 H20 F1 N1,0.5,3.7900000000000005,39,Pnma
AZOSAK,C16 H13 Cl1 O3 S1,1.0,4.0200000000000005,34,P-1
NEMJUO,C15 H12 N2 O1,1.0,5.19,30,P21/c
ECEWUE,C21 H28 O2,1.0,5.49,51,P-1
BOKJAQ,C21 H26 N2 O4 Si1,1.0,3.54,54,P212121
KITBEX,C32 H20 Br2 O2,0.5,4.6,56,Aba2
UKOQUK,C28 H24 O7 S2,1.0,3.46,61,P-1
UCOHAZ,"C16 H24 N6 O8,H2 O1",1.0,5.11,54,P21/c
NOZCIQ,C10 H13 N3 O2,1.0,5.87,28,P21/c
VUCXOH,"C6 H8 N1 O1 1+,Cl1 O4 1-",1.0,1.96,16,P21
QUCPAJ,C27 H30 O4,1.0,3.8699999999999997,61,P212121
XIMJOT,C9 H15 N3 O3,0.33,3.45,30,R-3
NIXPET,C23 H19 F3 N2 Se1,1.0,6.08,48,P-1
UZOLUU,C23 H17 F2 N1 O5 S2,1.0,3.2199999999999998,50,P-1
IZUCEP,"C15 H9 O5 1-,C4 H12 N5 1+,2(H2 O1)",1.0,5.08,29,P-1
XITHEP01,C18 H10 O4,1.0,3.7699999999999996,32,P212121
SUMLOD,"C16 H22 O7,0.13(H2 O1)",1.0,3.0700000000000003,45,P212121
XIGNUX01,"C20 H24 O6 Rb1 1+,I3 1-",2.0,4.87,51,P21/n
GIHCIL,"C20 H30 O5,C8 H8 O4",1.0,4.01,55,P21
RIZCIN,C16 H14 O4,1.0,4.5600000000000005,34,P21/c
NEDQIW,C24 H30 O8,2.0,5.07,62,P-1
CIYNOR,C32 H8 B2 F20,1.0,5.59,62,P21/c
XILPUD,C16 H14 N4,0.5,3.8200000000000003,34,Pbca
NARYAI,C15 H6 Cl1 F3 N2 O1 Se1,1.0,4.98,29,I41/a
LIMHIZ,C27 H21 Cl1 N2,2.0,6.8,51,P212121
IPACAH,C32 H26 B1 N1 O1,1.0,5.9799999999999995,61,Pna21
QUZNIJ,C12 H10 N2 O2 S1,1.0,4.8100000000000005,27,P21/c
CAYYUW,C23 H19 N2 O3 P1,1.0,3.5,48,P-1
MUSZIM,"3(H1 B1 O3 2-),3(H1 O1 1-),5(Sr1 2+),F1 1-",0.5,3.8,5,P21/m
LILXAJ,C23 H16 F1 N1 O1,1.0,2.9899999999999998,42,Pna21
DOQWEN02,C13 H12 N2 O3,1.0,3.49,30,P212121
KEPGAO,C10 H10 N2 O2,1.0,4.24,24,P21/c
FITZIS02,C15 H22 O2,2.0,3.9699999999999998,39,P43212
VOJNIU,"C18 H21 F1 N2 O2,H2 O1",1.0,4.05,44,P21/c
SECXOQ,"C4 H4 I1 N1 O2,C6 H4 N2",1.0,2.13,12,C2/c
WISNAN04,"2(C10 H9 N2 1+),C10 H4 O8 2-",0.5,3.39,22,P-1
IVOQAO,"C12 H14 F2 N1 O3 1+,H2 O1,Cl1 1-",2.0,4.42,32,P21
INAGEN,C28 H18 F2 N2,1.0,4.09,50,P-1
VIPNOX,"C9 H18 N1 1+,Cl1 1-",1.0,3.3000000000000003,28,P-1
UHAZEI,C22 H16 N2,1.0,4.9,40,P21/c
EVECIV,C10 H18 N4 O2,1.0,6.01,34,P21/n
KETZUI,C10 H6 N8 O8,2.0,6.4799999999999995,32,P-1
GAQDEH,C13 H25 N4 O5 P1,2.0,4.23,48,P-1
JINQUW,"C20 H12 N2 O2 S2,2(C2 H6 O1 S1)",0.5,2.6100000000000003,38,P21/c
PTRPHE15,C18 H15 P1,1.0,5.050000000000001,34,P21/c
UHEMIH,C28 H23 N1 O1 S2,1.0,6.77,55,I41cd
XENSUF,C12 H10 O3,2.0,6.6000000000000005,25,P-1
SEQHAX,C18 H20 N2 O1,1.0,4.3,41,P21/n
WUBDAY01,C14 H16 N2 O6,1.0,4.23,38,C2/c
VUYZOI,"C6 H6 N2 O3,2(C6 F4 I2)",1.0,2.46,17,P-1
XIVHET,C29 H31 Br1,1.0,6.05,61,P21
TUVWUD,C12 H7 F3 O2,2.0,5.03,24,P21/c
FAPYAW,C14 H29 B3 N4 S2 Si2,1.0,4.6000000000000005,54,P212121
QEQZAR,C6 H3 N5,1.0,4.72,14,C2/c
YEYVED,C10 H9 N1 O3 S4,2.0,5.5,27,P-1
DOMSUT,C13 H9 N1 O5,1.0,3.9,28,P-1
DILKUH,C23 H15 F3 N2,1.0,4.31,43,P21/c
XUJPEZ01,C28 H14 N4,0.5,4.109999999999999,46,C2/c
FUSXOK,"C2 H5 F3 N1 1+,N5 1-",1.0,5.18,11,P-1
HAXQEG,C16 H13 N1 O4,1.0,4.72,34,C2/c
YOZDAW,"C14 H28 N2 2+,2(B1 F4 1-)",0.5,3.5900000000000003,44,P21/c
BEDCUK,C20 H28 O6 S2,2.0,3.81,56,P21
BIBNIL,C18 H20 O2,1.0,2.54,40,P212121
JIDXED,C10 H14 O2,1.0,3.3000000000000003,26,P21/n
QAKVII,"C7 H13 N2 O1 1+,C24 H20 B1 1-",1.0,4.03,45,P-1
CABNIE,"C14 H8 O4 S2 2-,2(C5 H7 N2 1+),2(H2 O1)",0.5,3.94,28,C2/c
OZASAN,C9 H9 I1 N2 O2,1.0,2.09,23,Ccca
SAWTUG01,C15 H10 Br1 N3,1.0,1.5699999999999998,29,Pna21
TEDZIO,C23 H31 N1 O7,1.0,2.58,62,P21
BISFAN,C13 H9 Br1 N2 O1,1.0,2.5100000000000002,26,P21/c
EQADOS,C16 H15 N1 O2,1.0,3.6700000000000004,34,P21/n
XAHYUD,C26 H34 Si4,1.0,4.99,64,P21/n
DEQGAK,"C7 H9 Cl1 N3 O4 S2 1+,C6 H4 N1 O2 1-",1.0,5.33,26,P212121
CEWZOX,"C7 H8 O3,C8 H12 N2,C7 H10 N2",1.0,5.319999999999999,22,P-1
EXUFOS,"C21 H24 F1 N2 O2 1+,Cl1 1-,C3 H8 O1",1.0,2.47,50,P21
CLANIC05,C6 H6 Cl1 N1,0.5,2.6,14,Pnma
DULHAU,C17 H15 N3 S2,1.0,2.82,37,P21/c
APISOI,"C25 H22 N3 O1 1+,Br1 1-",1.0,3.75,51,C2/c
FATJOD,C31 H28 O1,2.0,6.619999999999999,60,P21
VUZBUQ,C29 H25 N3 O1,1.0,4.63,58,P21/n
KABQIS,C21 H26 B2 O5,1.0,4.41,54,P212121
JOQSAM,C23 H18 O3,1.0,5.8999999999999995,44,Pna21
YEBJAU,C26 H23 B1 N2 O2,1.0,4.3,54,Pca21
VEYYII,C9 H10 O3,1.0,5.15,22,P21/c
SENJIF02,"C20 H24 Cl1 N3 O1 2+,2(H2 O1),2(Cl1 1-)",1.0,4.37,49,P21/n
GALJEJ,C20 H21 N3 Se1,1.0,2.74,45,C2/c
WONLIV,C16 H18 N2 O3,1.0,3.17,39,P32
XASWIY,C24 H30 N2 O5,1.0,4.15,61,P21/n
DELDEG,C26 H27 N3 O4 S1,1.0,3.42,61,P32
HPXPSA,"C14 H12 O3 P1 S1 1-,C4 H12 N1 1+,H2 O1",1.0,5.6000000000000005,31,P21/c
NANVII,C19 H28 N2 O5,1.0,6.78,54,P212121
LABVES,C27 H22 O6,1.0,4.43,55,P-1
XUTPEL,"C27 H21 O2 P1,C1 H1 Cl3",1.0,5.45,51,P-1
DIPYOQ,C27 H24 N2 O5,1.0,4.73,58,P21/c
IZUWOQ,C17 H20 O2 S1,1.0,4.0600000000000005,40,P21/c
TUQMUR,C12 H11 Cl1 O2,1.0,3.3099999999999996,26,C2
HELJUF,"C14 H6 O8 S2 2-,2(C1 H6 N3 1+),H2 O1",1.0,4.23,30,P21/c
YIKQUG,"C6 H2 Br2 O4,C6 H6 Br1 N1",1.0,3.93,14,P21/c
CONZOV,C23 H19 Cl2 N3 O1,1.0,5.14,48,P21/c
ZOZWUG,C12 H13 Cl1 N4 O5,1.0,3.97,35,P21/c
ABACUG,C17 H15 F3 N2 O2 S1,1.0,3.44,40,Fdd2
KAQFEP,C23 H25 N1 O5,1.0,3.36,54,P212121
SUFDEE,C16 H17 N1 O2 S1,1.0,3.61,37,P21/n
NAYBEV,C14 H15 N1 O1 S6,1.0,5.83,37,P212121
DEFVET,C29 H22 Cl1 N3 O2 S1,1.0,3.73,58,P21/n
LOKBAO,C18 H15 F3 O4 S1,1.0,4.1,41,Pbca
KOWFIP,C30 H12 F9 N3 O3,1.0,5.62,57,P21
YETCIN,C23 H23 Br1 O5,1.0,5.0200000000000005,52,P21/n
WUJXIJ,C24 H20 O2,1.0,5.2,46,Fdd2
KECHIJ01,C3 H6 N2 O1 S1,2.0,4.3115,13,P-1
FOYVIC,C15 H15 O2 P1,2.0,3.27,33,P21
KOMLUU,C20 H27 N1 O3 S1,1.0,5.4,52,P21/c
CIXPOR,C10 H8 Cl2 O4,1.0,3.88,24,P21/a
LINCOM03,"C18 H35 N2 O6 S1 1+,H2 O1,Cl1 1-",1.0,2.63,62,P21212
HOHCOW,C24 H2 B2 F20,1.0,5.84,48,C2/c
BUQNUY,C22 H22 O1,1.0,5.0200000000000005,45,P-1
KOWKUE,C15 H10 O3 S2,2.0,4.88,30,P21/c
QIBREY,C14 H13 Cl1 O2 S1,1.0,5.91,31,P21/n
TATJOP,C24 H24 N3 O3 P1,1.0,3.7800000000000002,55,P21/c
BADVIO,C15 H16 N4 O4 S1,1.0,4.4799999999999995,40,P212121
MOBDAJ,C15 H11 Cl1 O3,1.0,4.0,30,P212121
GEQYOR,"C2 H1 N2 O2 1-,Cs1 1+",1.0,2.34,7,P212121
LELGUG,C28 H21 Br1 N2 O3,1.0,4.15,55,P212121
UCEPAU,C6 Cl3 I3,1.0,2.85,12,P-1
NACMOT,C16 H14 N1 O1 P1 S1,2.0,5.5,34,P21/c
YOCNEN,C21 H21 N1 O4,1.0,4.44,47,P-1
NISBEA,C31 H19 N1 O3,1.0,4.44,54,P-1
QAQLUP,C13 H28 N2 O3 Si1,1.0,5.63,47,P212121
GATZAD,C9 H11 Br1 N2 O3,1.0,3.66,26,P21/c
BULKEA,"C10 H8 N4,C6 F4 I2",0.5,3.53,22,P-1
QECGOY,C3 H6 B1 F3 O3,1.0,2.5,16,P21/n
AYISUA,C23 H19 Br1 N2 O3,2.0,3.6999999999999997,48,I2
DISDER,C21 H20 N2 O2,1.0,4.760000000000001,45,P21/c
NULVEW,C7 H5 Br2 N1 S1,1.0,4.58,16,P21/c
GAPMOA,C22 H23 N1 O4 S1,1.0,3.41,51,P21/c
WUFSUO,C21 H22 O3,2.0,2.69,46,P212121
TAHPIB,C6 H5 Cl3 O5,1.0,3.3000000000000003,19,P21/c
OMULAK,C20 H26 O4,1.0,3.3200000000000003,50,P21
NEQSIO,C17 H14 O3,1.0,5.48,34,P21/c
DOTNUW,C18 H20 O2,2.0,4.8,40,P21/c
TOVKEY,C16 H17 Cl1 O1,1.0,3.16,35,P212121
UWEZIJ,C25 H23 I1 N2 O4 S1,1.0,4.55,56,P21/c
UMOKUF,"C19 H23 N2 O2 1+,H2 O1,Cl1 1-",1.0,3.7900000000000005,46,P212121
JUKSEN,C14 H18 O2,1.0,5.47,34,Pbca
JOYCUV,C15 H20 O2,1.0,6.5200000000000005,37,P21
FEXHAV,"C1 H2 N7 O2 1-,H5 N2 1+",2.0,3.1199999999999997,12,P21
FOLTEF,C17 H24 O5,1.0,5.72,46,P21/c
IYOREU,C17 H21 I1 N4 O2,2.0,2.83,45,P21
WEVXIF,C22 H18 N1 O1 P1,1.0,5.37,43,P21/c
TMTOLP11,C21 H21 P1,1.0,4.47,43,Pbca
IDUQEE,C11 H8 N2 O2 S1,1.0,4.0,24,Pbca
QIJYEN,C6 H13 N1 O5,1.0,3.0,25,P21/n
ZUNVEN,C11 H10 N2 O4 S1,2.0,4.95,28,C2
LAGXUM,C16 H18 O5,1.0,5.01,39,Pca21
WOQFUG,C17 H18 Br1 N1 O1,1.0,3.51,38,P21/c
CRBZOL13,C12 H9 N1,0.5,5.79,22,Pnma
SILSAI,C23 H24 N2 O2,0.5,3.79,51,Pmn21
XEBPID,"C8 H20 N1 1+,C7 H5 O2 1-,C1 H4 N2 S1",1.0,4.92,29,P212121
LOLQAF,C18 H36 N5 O3 P1,1.0,4.2,63,P21/c
IFOKUM,C20 H18 N2 O2 S2,1.0,3.2099999999999995,44,C2/c
DUZDUX,C18 H18 N2 O2,1.0,5.2,40,P22121
POGWAN,C11 H7 F1 N2 O1 S1,1.0,5.21,23,P21/c
YOBHII,C15 H25 N1 O6,1.0,3.26,47,P21
VETFOS,C15 H13 N1 O3,1.0,5.47,32,P21/c
LULQIV,"C14 H10 Cl2 N1 O2 1-,C5 H7 N2 1+",1.0,4.65,29,P21/c
PIRNOW,C21 H20 O3,1.0,4.87,44,P21/c
QULCIM01,C18 H14,1.5,4.38,32,P21/c
EMOBIS,C18 H14 O1,1.0,4.48,33,P21/c
ROKLIN,C16 H11 F3 O4 S1,1.0,5.67,35,P21/c
IZUQUS,C28 H24 O4 S1 Se1,1.0,3.49,58,P-1
BUVFAA,C20 H17 Br1 F1 N1 O2,2.0,5.0,42,P-1
IHOWUZ,C13 H10 N2 O1,1.0,4.75,26,P21/c
REJLIF,C10 H10 N2 O1,1.0,4.9799999999999995,23,P21/c
UTOMUM,"C13 H19 F1 N1 O1 1+,C11 H13 Cl1 O4 P1 1-",1.0,4.48,35,P21
GIPRUT,C24 H25 I1 Te1,1.0,3.5,51,P21/n
WIGNOR,C16 H25 Cl2 N1,1.0,4.8500000000000005,44,P212121
JENZAG,C13 H8 N2 O3,1.0,5.220000000000001,26,Cc
FATWII,C22 H21 N1 O4 S1 Si1,1.0,4.72,50,P21/c
MIPHIF,C17 H21 N1 O1,1.0,5.390000000000001,40,Pbca
VINJOR,C8 H4 N4 Se4,1.0,6.2,20,P21/n
BBZCPO03,C19 H18 O1,1.0,6.11,38,Pbca
JOFKOI,C19 H17 N1 O4,1.0,3.61,41,C2/c
ASUPUB,"C14 H26 N6 O2 2+,2(F6 P1 1-),H2 O1",1.0,4.89,48,P-1
XAJNOM,C16 H14 Cl1 N3 O1,1.0,5.11,35,P212121
QAXVAP,C16 H25 N1 O2,1.0,3.7900000000000005,44,P21
CRBAMP30,"C1 H4 N2 O1,H3 O4 P1",1.0,3.48,8,Pbca
CEYZAI,C22 H24 N2 O7,1.0,5.3500000000000005,55,P-1
TEZKOB,C12 H6 F4 N2,1.0,4.82,24,Pna21
LUMVIZ01,C12 H18,1.0,5.55,30,P21/c
YECJAS,"C12 H8 N4 O1,C10 H10 O6",1.0,3.74,26,P-1
QUCXAP,C19 H23 B1 Br1 N1,1.0,3.64,45,P21/c
ETEZUY,C20 H23 N5,1.0,4.8500000000000005,48,P21/c
KABJED,C6 H6 N4 O2 S1,1.0,5.42,19,P21/n
EROMAB,C8 H15 N1 O3,1.0,3.6799999999999997,27,Pbca
YEWZOQ,C12 H18 N2 O2,1.0,6.5,34,P21/a
UKUCAE,C18 H19 N1 O3 S1,1.0,3.38,42,P212121
POGBEU,C17 H14 N2 O1,1.0,5.09,34,R-3
KEDJEI01,C17 H13 N1 O2,2.0,4.93,33,P21/n
RASTAJ,C21 H30 N4 O1,1.0,4.72,56,P21/c
ETONAC,C13 H13 N1 O3 S1,1.0,5.5,31,P21
VUZZUM,"C26 H28 I1 N1 O4,H2 O1",1.0,3.6,60,P21
RUFLOV,C11 H11 Cl1 O1,1.0,3.02,24,P212121
UWABIH,C15 H14,1.0,2.6100000000000003,29,Cc
ZUDCUW,C12 H11 F3 O2,1.0,5.13,28,P21/n
PUMFAG,C16 H18 O3,1.0,4.9799999999999995,37,P21
KISLIL,C21 H24 N2 O5 S1,1.0,6.09,53,P21/c
REJKAV,"C10 H12 N3 1+,C7 H4 N1 O5 1-",1.0,5.9799999999999995,25,P21/c
GIBZUQ,C18 H6 B1 F9 O3,2.0,3.56,37,P21/n
SIQWUM,C8 H15 N1 O7,1.0,3.45,31,P21
PEBZEB,C20 H26 O8,1.0,4.14,54,P-1
BUWJIQ,C22 H16 F9 N1,1.0,5.12,48,P-1
TORFUF,C14 H14 Cl1 N1 O1,1.0,3.4099999999999997,31,P21/c
VIHBEW,C22 H24 N2 O3 S1,1.0,3.0,52,P-1
NEWJAC,C27 H23 Br1 N2 O2,1.0,5.99,55,P212121
QAJQAV02,C6 H5 N5,1.0,3.46,16,P21/n
MEHKOZ,"C10 H13 I1 O4 S1,C1 H2 Cl2",1.0,3.45,29,C2/c
QINTUF,C13 H11 N3 O2,1.0,3.5700000000000003,29,P21/c
JODJES,C12 H15 N1 O4,1.0,4.03,32,P-1
GUZFIS,C28 H31 N1 O2,1.0,4.19,62,P21
WAKKUP,C25 H26 B1 N1 O2,1.0,5.46,55,P21/n
OBIREX,C15 H18 O5,1.0,4.24,38,P212121
ASIMIZ,C24 H27 N1 O5,1.0,5.92,57,P21
ZEVQOG,C11 H16 O6 S1,1.0,7.22,34,P212121
MEPMAY,"C14 H22 Ca1 N8 O8,2(C7 H8 N4 O2)",0.5,4.72,53,P-1
RISDAB,"C14 H14 Br2 N1 O1 1+,C6 H2 N3 O7 1-",1.0,5.57,32,P-1
MUGCAS,C20 H21 N1 O4 S1,1.0,5.3100000000000005,47,P21
ROYYIP,C25 H32 Cl1 O2 P1,1.0,6.29,61,P212121
QAHFUE,C34 H26 N2,0.5,4.64,62,C2/c
POZKUN,"C23 H21 N4 O2 1+,Cl1 1-",1.0,3.37,50,P-1
DELPIU,C16 H28 N6,1.0,4.7,50,P21/c
SIXNAQ,C8 H2 Cl2 N6 O2,1.0,3.8899999999999997,20,P21/c
JUGVOZ01,"C7 H9 N2 O2 1+,H2 O4 P1 1-",2.0,4.36,20,P1121
CONZUA10,C17 H14 O5,1.0,5.2,36,P21/n
BAHZUK,C10 H24 B20 F2,0.5,6.4799999999999995,56,P21/c
OZEZAV,C31 H25 P1,1.0,4.55,57,P21/c
TIWHAI,C17 H21 N1 O1,1.0,5.0,40,P212121
YIFNIN,C20 H30 O3,2.0,6.41,53,P21
DPDBCB,C30 H24 O2,1.0,5.7,56,P21/c
DIHFIK,C22 H19 N1 O6,1.0,6.74,48,P-1
GIKQEZ03,"C12 H8 N2,C6 Br2 F4",0.5,2.94,22,P21/c
DARVEX,C26 H36 N2,0.5,6.13,64,P21/c
MOXSOI01,"C20 H13 F3 N4 O2 S1,0.5(C4 H6 O4)",2.0,4.72,43,P-1
OJAPAR,C24 H24 N2 O1,1.0,5.88,51,C2/c
VEQPEN,C14 H10 F13 I1 O2,2.0,5.4,40,P21
CICSAJ,C16 H13 Br1 O2,2.0,3.37,32,P-1
GUGTOU01,C9 H9 N3 O5,1.0,3.7800000000000002,26,P212121
ENIGOY,C14 H10 N2 O1,2.0,5.83,27,P21
QIWWIG,C26 H20 O3,1.0,4.65,49,P21/c
GUQXIB,C16 H13 N1 O4,1.0,3.5999999999999996,34,C2/c
IDOQOI,C13 H8 Cl3 N3 O1,1.0,3.9,28,P21/c
SAYKUZ,C24 H18 I2,1.0,4.66,44,P21/n
LARSEC,C10 H28 Si3,1.0,4.6000000000000005,41,P21/c
GUTNOY,"2(C7 H5 N1 O5),C4 H8 O2",0.5,3.43,18,P21/c
IVIZAQ,C12 H15 N1 O2,1.0,3.44,30,P212121
VAPMEF,C10 H20 O6,1.0,4.79,36,Pbca
UWONIH02,C8 H10 N4 O2,1.0,3.7800000000000002,24,P21/c
EDARUZ,C16 H15 F2 N3 O1,1.0,5.92,37,P21/c
HODBIO,C18 H11 F3 O4,1.0,6.77,36,P-1
MEGJAJ,C12 H26 O3,1.0,4.53,41,P-1
CIHCUR03,C14 H11 N1 O2,0.5,2.83,28,Iba2
MENPAW,"C11 H12 N1 S1 1+,Cl1 O4 1-",1.0,4.19,25,P21/c
UJABUG,C27 H25 N1 O5,1.0,6.03,58,Pca21
NILREJ,C30 H22,1.0,4.17,52,P2/c
NENYAK04,"C14 H14 N4,C14 H10 O4",0.5,5.04,32,P21/n
HERSEG,C15 H14 O3,1.0,2.48,32,P212121
BIGMUC,"C14 H26 N2 O4 2+,2(Br1 1-)",1.0,2.26,46,P21
GABTAH,C24 H20 F1 N1 O1,1.0,4.93,47,P21/n
VOQXOP02,C14 H10 N2 O1 S1,1.0,3.5999999999999996,28,Pbca
EYAWEH,C14 H14 N4 S1,1.0,4.0,33,P21/c
GACFAR,C19 H14 O2,1.0,4.4,35,P-1
EYIZER01,C25 H24 O8,1.0,4.15,57,P21
YAVZUS,C14 H15 F1 O3 S1,1.0,5.09,34,P-1
ANUQIK,C22 H15 Br1 O1,1.0,3.44,39,P21/n
NALGUC,"C9 H19 N4 1+,I7 1-",1.0,4.2700000000000005,32,P-1
HEGWEV,"2(C5 H7 N2 1+),2(C18 H13 O8 1-),C18 H14 O8,2(H2 O1)",0.5,5.8,40,C2
PUKDEH,C4 H2 Cl2 N4 O2,2.0,4.18,14,P21/c
LUQCOT,"C24 H18 Br1 N3 O2,0.5(C1 H2 Cl2)",2.0,3.88,48,P212121
OGENUJ,"C26 H21 N1 O1,0.5(C8 H10)",1.0,6.28,49,P-1
HUFRAC,C10 H19 N1 O2,2.0,4.2,32,P212121
JILCUG,C15 H18 N2 O3,0.5,4.29,38,P21/m
DIFPAK,"C20 H14 N2,C12 H8 O4",1.0,5.3,36,C2/c
FOMZIR,"C21 H18 N6 S3,H2 O1",1.0,3.25,48,P-1
AJORID,C21 H12 Cl2 O1 S2,1.0,3.6900000000000004,38,P-1
GAGJEI,C16 H10 F1 N1 O1,2.0,5.13,29,P-1
LOWTOI,C17 H19 N1 O1,1.0,3.49,38,P21
UDANOD,C25 H21 Cl1 N4 O6,1.0,4.78,57,P-1
ADELOX10,"C22 H30 N1 O5 1+,C2 H1 O4 1-",1.0,4.28,58,C2/c
INACIL,C26 H29 O2 P1,1.0,4.29,58,P-1
SACSIY,C11 H14 O3,1.0,5.0,28,P21/c
ENIRAX,C26 H23 Cl1 N2 O3,2.0,2.76,55,I2
ISAFIT01,C10 H10 Br1 N1 O2 Se1,1.0,3.9,25,P21/n
AMBNAC14,C7 H7 N1 O2,1.0,3.39,17,Pn
IMIHOD,C10 H6 Cl1 N1 O1 S2,1.0,5.91,21,P-1
LAGKUD02,C13 H6 F5 N1,2.0,4.82,25,P1
TIYQOL,C17 H14 O3,0.5,2.94,34,C2/c
QUGTOB,C15 H26 N1 O2 P1 S2 Te1,1.0,3.5100000000000002,48,P-1
VIDSAF,C11 H9 N1 O3,1.0,3.95,24,C2/c
KAZHUR,C17 H26 N2 O4 Se1,1.0,4.02,50,P-1
BEKCUP,C14 H10 N4 O2 S1,1.0,6.7,31,P21/n
PUJDIL,C22 H26 N4,1.0,5.800000000000001,52,P21/n
LEZQEQ,C23 H20 N2 O3 S1,1.0,4.279999999999999,49,P-1
FACLOP,C11 H12 F3 N1 O1,1.0,3.6999999999999997,28,Cc
PHACRD,C19 H13 N1 O1,1.0,3.7,34,P-1
FOGWED,C14 H13 N7 O2,1.0,6.3,36,P21/c
IRESUV,"C8 H5 N1 O6,2(C7 H8 N2 O1)",1.0,5.2,20,P-1
EHIJUD,C16 H23 Cl1 N2 O3,1.0,3.8699999999999997,45,P21
DUWFUX,C15 H17 N1 O4,1.0,3.79,37,P21/c
XICRAF01,C29 H15 F6 P1,1.0,6.16,51,P21/n
IDEXIY,C12 H6 F6 Te1,0.5,1.74,25,I41/acd
YUBWAV01,C13 H13 N1 O1,1.0,6.660000000000001,28,P21/n
RICKEV,C20 H15 N1 O3,1.0,4.58,39,P21/c
QOYRUR,C16 H15 N1 O1,2.0,4.75,33,P212121
QEVSUG,"C9 H11 N1 O2,0.5(H2 O1)",2.0,4.65,23,C2/c
EWEDIU,C23 H33 N3 O3 S1,2.0,6.73,63,P-1
CMACPE,C19 H22 Cl1 N3 O2,1.0,5.5,47,A2/a
QAVVOA,C29 H29 N3 O2,1.0,5.55,63,P21
HUXTIF,"C25 H21 N2 1+,F6 P1 1-",0.5,5.48,48,P4322
JOFKUO,C19 H17 Cl1 O2,1.0,5.42,39,P21
ZIVLOH,C20 H26 O8,1.0,3.82,54,P212121
UNUXOS,C9 H7 N5 O3,1.0,6.959999999999999,24,P21/n
AJULAS,C20 H16 N2,0.5,3.65,38,P43212
PERROT,C6 H14 F3 N1 Si1,1.0,3.7,25,P21/n
PIDKOE,"C16 H14 N3 O3 1+,C2 F3 O2 1-",1.0,5.609999999999999,36,P21/n
FEYHIE,"C6 H11 N2 1+,C3 F6 N1 O4 S2 1-",2.0,3.56,19,P-1
SAGGAL,C19 H16 Br1 N1 O1,1.0,3.29,38,P21/c
GEYTUC,"C20 H22 N1 O2 1+,2(H2 O1),Br1 1-",1.0,3.45,45,P21/c
APEJEM,C14 H15 N3 O2,1.0,4.91,34,P21/n
MIXQIT,C13 H10 N2 O1 S1,1.0,5.6000000000000005,27,Pbca
PICCOX,C18 H12 B1 I1 S1,1.0,2.64,33,P21/n
YELXUJ,C14 H12 N2,1.0,3.63,28,P212121
DXYLEN19,C16 H16,0.25,3.95,32,P-4n2
QAKHAO,C23 H17 N1 O2 S1,1.0,6.2700000000000005,44,P212121
LETJAZ,"C14 H17 I1 N1 O4 1+,C7 H7 O3 S1 1-",1.0,5.7700000000000005,37,P-1
DUDZAG02,C23 H21 N1 O3,2.0,3.93,48,P21
JORHIK,"C6 H12 O5 Xe1,C3 H6 O4 Xe1,3(C3 H6 O1)",1.0,3.42,24,Pbca
VITBEG,C2 H4 N6 O2,2.0,2.97,14,P212121
HIDSAQ,"C24 H26 O2,C6 H4 Cl2",2.0,7.12,52,P-1
NECWEB,C14 H16 B10 F4,1.0,3.95,44,Pna21
ACAXIP,C32 H21 N3 O1 S1,1.0,4.49,58,P21/n
LUMTOC,C13 H9 N5 O4 S1,1.0,4.5600000000000005,32,P21/n
IWAFOF,C26 H27 N1 O3 S1 Si1,2.0,3.58,59,P21
PUYFAR,C35 H23 B1 N2 O2,1.0,5.3100000000000005,63,P21/n
JUXNUO,C14 H7 Br1 N2 S1,1.0,3.17,25,P21/n
BEBREH,C10 H17 N5 S1,1.0,3.13,33,Pccn
MIZCUV,C16 H12 N2,0.5,4.9799999999999995,30,P21/c
XOHDEF,C8 H9 N3 O1,1.0,2.76,21,P21/c
NESSEM,C19 H25 Cl1 N2 O4,1.0,5.779999999999999,51,P-1
NUWLUP,C25 H27 N1 O2,2.0,3.4799999999999995,55,P21
AJEFAZ,C19 H17 N1 O1,1.0,2.63,38,P21
BITYEL,C13 H12 Cl1 N3 O1,2.0,4.93,30,P-1
PAWMUX,"C19 H16 N2 O3 S1,C2 H6 O1",1.0,5.43,41,P21/n
KUBXUB,"C8 H17 B10 N1 O1,0.5(C4 H8 O2)",1.0,4.8,37,P21/c
TAQSAI,C9 H4 I2 N2 O2,1.0,2.01,19,P-1
WATDUR01,"C6 H5 N7,H2 O1",1.0,4.79,18,P-1
ZIPXOP,C14 H9 B1 Cl1 F2 N1 O1,1.0,3.9899999999999998,29,P21/c
YUJJEU,"C10 H18 N1 1+,C1 F3 O3 S1 1-",1.0,5.3,29,P21/c
LUMSIY,C18 H12 Br1 F3 N2 O2,1.0,4.63,38,P21/n
ZOMWED,"C24 H20 P1 1+,2(C2 I2),Br1 1-",0.25,3.9,45,P-421m
NIWXAW,"C7 H8 N1 O2 1+,Br3 1-,0.5(Br2)",1.0,4.73,18,P-1
DUMRIQ,C18 H18 O4,1.0,6.329999999999999,40,P-1
LEXWOD,C19 H20 O3,1.0,3.06,42,I4
RACJUE,"2(C17 H20 N4 S1),C8 H10,C6 H6 O2,4(H2 O1)",0.5,3.29,42,C2/c
QIMPUB,C16 H16 O2,1.0,4.63,34,Pbca
QURBEN,C24 H18 Cl1 N1 O1,1.0,7.06,45,P21/c
KULWOE,C14 H11 F1 N2 O2,1.0,3.86,30,Pna21
XIPLOY,C20 H17 N1,2.0,6.5,38,P-1
ZIFLAE,C25 H28 O1,1.0,2.8899999999999997,54,P212121
ROWWEI,C13 H11 N3 O3,1.0,3.7699999999999996,30,Pna21
ETACIP,C24 H16 F1 N1 O2 S2,1.0,6.1899999999999995,46,P21/c
VIRFOV,C20 H18 N1 O4 P1,1.0,3.26,44,P21/n
YUFMAN,"C4 H12 N1 O3 1+,C5 H8 N1 O2 S2 1-",1.0,4.2,20,P21/c
HUJQOU,C15 H14 O2 Te1,1.0,5.24,32,Pbca
BOMFOA,C12 H15 N1 O3,2.0,4.68,31,Pn
ZIVBAL,C16 H15 I1 O6 S1,1.0,2.08,39,P21212
HUCCAJ,C10 H16 Cl2 N4 S2 Te1,2.0,4.0600000000000005,35,P21/c
AJOHUF,"C15 H16 N2 O2,0.5(C6 F4 I2)",1.0,3.45,35,P21/n
HAVVIL,C20 H18 N2 O4 S1,1.0,3.04,45,P212121
ZEWKOF,C30 H14 Cl8 N1,1.0,6.419999999999999,53,P21/c
WUMPED,C21 H34 B1 Br1 N2 Si1,1.0,6.329999999999999,60,P21/c
CESZIK,C31 H27 N1 O1,2.0,5.38,60,P1
MUTXAE,C14 H11 N3 O3,1.0,5.93,31,P21/n
KOJFAT,"2(C6 H9 N2 1+),C8 H4 O4 2-,2(H2 O1)",0.5,4.73,17,P21/n
RENSEK,C16 H20 N2 O3,1.0,3.29,41,P21/n
UXUDID,C26 H32 N2 O2,1.0,5.220000000000001,62,P212121
IDUKOI01,C18 H17 Cl1 O4,1.0,4.35,40,P42/n
ICANAB,C8 H8 Br1 N1 O1,1.0,2.4,19,Pna21
XABSEZ,C23 H19 N2 O6 P1,1.0,3.54,51,P21/n
MIWXUP,"C19 H20 N2 O1,C1 H4 O1",1.0,4.66,42,P21/c
PEVXET,C6 H4 N2 O1,2.0,4.3,13,P21/c
DEMZUU,C15 H10 Br1 N3,1.0,4.22,29,P21/n
QOSHAK,C19 H19 N3 O3,1.0,4.31,44,C2
XOYHOK,C27 H26 Br1 N1 O5,2.0,6.4799999999999995,60,P21/c
LACFON,"C5 H8 N4 O1,H2 O1",1.0,3.9899999999999998,18,P21/n
ZECYAH,"3(C12 H17 N3 O7 S1),4(H2 O1)",1.0,7.07,40,P212121
QOFZIW,C17 H15 N1,1.0,4.52,33,P21/c
JACFIH,"C19 H40 N1 O2 1+,Cl1 1-",1.0,6.52,62,C2
UJEXAK,C20 H25 N1 O3 S1,1.0,4.3999999999999995,50,P-1
ICOGIQ,C12 H18 O2 S1,2.0,6.8,33,P-1
LUNZEZ,"C4 H4 N2,2(C7 H14 O2)",0.5,4.36,23,P-1
COBGAE,C18 H21 Br1 O4,1.0,2.39,44,P21/n
UWOZUE,"C11 H26 N2 2+,H2 O1,2(Cl1 1-)",1.0,2.6,39,P21
QEKJAU,C28 H21 Br1 N4 S1,2.0,7.140000000000001,55,P21
BIXMUS,"C6 H6 N1 O2 1+,C4 H1 O4 1-,H2 O1",1.0,4.21,15,P-1
MIXYOI03,C10 H10 N4 S1,2.0,3.62,25,P-1
HUFZAJ,C13 H19 N1 O2,1.0,7.1000000000000005,35,P21/a
KURPAS,C24 H21 N3 O3,1.0,5.07,51,P21/n
PONGIK,C32 H24 N2 O2,1.0,6.59,60,P21/c
MASJEY,C12 H10 Br2 N2 S2,1.0,5.48,28,P21/c
GIFWOJ,C11 H8 Br1 N3 O1,1.0,2.37,24,P-1
NILZER,C22 H21 N1 O4,1.0,4.21,48,P21/c
WUPDUI,C12 H15 F1 N6 O4,1.0,4.5,38,P43
BABZOU,C26 H30 N1 O1,1.0,4.7,58,Pbca
IPEPAX,C18 H15 N1 O3,1.0,6.61,37,Pbca
KEKDIQ,C26 H21 N1 O2,1.0,6.569999999999999,50,P-1
QIQXIX,C11 H24 N2 O1,1.0,4.5,38,P21/c
YIZDAM,C11 H14 N4 O8,1.0,6.83,37,P-1
BAPYUO,C29 H24 O3,1.0,4.59,56,P21/c
KEZSIT,C17 H30 O4,1.0,6.4399999999999995,51,Pbca
MUWMOK,C16 H8 Br4,1.0,2.44,28,P-1
EWIRIP,"C26 H32 N1 Si1 1+,0.5(C2 H3 N1),Cl1 1-",2.0,3.88,60,P21/n
YIZTIK,C13 H9 N3,1.0,3.8000000000000003,25,P21/c
VAWFUX,C11 H8 N2,1.0,4.2,21,Ia
OXALDH42,"C2 H2 O4,2(H2 O1)",0.5,2.53,8,P21/c
KIPLIG,C24 H29 N5 O3,1.0,5.800000000000001,61,P212121
XIZBIV,"C19 H24 N1 O1 1+,C8 H7 O3 1-",1.0,4.55,45,P21
DOKXAF,"C12 H16 S5 2+,2(C1 F3 O3 S1 1-)",1.0,3.17,33,P-1
LUVSEE,C24 H22 O3,1.0,7.46,49,P21/n
XEDMOM,C21 H16 O4,1.0,2.34,41,P212121
ACOKEI,C7 Br1 F4 N1,1.0,4.47,13,Pna21
YAKROS,C23 H19 N3 O2 S1,1.0,3.92,48,Pca21
BEWPUP,C20 H24 O4,1.0,3.72,48,P212121
XECBOZ01,C17 H13 N1,1.0,3.84,31,P21/c
WEFQOO,C23 H27 N1 O3,1.0,3.7800000000000002,54,P43212
XUTQIN,C18 H22 N2 O2,1.0,4.94,44,P-1
TEVXEX,C21 H24 O4,1.0,3.94,49,P21/c
LUMXOG,C8 H8 N4 O1,2.0,4.63,21,P21/c
TUSPUS,C10 H10 Br2 O2,1.0,5.95,24,I41/a
UPIJOV,C24 H19 N1 O3,1.0,4.44,47,Pbca
MAZPAG,C30 H22 O7 P2,1.0,3.91,61,P21/n
HITCAP,"C34 H24 N2,C1 H2 Cl2",1.0,6.0200000000000005,60,Fdd2
XAJJUQ,"C6 H6 N12 O12,2(C7 H6 N2 O4)",1.0,6.08,36,P-1
LEJROH,"C6 H4 N2 O4,C5 H5 N1 O1",1.0,4.5,16,P212121
SEZCAC,C19 H22 N2 O5,2.0,3.58,48,P41
POTYUU,"C14 H10 N3 O1 1-,H1 F1,C16 H36 N1 1+",1.0,6.419999999999999,53,P21/c
AHUQOK,C27 H27 N1 O2 S1,1.0,6.22,58,Pc21b
CUGNUQ,C12 H13 Cl1 N2 O3,1.0,2.27,31,P21
DAJJUV,C26 H20 Br2 O3,2.0,3.16,51,P21
NOQGOT,C15 H14 N2 O1,2.0,7.04,32,P21
JAGRIV01,C17 H14 N4 O3,1.0,4.22,38,P21/c
KAHRUK,C15 H11 Cl2 N1 S2,1.0,5.680000000000001,31,P-1
QODBIW,C23 H30 Cl2 N2 O2,1.0,3.66,59,P21/c
QAVXER,"C26 H23 Br1 N4 O10,C1 H2 Cl2",1.0,3.79,64,P212121
UBUYIC,"C1 H3 N1 O2,C4 H2 N8 O5",1.0,2.78,19,P212121
WOQCAI,C14 H14 Br1 N1 O4,2.0,3.53,34,P21
DORMED,C20 H24 N2 O9,1.0,3.3200000000000003,55,P21/c
PCOZHP10,C11 H9 Cl2 N1 O1,1.0,4.4,24,P21/n
IFAWOC,C24 H27 N1 O5,1.0,4.5600000000000005,57,P212121
SETTIU,C4 N3 S2,2.0,4.2,9,P21/n
LEFRAR,C15 H12 N2 O1,1.0,4.0,30,P212121
VOQKUI,C8 H6 N4,1.0,4.13,18,P21/c
DEWHES,C8 H13 N1 O3,1.0,3.2,25,P21
JIZRUH,C15 H14 Cl1 N1 O2,1.0,3.9600000000000004,33,P21/n
YANDEX01,C13 H14 O5,1.0,3.63,32,P21
KABJUU,C18 H14 O3,1.0,3.63,35,P21/c
XUNWOS,"C11 H13 N4 O1 1+,Cl1 O4 1-",1.0,5.94,29,C2/c
HOSSIU,C17 H17 N3 O5 S1,1.0,5.220000000000001,43,P21/n
TIMCIE,C29 H29 N3 O3,1.0,5.91,64,P212121
GESTEH,C19 H14 F3 N1,1.0,4.74,37,C2/c
HOWQIW,C20 H12 S3,1.0,4.279999999999999,35,P21/c
URAZOG,C13 H26 O3 Si1,1.0,6.17,43,P212121
UPIFEG,C12 H20 O5,1.0,2.91,37,Pbcn
UJEVAG,C21 H22 N2 O4,1.0,4.99,49,P-1
FUPDED,C22 H27 N3 O2,1.0,3.81,54,P212121
FIYVUE01,C10 H6 O4,0.5,3.7,20,Fdd2
IRAQAW,C21 H22 N2,1.0,2.54,45,P212121
OPUFEM,C12 H12 N2 O1,1.0,5.19,27,P21/n
KEHYOP,C11 H18 O3,1.0,3.7600000000000002,32,P212121
QAZZUQ,C25 H21 N3,1.0,5.0200000000000005,49,P21/c
ZOJSOJ,C21 H13 Cl1 F1 N1 O1,1.0,5.489999999999999,38,P21/c
TOMZIG,C20 H12 Cl4 O2,0.5,4.65,38,C2/c
JUSTEW,C12 H15 N1 O4 S1,1.0,3.2,33,P21
UBABIM,C16 H22 N2 O3,1.0,4.109999999999999,43,P21
WUWTOX05,"2(Rb1 1+),C2 O4 2-",0.25,5.86,6,Pbam
AKENAG,"C9 H11 N3 O2,C3 H7 N1 O1",1.0,4.15,25,P21/c
SABGIN,C7 H9 Cl1 N4,1.0,4.23,21,C2/c
KUWQIG,C21 H19 N1 O3,1.0,3.3000000000000003,44,Pbca
YAZKET,C8 H6 O3,1.0,4.67,17,P21/n
REVCIH,C30 H18 F2 O2,1.0,3.9899999999999998,52,P21/n
ZZZAWV10,C20 H12 N2 O2,1.0,3.7,36,P1121/n
UBAHIR,C9 H8 Br1 N1,0.5,4.43,19,P21/m
SIWQEX,"C11 H12 N5 S2 1+,2(H2 O1),Cl1 1-",1.0,4.26,30,Pna21
RIFBEO,C26 H29 N1 O3 S1,1.0,6.04,60,C2/c
GOMREI,C24 H33 N3 O2,1.0,5.65,62,P-1
KUQMES,C22 H16,1.0,3.05,38,P21/c
SAXMOX,"C23 H22 N3 1+,C2 H6 O1,Cl1 1-",1.0,5.2,48,Pna21
NAMPEY,C17 H20 N4 O3,1.0,3.48,44,P21/c
EXUXIH,C19 H17 F6 N1 O2 S1,1.0,4.34,46,P21
TOZSEJ,C27 H34 N2 O1,2.0,4.52,64,P-1
AMIXOJ,C22 H14 Br2,1.0,5.18,38,P-1
DCMOPZ,C5 H4 Cl2 N2 O1,1.0,5.7,14,P21/c
NEYFOQ,C20 H17 Cl1 N2 O2 Se1,1.0,6.959999999999999,43,P-1
RIVGUZ,C19 H18 O6,1.0,3.7600000000000002,43,Pna21
TICBUD03,C26 H20 N2,0.5,3.7199999999999998,48,C2/c
PIPMDC11,"C14 H17 N5 O3,3(H2 O1)",1.0,5.3,39,P-1
VURPEH,C19 H24 N4 O5,1.0,2.41,52,P21
OVUJOF,C17 H19 N1 O6,1.0,4.78,43,P212121
OHUJOQ01,C18 H16 N4 O6,0.5,4.64,44,Pnc2
PEVSEQ,C16 H14 S2,2.0,5.13,32,P21/c
QAQSEK,C22 H20 F1 N5 O6 S2,1.0,2.4899999999999998,56,P21212
APURAG,"C7 H5 N1 O4,C7 H4 N1 O4 1-,C6 H8 N1 1+",1.0,4.52,17,P21
MOYHOZ,"C10 H11 N4 O2 1+,I1 1-",1.0,2.92,27,P21/c
FAFSUB,C15 H15 N1 O3,2.0,3.8000000000000003,34,Pbca
VADWOQ,C21 H20 N1 O4 P1,2.0,3.18,47,P-1
PAKPIC,C26 H27 N1 O1,1.0,4.13,55,P-1
LIXDAY21,C10 H10 N4 O2,2.0,3.2199999999999998,26,P21/c
PIBWAZ,C26 H21 N1,1.0,3.99,48,P21/n
ALODAK,C25 H19 Br1 N1 P1,1.0,5.08,47,P21/n
GUSHAD19,"C10 H11 N3 O3 S1,0.5(H2 O1)",2.0,6.87,28,P21
UHAMEW,C25 H33 N3 O1,1.0,4.94,62,C2/c
SOZFEV,C4 H3 Cl1 N2 O2,1.0,5.510000000000001,12,P21/c
MEBGAF,C30 H26 N2 O3,1.0,4.859999999999999,61,P212121
FABVOX,C1 H12 B2 N2,0.5,4.79,17,P21/m
FEZLAY,C17 H21 N1 O3,1.0,3.64,42,Cc
CETCEK,C19 H18 O3,1.0,4.38,40,P-1
XUXNEJ,C17 H19 N5,1.0,3.5700000000000003,41,Pna21
PABKOU,C10 H20 B10 O1,1.0,4.53,41,P-1
GIVGUR,C26 H27 N3 O4 S1,1.0,4.19,61,Pbca
FUSNOZ,C26 H17 N1 O1,2.0,6.11,45,P21/n
HIBCIF,C22 H30 B1 N2 O4 P1,1.0,5.18,60,P212121
BEYJIC,"C13 H11 N2 Se1 1+,Cl1 O4 1-",1.0,1.6500000000000001,27,P21/n
JIZGOQ,C13 H19 N1 O3 S1,1.0,5.89,37,Pbca
JEVXOY,C28 H23 N1 O2 S1,1.0,5.1000000000000005,55,P-1
VOWHOE,"2(C5 H8 N1 O4 1-),C4 H14 N2 2+",1.0,5.1000000000000005,20,P21
VOSSUR,C30 H20 O2,1.0,6.4,52,P-1
IMUJEG,C22 H15 N1 O3,1.0,6.140000000000001,41,C2/c
BIDGOK,C17 H31 Br1 Mg1 N2,1.0,7.4,52,P212121
UHOMUA,C16 H25 B10 N1,2.0,6.8,52,Pbca
ZUXDUT,C23 H19 N1 O2,1.0,4.75,45,P21/n
DACLIF,C22 H18 O8,1.0,4.03,48,P-1
DEGDUP,C28 H22 N4 O2,1.0,3.47,56,P-1
IRAWEG05,C13 H13 N1,1.0,3.88,27,Pccn
XOJGIM,C15 H14 O4 S1,1.0,4.22,34,Pbca
MODDOC,C35 H22 N2,1.0,3.16,59,Fdd2
QIKHUN,"C6 H14 N1 1+,C12 H10 O4 P1 1-",1.0,5.43,27,Pca21
DOFNAN01,"C10 H12 S4 1+,C10 H12 S4,I1 O4 1-",0.5,3.91,26,C2/c
REVJOU,C14 H11 N1 O2 S1,1.0,3.2099999999999995,29,P21/c
JOMBAS,C15 H18 F2 O2,1.0,3.45,37,P212121
SASHAZ,C14 H13 F1 O4,1.0,4.87,32,P21/n
GEZBEW,C21 H32 O4,2.0,3.17,57,P212121
TICHAO,C14 H20 O2,1.0,5.15,36,P21/n
SEPQEL,"C30 H23 N1 O3,C1 H2 Cl2",1.0,5.27,57,P212121
NEPDOE,C6 H14 B2 I6 S2,0.5,5.76,30,P21/n
IPEYAG,C27 H24 Si1,1.0,3.9699999999999998,52,P212121
VUTBUI,C28 H30 O6,1.0,4.09,64,P21
GAMKEN,C11 H14 N2 O2 S2,1.0,5.4399999999999995,31,P21/c
PAGLOY,C22 H24 O1,1.0,4.4,47,P212121
XALRUA,C17 H22 O4,2.0,6.1899999999999995,43,P-1
BNPHTA07,C20 H14,0.5,5.13,34,P41212
XAYDIM,"C30 H20 O2 S1,C1 H2 Cl2",1.0,4.04,53,P21
BEPTIZ,C20 H18 O4,0.5,6.0,42,C2/c
GOVZEW03,C7 H5 N3 O2,1.0,3.0700000000000003,17,P-1
HARYAC,C22 H18 Cl1 N1 O4,1.0,3.95,46,P-1
HIQNAW,"C18 H19 N5 O6,H2 O1",1.0,3.56,48,P21
LAXTEK,"C5 H9 N4 O2 S1 1+,Cl1 1-",1.0,3.2800000000000002,21,P21/n
BEQPUM,C23 H21 N1,1.0,6.859999999999999,45,P21/n
UCAYIG,C22 H20 Cl2,1.0,4.6000000000000005,44,P-1
CORZIT,C10 H8 N2 O1 S1,1.0,3.2800000000000002,22,P-1
CEWRUR10,C15 H18 O3,2.0,4.5,36,P212121
UZITEE,"C8 H11 Cl1 N1 1+,C12 H10 N3 O3 S1 1-",1.0,7.24,29,P21
IGIYUU,"C6 H18 Mg1 O21 P6 4-,C3 H10 N1 1+,3(C2 H8 N1 1+),3(H2 O1)",0.3333333333333333,5.66,52,R-3c
ERAPOG,C15 H10 Br1 N1 O1,1.0,3.6700000000000004,28,Fdd2
IRUJOY,C14 H17 N1 O3,1.0,3.39,35,P212121
FAHZUJ,C23 H19 N3 O4,1.0,3.7,49,Pbca
HIWNIN,C15 H13 N1 O6,1.0,3.84,35,P21/c
XOMFOX,C21 H14 N2 O3 Se1,1.0,2.1,41,Pn
JADNIQ,C15 H29 B10 N1,1.0,5.63,55,P21/c
YIVRIE,C17 H16 O2,1.0,6.6000000000000005,35,P21/c
OXALDH37,"C2 H2 O4,2(H2 O1)",0.5,1.9900000000000002,8,P21/c
GAPBOR,C26 H27 N1 O4,1.0,6.660000000000001,58,P21/c
ENODER,"C13 H14 N4 O3,0.5(H2 O1)",2.0,3.86,34,C2
ULAJIA,"C23 H30 O5,H2 O1",1.0,7.43,58,P212121
CESZOQ,"C30 H28 N2 O3,C1 H2 Cl2",1.0,3.09,63,P21
JOQZEW,C15 H27 N1 O3 S1,2.0,5.8500000000000005,47,P212121
ROMQIW,"C17 H13 N3 O2,H2 O1",1.0,4.79,35,P21/n
SAFJUI,C22 H28 B1 N1 O5,1.0,3.94,57,P212121
EVIVAH,C20 H20 O5,1.0,5.66,45,P21/n
JAVDIW,"C6 H16 N1 1+,C7 H4 Br1 O3 1-",1.0,3.84,23,P21/c
IPOJOO,C22 H21 N3,2.0,4.65,46,Pca21
JEDEUS,C16 H12 O2 S1,1.0,5.5600000000000005,31,P21/a
YITJEU,"C3 N10 O4 2-,2(H2 O1),2(K1 1+)",1.0,6.58,17,P21/c
ETEFUF,"C14 H18 N4 O4 S2,C5 H5 N1",1.0,5.3,42,P-1
POHROW,"C28 H24 Cl1 N3 O2 S1,C3 H7 N1 O1",1.0,5.36,59,Cc
JUPBAX,C15 H12 Br1 N1,1.0,4.53,29,Pna21
CUZYOM,C21 H21 Br2 N1,2.0,3.7800000000000002,45,P212121
XICPEE,C21 H20 Cl2,1.0,4.3,43,P21/c
TABSUP,C19 H18 N2 O3,2.0,5.47,42,P21/n
FEDVOZ,C22 H26 O5 S1,1.0,3.79,54,P-1
XITREB01,C12 H15 N1 O2,2.0,5.25,30,P21/c
USUVIR,C27 H21 N3,2.0,5.2,51,P21/n
MIGRUT,C18 H25 N1 O3 S1,1.0,6.41,48,P21/n
ANTCEN15,C14 D10,0.5,3.4,24,P21/a
VEPDOK,"C9 H18 N3 O4 S1 1+,Cl1 1-,H2 O1",1.0,7.29,35,P212121
CYHXUR08,C13 H24 N2 O1,0.5,4.31,40,P2/c
HUDQAZ,C10 H12 N2 O1,1.0,3.99,25,P21/n
XUMCIV,C7 H6 Br1 F1 N2 O2 S1,1.0,4.08,20,P-1
QAPTEJ,C18 H15 N3 O7 S1,1.0,6.32,44,P21/n
YIYJOH,C11 H17 N1 O6,1.0,4.36,35,P21
QUXDIA,C32 H26 Br1 N1 O3 S1,2.0,7.19,64,P21
NOTJEP,"C20 H24 F4 N2 2+,2(Cl1 1-)",0.5,2.56,50,Pbcn
AKOWUU,C17 H14 O6,1.0,4.3,37,P21/c
FIQVUA,C21 H35 Cl1 N2 O2 S2,1.0,4.36,63,P212121
SUBTIV,C20 H17 N1 O4 S1,1.0,6.77,43,P21
FEJXEZ,C16 H14 N2 O1 S1,1.0,3.1,34,P-1
KORZUP,C28 H19 N3 O2,1.0,5.11,52,P-1
TMPENO,C18 H30 O4,1.0,4.6000000000000005,52,P21/c
LIXZOL,C34 H24 B1 N1,1.0,4.49,60,P-1
VAWSAO,"2(C12 H24 N1 1+),C4 O4 2-",0.5,4.94,37,P-1
PITPIV,"C6 H14 N1 O2 1+,C7 H7 O3 S1 1-",1.0,5.37,23,P21/n
BOGLAK,"C12 H20 N2 O2,3(H2 O1)",1.0,4.86,36,P21
FAXMAS02,C20 H18 O4,1.0,4.78,42,P21/n
NEBCIJ,"C14 H11 N3 O2,0.5(H2 O1)",2.0,5.41,30,P212121
DIBFUQ,C23 H18 N2 O3,1.0,5.79,46,Pna21
CIDPOU,C12 H16 O3,1.0,5.8,31,P-1
KESWOX,C22 H20 F3 N2 O8 P1,1.0,5.050000000000001,56,C2/c
QEKRED,C29 H29 N1 O5,1.0,3.89,64,P212121
AFAMOM,C7 H4 Br1 N1 O4,0.5,2.82,17,P21/m
YUQFUN,C11 H9 Cl1 N4 O3,1.0,4.65,28,P21/n
OHUZEZ,C18 H16 F1 N1 O3,1.0,5.46,39,P21/n
KEBPEQ,"C17 H19 F1 N3 O3 1+,C5 H7 O4 1-",2.0,5.680000000000001,43,P-1
KOYFIR,C16 H11 F3 I1 N1 O2 S1 Se1,1.0,2.93,36,P21/c
FEVVUB,C17 H12 N2 O2 Se1,2.0,2.48,34,P21/c
EVIDES,C11 H16 O4 S1,1.0,3.54,32,P21/n
PEFXIJ,"C10 H6 O6 S2 2-,H6 N2 2+",0.5,3.87,24,P21/c
WUXBUP,C18 H11 Br1 F6 N4 O7 S1,1.0,3.65,48,P21/n
HINVOT,C16 H15 Cl2 N1 O3,1.0,3.83,37,P212121
VASXIX,C20 H27 F4 N1 O3 S1,1.0,4.9,56,P-1
WOYSIO,C22 H15 I1 N2 O2,1.0,3.7800000000000002,42,P21/c
ACIHEB02,C13 H10 N4,1.0,3.27,27,C2/c
GODFUA,"C12 H24 N1 1+,C7 H10 N1 O3 S2 1-",1.0,5.2,37,Pbca
AKIPIU,C6 H12 Cl8 Si4,0.5,2.72,30,P-1
OXIKAI,"C17 H22 O4,H2 O1",1.0,6.46,43,P21/c
PELXUZ,C12 H24 I8 S6,1.0,5.73,50,P-1
ZUZGAC,C22 H12 N4,0.5,3.5100000000000002,38,P21/c
XOWKIF,"2(C13 H9 F3 N2 O2),C10 H8 N2",0.5,4.2299999999999995,29,C2/c
OLEYIQ,C25 H21 N1 O3 S1,2.0,4.45,51,P-1
XILQUE,C22 H18 N4 S1,0.5,3.47,45,Fdd2
UQOLOD,C24 H37 N2 P1,1.0,4.03,64,P21/n
JUSREW,C20 H24 N2 O4,1.0,6.01,50,P21
NUBNOR,C19 H22 N2 O6,1.0,6.08,49,P21/c
CINDOW,C10 H13 B1 Br2 N2,1.0,2.59,28,P21/n
XIKMOW,C26 H23 N1 O7,1.0,3.9600000000000004,57,P21/c
RADNIW,C18 H22 Br1 P1 Te1,1.0,2.3,43,P21/n
LIZCUS,C12 H10 N4,0.5,6.7,26,P21/c
UMAYOW,C18 H22 O2,1.0,4.36,42,P21/c
UMULIB,C27 H29 B1 N2 O3,1.0,5.3100000000000005,62,P-1
BUTLAH,C19 H26 O2,1.0,3.8699999999999997,47,P21/c
ISAXUV01,C7 H7 N3 O4,1.0,3.35,21,P21/c
WUCBEB01,C19 H19 N1 O1,2.0,5.11,40,P-1
POCDAO,C12 H16 Cl6,1.0,1.8499999999999999,34,P212121
MUDLED,C26 H22 O2,1.0,5.67,50,P-1
AGIDUQ,C30 H22 F2 O4 P2,0.5,3.0,60,P-1
YAMZOC,"2(C30 H18),3(C12 H4 N4)",0.5,4.83,48,P-1
WIVPOJ,C29 H25 O3 P1 S1,1.0,6.460000000000001,59,P212121
OHEJIU,C8 H13 N3 O1 S1,1.0,6.65,26,P21/c
PASYUH,C20 H17 Br3 O2,1.0,2.87,42,Pbca
IYETEM,C17 H27 O2 P1,1.0,2.52,47,P21
ZIWQUR01,C15 H21 N1 O7,1.0,7.49,44,P21/n
OZAPIQ,C20 H23 Br1 N2,1.0,2.41,46,P21
OHAVAY,C24 H24 Br1 N3 O5 S1,1.0,5.63,58,P212121
GUGZOY,C20 H24 O2,1.0,5.26,46,P-1
KESGUL,"C22 H31 N1 O3,Na1 1+,I1 1-,H2 O1",1.0,3.92,57,P21
NATCOB,C9 H9 Br1 O2,1.0,3.83,21,P21/c
IHOTOQ,C21 H20 Cl1 N1 O6,1.0,6.25,49,P21/c
SOYNIE,C15 H14 N2 O4,1.0,4.75,35,P-1
FIFDIH,C5 H3 F6 N3 O2,1.0,5.1000000000000005,19,Pna21
OQUJOD,"C18 H21 F1 N3 O4 1+,C8 H7 O2 1-",1.0,6.01,47,P212121
AFIXIY01,C17 H13 N1 O4,1.0,5.79,35,P21/n
FUWLAN,C7 H14 O2,1.0,3.63,23,P32
BIRYUW10,C2 H5 N3 S2,2.0,2.42,12,P21
VAYNOZ,C20 H22 N2 O2,1.0,3.81,46,P21/c
HUKMUW,C17 H14 Br1 N1 O5 S2,1.0,3.5100000000000002,40,P21/c
CALKEI,C24 H21 N5 O4,1.0,4.109999999999999,54,P-1
SIDHOD,C14 H10 O2 Se2,2.0,2.92,28,Pca21
IRUSUN,C11 H4 F5 N3 O3,1.0,4.5,26,P21/c
SOBYIV02,"C24 H16 S16 Se4 1+,F6 P1 1-",0.5,4.590000000000001,60,C2/c
EFAZOE,C13 H9 Cl1 O4,1.0,3.75,27,P212121
OLGINE,C18 H22 O9,1.0,4.7,49,P212121
BOVBUL,C19 H16,1.0,4.88,35,P21/n
AWIFOE,C24 H19 Br1 O2,1.0,2.3,46,C2/c
HUKRUC,C25 H21 Cl1 N6 S1,1.0,3.62,54,P-1
OHOJAZ,C10 H7 F2 N1,2.0,6.88,20,P-1
SANCAN,C28 H16 S2,0.5,3.2600000000000002,46,P21/c
KEMPAT,C18 H18,0.5,3.6,36,I2/a
RUZXEP,C14 H17 O6 P1,1.0,5.5,38,P21/c
BUGZOT,"C12 H16 N3 1+,Cl1 1-",1.0,3.7,31,P-1
ZUKDES,C15 H20 O4,2.0,3.54,39,P21
FEDPIO,C34 H16 N4 O4,1.0,4.5200000000000005,58,P21/c
HORNOR,C24 H36 N2,0.5,4.1,62,P21/n
VUNSII,C14 H14 N2 O3,2.0,4.78,33,P2/c
XADQAV,C20 H24 N4 O1 S1,1.0,3.8000000000000003,50,P21/c
RISDAC,C25 H28 O2 S1,2.0,6.17,56,P212121
PAVJAY01,C14 H10 N2 O6,1.0,3.2399999999999998,32,P212121
QAGLAP,C13 H15 N9,1.0,4.16,37,C2/c
DOFWUT01,"C17 H19 F1 N3 O3 1+,C7 H5 O3 1-,H2 O1",1.0,3.93,43,P21/n
XIVTAX,"C18 H15 O1 P1,C13 H10 O3",1.0,5.18,35,C2/c
KADTUE01,C6 H4 Cl10 N6 O2 P6,1.0,3.1,34,P-1
FOWTER,C7 H10 N2 O2 S1,1.0,5.55,22,P212121
UGOHUV,"C7 H6 O4,C5 H7 N1 O2",1.0,3.1199999999999997,17,P-1
SAQJUS,C18 H16 F3 N1 O3 S1,1.0,4.6899999999999995,42,P21/c
ZAQNIR,C20 H23 N1 O6 S1,1.0,5.19,51,P21/c
KATBOW01,"C6 H4 N1 O3 1-,K1 1+,H2 O1",1.0,5.0,14,P21/n
RIFFEU,C20 H27 As1,1.0,2.4699999999999998,48,P21/n
ZITSOM,C27 H21 N4 P1,1.0,3.7800000000000002,53,P-1
IGIVAZ,"C8 H12 N2 2+,C12 H4 N4 1-,I1 1-",0.5,6.4,22,C2/c
GAXXUY,"C12 H12 S8 1+,C12 H12 S8,Cl2 I1 1-",0.5,2.9,32,P2/c
GLUCSA22,C6 H12 O6,1.0,5.2299999999999995,24,P212121
BAJZOB10,C20 H28 N2 O4,1.0,4.3,54,P212121
EQIZIQ,C10 H10 Cl1 O4 P1,1.0,4.73,26,P21
PMYNPQ,C23 H16 O1,1.0,6.0,40,P21/c
ARUBEU,C13 H16 N4 O2,1.0,5.15,35,P21/c
VUPRAA,"C5 H8 O1,C1 H1 Cl3",1.0,3.52,14,P21/n
ZEKMEJ,C26 H21 Cl1 N2 O5,1.0,6.97,55,P212121
NAFBEF,C19 H18 F3 N1 O1,1.0,5.319999999999999,42,P21/n
HIQHOI01,C24 H20 S4,0.5,5.4,48,P-1
QAFHAJ01,C9 H13 N1 O2,1.0,4.93,25,P21/n
UYUGUU,"C27 H9 B1 F15 1-,C12 H28 P1 1+",1.0,4.42,52,P21/c
XAJDEU,"C15 H26 O3,H2 O1",1.0,2.77,44,C2
GOBNEU,C11 H13 N1 O1,1.0,3.61,26,P21/n
HABNAB,"C19 H20 Br1 N2 1+,Br1 1-",1.0,2.19,42,P212121
DOLMEZ,C24 H20 Cl1 F3 O2,1.0,3.88,50,P-1
USEQOA,"C15 H15 N2 1+,B1 F4 1-",1.0,4.61,32,P21
IBASUE,C12 H18 O3,2.0,3.2300000000000004,33,P212121
EJUPOR,C28 H21 N1 O2,1.0,4.37,52,P21/c
MIRQOV02,C6 H4 Br1 Cl1 O1,1.0,4.07,13,I41/a
KUYWUX,C26 H22 Cl2 O4,1.0,6.24,54,P21/c
BEPRIB,"C20 H20 N1 1+,B1 F4 1-",1.0,4.46,41,P212121
RABPAL,"C8 H12 N1 1+,C4 H5 O6 1-,0.5(H2 O1)",2.0,5.4,21,P22121
DIHKAJ,C15 H14 O6,1.0,3.19,35,P212121
IXUWAD,C23 H29 B1 O2 Si1,1.0,7.31,56,P-1
LIMMUS,C14 H4 N4 O6 S1,1.0,3.66,29,Pbca
GOYRIZ,C28 H23 N1 O3 S1,1.0,5.83,56,P21212
GUXXEG,C17 H16 O3,1.0,5.7,36,P21/n
ZUKYAI,C15 H14 Cl1 N1 O4,1.0,7.19,35,P21/n
PUMYAZ,C14 H15 F3 N2 O2,1.0,4.73,36,P-1
TACMAO,C23 H36 O4 Si1,1.0,5.42,64,P212121
BOHHOV,"C19 H21 N5 O2,H2 O1",1.0,4.5,47,P21/c
WAKNAA,"C22 H20 N4 2+,2(C4 N3 1-),H2 O1",0.5,6.7,46,P-1
SATMEG,"C12 H11 N2 O4 1+,Cl1 O4 1-",0.5,4.28,29,C2/c
DEVTUW,"C4 H2 N10 O4 2-,H12 Mg1 O6 2+",0.5,4.53,20,P-1
JODSAW01,C14 H13 N1 O1,1.0,3.7900000000000005,29,P21/n
YEQPIW,C11 H11 N4 O3,1.0,5.59,29,P-1
KURZOM,C20 H24 N2 O1,1.0,3.8000000000000003,47,P212121
OJENEW,C13 H10 Cl2 O3 S1,1.0,2.84,29,P-1
BOLZOV,C12 H22 I1 N1 O2,1.0,5.5,38,Pna21
YOKDOT,C28 H20 O2 S2,0.5,5.489999999999999,52,P21/c
SIFBAN02,C7 H9 N1 O3,2.0,1.52,20,P21
WUQKIE,C15 H14 O5,1.0,4.24,34,P21/n
OFUHOQ,C13 H10 N2 O1 S1,1.0,3.25,27,P21/n
QABMUB,C17 H21 N1 O5,1.0,4.45,44,P212121
LIQMAD,C22 H12 S2,1.0,5.09,36,P21/c
JARMOH,C24 H30 N4,1.0,5.949999999999999,58,P21/n
CEWFAO,"C21 H30 N1 O2 1+,Cl1 1-",1.0,3.0700000000000003,54,P21
LIKFIU,C10 H10 Br1 Cl1 O2,2.0,4.01,24,P21
JUBNAV,"0.83(C19 H16 N2 O2 S3),0.17(C19 H15 Br1 N2 O2 S3)",1.0,5.4,42,P-1
KIMSUW,"C20 H32 N4 2+,2(Br1 1-)",1.0,3.6900000000000004,56,P21/c
IZUDAK,C20 H18 Br1 N1 O3 S2,1.0,2.87,45,P21/c
GUCBEM,"C6 H8 N4 2+,2(I1 1-)",0.25,3.14,18,C2/m
EBUDUD,C14 H13 Br1 O3,1.0,5.34,31,P21/c
TUTZEN,C19 H22 O3 S1,2.0,4.4,45,P1
ZUYSEV,C21 H18 N2,1.0,5.1,41,Pbca
PUSFIW,"C6 H4 N12 O4,2(C2 H6 O1 S1)",1.0,4.02,26,P-1
NEDNAL,C18 H22 O4 S1,1.0,3.38,45,P-1
FEFLEK,C18 H15 N3 O2,1.0,4.21,38,P21/c
TENPOV,C16 H9 Cl1 F2 O2 S1,1.0,5.1499999999999995,31,C2/c
QUQDIT,C11 H9 I1 N2 O1,1.0,5.37,24,P21/n
OVAQEL,"C18 H15 Cl4 N2 O1 1+,N1 O3 1-",1.0,5.9799999999999995,40,Pc
OMUWEA,"C4 H8 N5 1+,Cl1 1-",1.0,3.8,17,P21/n
VOVPEE,C13 H12 N4 O1,1.0,4.95,30,P21/n
ZAWKEQ,C27 H19 F5 O1,1.0,3.95,52,Cc
KIPGIZ,C13 H17 N3 O4,1.0,5.3,37,Pbca
FEDNIL,C16 H20 As1 F6 N1 O4,1.0,3.6,48,P21/c
LEFVEZ,C15 H12 N2 O1 S1,1.0,4.67,31,P21/c
OZENOZ,C21 H17 Br1 O1,1.0,3.1300000000000003,40,P21
YEJYOB,"C5 H4 F6 O4,C4 H8 O2",1.0,5.32,19,P21/c
QOZFUH,C18 H15 N9 S3,1.0,3.92,45,P-1
OWEWEW,C13 H21 N1 O4,1.0,6.35,39,Pbca
DUNMIJ,C12 H11 N3,1.0,3.91,26,Pbca
JEXBOH,C24 H21 N1 O3,1.0,4.75,49,C2/c
LOKQOT,C24 H27 N1 O4,1.0,3.7900000000000005,56,P21/c
QETTIS,C18 H20 N2 O2,1.0,5.34,42,P21/c
IBEHAY,C17 H21 N1 O3,2.0,3.9,42,P21/c
ZUTGEA,C8 H10 N4 S1,1.0,2.86,23,P212121
DUDMAQ,C9 H11 B1 N2 S2,1.0,4.1,25,P21/c
ATIGUJ,C9 H7 N1 O5,1.0,3.52,22,P21/c
TOKGOP,"C6 H18 N3 O1 P1,C2 H12 B10",1.0,5.08,29,Cc
BOQKIB,C17 H10 Cl1 N3 O1 S1,1.0,3.5,33,P21/c
KOMYEQ01,C5 H7 N1 O2,1.0,3.37,15,P21/n
MUQCEG,C11 H12 O1,1.0,5.83,24,P-1
GAGGOL,C16 H12 N2 O2,1.0,3.14,32,Cc
KUNVEU01,C8 H9 N1 O4,1.0,4.1,22,P21/c
IQIWEN,C22 H19 N1,1.0,5.48,42,P21/c
OKODUO,C29 H27 N1 O6,1.0,6.49,63,P21/c
ALOHAK,C15 H27 Br1 Mg1 O4,1.0,4.3,48,P212121
LEJBUA,"6(C18 H15 O1 P1),5(C6 F4 I2)",0.5,2.6100000000000003,35,P-1
EGAREM,"C14 H13 N3 O3,H2 O1",1.0,3.62,33,P21/c
OPOHAE,C21 H20 O1,1.0,5.050000000000001,42,P212121
PICRAC12,C6 H3 N3 O7,2.0,4.03,19,Pca21
XIJZIB,C23 H28 O8,1.0,4.38,59,P212121
UTABAV,C18 H16 O4 S1,2.0,2.85,39,P21/c
HONZAN,"C16 H19 N2 O1 1+,H2 O1,Cl1 1-",1.0,3.3300000000000005,38,P212121
AQIKUK,C8 H24 Br2 Li2 O4,0.5,4.96,40,P21/n
TEWKOZ,C17 H14 Cl1 N1 O2,1.0,4.38,35,P21/c
QUMPAP,C19 H16 N2 O5 S1,1.0,7.07,43,P21/n
UYOSOR,C20 H18 N2 O4,1.5,5.92,44,C2/c
DIWTOU,"C15 H11 N3 O1,C15 H11 N3 O1",1.0,4.89,30,C2/c
LOYCEJ,C18 H12 O2,1.0,3.7900000000000005,32,P21/c
USASIR,C8 H18 Cl3 N6 P3,1.0,3.13,38,P212121
NOSZAZ,C4 H6 N2 O1,1.0,2.6599999999999997,13,Pna21
GALJEL,C9 H5 F3 N4 O2,1.0,2.8400000000000003,23,Pc
HAFBID,C23 H32 O4,1.0,6.1,59,P21/c
HOPPEK,"C23 H21 N1 O2,C1 H1 Cl3",1.0,5.64,47,P21/c
FUQGIK,C25 H19 F5 N2,1.0,3.17,51,P21
NUNMUE,C15 H14 N2 O1 S2,1.0,4.95,34,P21/c
KEKQOK01,"C8 H9 B1 O4,H2 O1",2.0,5.76,22,P-1
ZEHPEK,"C19 H33 N6 O6 1+,Cl1 1-",1.0,3.71,64,P21/c
PICGEN,C11 H13 N1 O1,1.0,5.1000000000000005,26,Pbca
NORQIV,C16 H15 Br1 N2 O3,2.0,5.82,37,P21/c
SOHVOB,C21 H30 F2,1.0,6.1000000000000005,53,P21/n
RIPSEQ,C22 H22 N2 O4 S1,1.0,3.63,51,P21
CIVLAU10,C11 H14 O6,1.0,5.0,31,Pbca
QERNUX,C15 H12 Cl1 N1 O1,1.0,5.44,30,P21/c
FUTDAZ,C19 H26 O5,1.0,3.62,50,P21
HOFKES,C12 H15 Cl3 O2 Te1,1.0,2.7,33,P-1
EPIVIL,C18 H18 Cl1 N3 O3,1.0,3.6900000000000004,43,P212121
LAQFEP,C12 H16 O5,1.0,2.43,33,P21
UKIXAO,C6 H2 Br3 N3,1.0,2.24,14,P21/n
TURVUX,C12 H17 Cl1 N4 O2 S2,1.0,5.0,38,P21/n
MAXGIF,C16 H10 F3 N1 O2,1.0,5.37,32,P21/c
WEWCOR,C20 H8 F10 O4,0.5,5.94,42,P-1
KASVUW,C16 H15 Cl1 N4 O2,1.0,4.6000000000000005,38,P-1
QOVHUI,C13 H17 N3 O3 S1,1.0,6.38,37,P-1
XOKLAN,"C26 H17 N5 O7 S1,C2 H3 N1",1.0,5.489999999999999,56,P21/c
CIJWEB,"2(C3 H2 N3 O2 1-),C6 H18 N2 2+",0.5,4.9,26,P21/c
OJOSUC01,"C4 H12 N5 1+,C2 H3 O2 1-",1.0,4.26,21,P21/n
BUVGOS,C21 H18 O6,1.0,4.18,45,P-1
COUMAR21,C9 H6 O2,1.0,6.890000000000001,17,Pca21
HIXNOS,C29 H23 Cl1 N4 S2,1.0,6.1000000000000005,59,P21/n
ECOFOV,C21 H14 O2 S1,1.0,3.2199999999999998,38,Ia
TAGNAQ,C9 H10 N2 O1,1.0,4.76,22,P21/c
WINJEL01,C11 H12 Br1 N1 O2,1.0,1.8800000000000001,27,P32
NUQJEP,C7 H6 N2 O3,1.0,6.63,18,P21/n
VEXKOC,C19 H20 I1 N3 O3,2.0,5.53,46,P21
TEGVAF02,C25 H15 N1 O3,1.0,4.78,44,P21/c
SOYMUQ,C15 H22 O4,2.0,4.390000000000001,41,P21
BOQJID,C18 H16 N2 O1,1.0,6.819999999999999,37,P-1
VIKVEU,"C7 H11 B11 I5 1-,C8 H20 N1 1+",1.0,3.29,34,P-1
NUBFAV,C20 H32 O2,1.0,3.55,54,P212121
BIDWIU,C14 H12 N2 O2,1.0,3.2,30,P21/c
MONRIU,"C12 H14 N1 1+,H2 O1,Cl1 1-",1.0,2.74,27,P21
UWIPOI,"2(C18 H12 Br1 N1),C10 H2 N4",0.5,4.96,32,P-1
EJEFEE,C34 H28 O2,0.5,5.43,64,P21/a
JUYMOF,C9 H17 Cl2 N4 O2 P1,1.0,2.8000000000000003,35,P-1
UXOTUZ,C18 H19 N1 O4,1.0,3.35,42,P21/n
FUWDIO,C20 H23 N3 O5,2.0,3.16,51,P1
GOYZEC,C17 H18 O3,1.0,4.04,38,P-1
SEWJAH,C14 H12 N2 O5 S1,1.0,4.24,34,P-1
WIYGEQ,C4 H8 N4 S1,1.0,3.5,17,P-1
ELAMAJ,"C10 H8 N2 O2,H4 N1 O1 1+,Cl1 1-",1.0,3.37,22,P21/c
YOGNAM03,C9 H6 I1 N1 O1,1.0,2.09,18,P21/c
LOVCAE,C21 H25 Cl1 F1 N3 O3,1.0,5.09,54,P21/c
URINER,C10 H9 B1 F2 O4,1.0,3.5999999999999996,26,P21/c
OJODUP,C18 H16 F3 N5,1.0,3.93,42,Pc
CEMSOG,"C31 H25 N1 O4,C1 H2 Cl2",1.0,5.06,61,P212121
FBPAZD02,C23 H26 F1 N3 O2,1.0,4.36,55,P21/n
CYHACL04,"C6 H14 N1 1+,Cl1 1-",1.0,4.61,21,Pca21
NUBBAQ,"C19 H18 As1 1+,C4 N3 1-",1.0,3.06,38,P-1
XAKBAR,C18 H14 O5,1.0,4.51,37,I41/a
SINLAF,"C9 H9 N2 1+,0.5(C6 Cl4 O2),I1 1-",1.0,4.99,20,P21/n
EMIJOD,C10 H13 N3 O3,1.0,5.57,29,P21/n
IXINIQ,"C15 H12 I1 O3 S1 1+,C7 H7 O3 S1 1-,C1 H2 Cl2",1.0,6.45,32,P-1
LAQKOG,C14 H6 Cl4 O4,0.5,6.52,28,P-1
XINWIE,"2(H4 N1 1+),C4 N8 O8 2-",0.5,5.45,20,P-1
HERJIY,C17 H15 N3 O2,2.0,6.19,37,P21
XEPSER,C9 H8 Br1 N1 O3 S1,1.0,3.62,23,P21/c
VEZXIK,C24 H24 N2 O4,0.5,3.95,54,P-1
DUHZAI01,"C7 H6 N1 O2 1-,C3 H5 N2 1+",1.0,4.6,16,P21/n
ZIMHEM,C8 H7 N3 O8,1.0,3.08,26,P-1
BUKNIH,C9 H10 F3 N1 O4,1.0,2.79,27,P212121
PEGDAK,"C8 H9 I1 N2 O1,C7 H6 O2",1.0,4.02,21,P21/n
NOXYUW,C19 H22 N2 O2,1.0,3.62,45,P21/c
IFUGID,C9 H11 N3 O1 S1,2.0,7.02,25,C2/c
NOSFAE,"C15 H15 N3 O5 S1,C2 H6 O1 S1",1.0,5.34,39,P21/c
GAVJET,C7 H15 N1 O4 S1,2.0,2.64,28,P21/c
WIMGAD,C15 H15 N3 O3 S1,1.0,3.9,37,P21/n
BENZIL07,C14 H10 O2,0.5,3.1,26,P3121
SIZLIA,C21 H18 O2,2.0,4.34,41,P21/c
GOFZUY,C10 H13 Br1 O4,1.0,2.62,28,P21/n
JALMIV,C16 H13 F3 N2 O1,1.0,6.569999999999999,35,P21/c
PAHDEI,C28 H24 N2 O4,1.0,6.18,58,Pbca
NENYAK02,"C14 H14 N4,C14 H10 O4",0.5,4.75,32,P21/n
PEVPIP,C10 H15 N1 O3,1.0,4.1,29,P21/c
CUKDOE01,"C22 H12,C8 F4 N2",1.0,4.44,34,P21
PARYIQ,"C21 H15 N3 O3,0.5(C4 H8 O2)",1.0,6.6000000000000005,42,P-1
XESQEU,C24 H22 O6,1.0,6.13,52,P-1
COZXOI,C27 H17 N3 O4,1.0,7.470000000000001,51,P21
KALHOW,C15 H18 O2,2.0,6.98,35,P21/n
CEQPOH,C32 H21 N3 O5 S1,1.0,6.7,62,P-1
EYAWUX,C14 H15 N5 S1,1.0,3.68,35,P-1
ZIVQAW,C7 H13 N1 S2,1.0,4.86,23,P21/c
GOFNEW,C10 H11 N1 O2 S1,1.0,4.88,25,P21/n
WOLVOI,C23 H20 B3 N1 O3,1.0,5.74,50,P21/c
TEVBAY,C19 H37 N2 P1 Se1,1.0,2.91,60,P-1
TIQXAT,C10 H13 N1 O2,0.5,6.44,26,P21/m
NAVFIB,C19 H24 O2 S1 Si1,1.0,4.92,47,P-1
XIJQIU,C24 H18 Br1 N1 O4 S1,1.0,4.05,49,P212121
OGEJOD,C19 H26 O2,1.0,5.41,47,P212121
JIWZAQ,C11 H10 O8,1.0,6.72,29,Pca21
SAMPIH,C24 H16 O2 P2,1.0,3.08,44,P21/n
WOVTIM01,C17 H16 N2 O4,1.0,6.36,39,P-1
JUXKAO,C18 H19 N4 S1,0.5,3.4,42,Pnma
XAJVEN,C26 H24 N2 O5,1.0,5.35,57,P-1
ZUKSUW,C20 H14 F2 O1 S1,1.0,2.92,38,Pca21
ROMJUZ,C9 H9 Cl1 N2,1.0,2.72,21,Fdd2
XAVMUE,C16 H14 N6,1.0,3.38,36,P21/n
VETMAJ01,C14 H13 N1 O1,1.0,5.49,29,Pbca
TECPOG,C11 H21 N1 O7,1.0,5.1000000000000005,40,P212121
CUVTOG,C25 H36 O3,1.0,5.04,64,P21212
YAGREI,C26 H20 Br1 N3 O6,2.0,5.24,56,P1
EMOFEV,C20 H14 N2 O2,1.0,3.7600000000000002,38,I41/a
JAZLAX,C9 H7 N1 O3,1.0,4.7,20,P21
UJEQEI,C15 H19 N3 O2 S1,1.0,3.5900000000000003,40,P21/n
VAMQUV,C8 H27 B11,1.0,3.6,46,Pbca
UHOZAU,C12 H12 B1 N1 O5,1.0,3.35,31,P21/n
VIJXES,C14 H15 N1 O5 Si1,2.0,3.65,36,P1
FOHVOQ02,C19 H26 N2 O6 S1,2.0,3.38,54,P21/c
HAXLAV01,C12 H9 F1 N2 O1,1.0,4.37,25,P21/n
IODYBZ,C6 H5 I1 O2,1.0,4.6000000000000005,14,P21
ROPYEE,"C13 H9 N4 O1 Se1 1-,Cs1 1+",1.0,2.78,28,P-1
OGOQIK,C6 H4 N3 S4,1.0,2.71,17,P212121
PALTAZ,C19 H16 N2 O8,1.0,4.63,45,P21/a
XEXXUT,C11 H13 F1 N2 O3,1.0,6.1000000000000005,30,C2/c
TOHXUK,"C6 H9 N2 1+,C7 H4 I1 O2 1-",1.0,2.07,17,P21/c
INOSUB,C19 H21 N3,1.0,5.24,43,P21/c
QITWAR,C18 H15 N1 P2 Se3,1.0,2.88,39,P21/n
LISVIU,C20 H19 Br2 N3 O5,2.0,4.1000000000000005,49,P-1
ZESSOH,C14 H14 O2,1.0,5.79,30,P-1
ARIYUZ,C18 H20 F2 N4,0.5,5.7700000000000005,44,C2/c
MAMDEK02,C11 H9 Cl1 N2 O1,1.0,3.83,24,P21/c
YOLHAM,C20 H15 N1 O1,1.0,2.78,37,P212121
CUQBIA,C24 H15 Br1 Cl2 F3 N7 O1,1.0,4.1,53,P21/c
MNAPAD,C19 H14,1.0,6.6000000000000005,33,P21/c
MIMHOI,C8 H7 N3 O1,1.0,3.82,19,P21/c
QIDVOP,C10 H12 N4 O2 S1,1.0,6.17,29,P-1
QITTUM,C15 H20 O5,1.0,2.48,40,P21
OWAGOJ,C11 H12 N4 O4,1.0,4.44,31,P21/n
NOVFOV,C17 H17 N3 O2 S1,2.0,4.04,40,P-1
TPHETY08,C26 H20,1.0,3.9899999999999998,46,P21
RENMIG,"C12 H36 Br4 Mg4 N4 P4,C7 H8",1.0,6.96,64,Pca21
ALOYOT,C25 H22 N2,0.5,3.19,49,P21212
MOZHOA,"C12 H12 N4 O2 2+,O4 S1 2-",1.0,3.8600000000000003,30,P21/c
FORTMN,"C8 H20 N2 O4 2+,2(Cl1 1-)",1.0,3.0,34,C2
CLPRAL01,C8 H12 N2 O2,1.0,3.52,24,P21
FUBDEO,"C7 H10 N3 O6 S1 1-,H2 O1,Na1 1+",1.0,2.6,27,P21
CIJDEI,C30 H20 F4 O2,0.5,4.5600000000000005,56,P-1
RERWOB,C19 H23 N1 O1,2.0,4.22,44,P21
ZIZREJ,"C21 H30 O2,C7 H7 N1 O2",2.0,6.41,53,P212121
WIPKOX,C28 H20 N2 O1,1.0,6.21,51,Fdd2
TUPMUM01,C26 H22 Cl4 N2 S2,1.0,4.19,56,P21/n
GOPMEH,C18 H13 Cl1 O2 S1,1.0,3.65,35,P21
BUPZUK,C15 H11 F1 N2 O2,1.0,3.54,31,P-1
MUWZIR,"C9 H14 N1 O2 1+,Br1 1-",2.0,2.07,26,P21
ABUJAI01,"C12 H10 N2 2+,C8 N2 O4 2-",0.5,5.84,24,P-1
OFEWUV,C18 H17 N3,1.0,4.36,38,P21/c
GAHFIF,"C13 H9 N1,0.5(C8 H6 O4)",1.0,4.58,23,P21/n
ALETIW,"C13 H8 N4,H2 O4 S1,H2 O1",1.0,5.72,25,P21/c
KIQPAE,"C3 H1 N4 O5 1-,H4 N1 1+",2.0,4.45,13,P21/n
ZITFEP,C14 H7 Cl5 O1 S3,1.0,3.6999999999999997,30,P21/c
JIVYEV,C3 H3 F1 N6 O4,1.0,2.8899999999999997,17,Pna21
HOMWAJ,C25 H22 N2 O2 S1,1.0,3.6999999999999997,52,P21/n
BESHUE01,C14 H23 N3 O1,1.0,6.81,41,Cc
ZOGGIN,C20 H22 N2 O2,1.0,4.1000000000000005,46,P21/c
ENPROP,C11 H11 N3 O9,1.0,5.7,34,P21/n
QOWNIC,C23 H23 N3 O1 S1,1.0,4.75,51,P21/n
ALOCOW01,C9 H9 Br1 N2,1.0,2.77,21,Cc
IKOWUC,C26 H24 N2 O2 S1,1.0,3.6900000000000004,55,P212121
IYIKEK,C25 H25 N3 O3 S1,1.0,3.91,57,P21/n
FAPKAM,"C6 F4 I2,2(C5 H5 N1 O1)",0.5,2.8000000000000003,12,I2/a
ABODED,C24 H20 F2 O3,1.0,4.54,49,P21/c
EFEDOM,C25 H25 N3 O4,1.0,2.9899999999999998,57,P212121
WEPCOJ10,C20 H21 N1 O1 S1,1.0,3.6,44,P212121
IXEGAT,C15 H23 N7 S2,1.0,5.18,47,Pna21
COSXER,C24 H20 O3 S1,1.0,5.050000000000001,48,P21/c
MODGIY,C28 H19 N1,1.0,5.220000000000001,48,P21/n
DEYQED,C27 H24 O4,1.0,4.38,55,P-1
XOYXUE,C11 H20 Br2 O1,2.0,4.36,34,P-1
JIDKUC,C21 H30 O9,1.0,3.1,60,P212121
VEMZIX,"C10 H8 O2,C12 H8 N4 O1",1.0,5.08,25,C2/c
OLUPES,C18 H12 N2 O2 S1,2.0,4.3,35,P-1
JUQBIK,C13 H12 O4 S1,1.0,3.49,30,P21/n
SAGDUB,C16 H18 F1 N3 O2 S2,1.0,3.48,42,P21/n
DOLMUP,C22 H16 Br1 F3,1.0,2.4699999999999998,42,P-1
AYEDER,C16 H26 O4,1.0,3.15,46,P21
HADSAI,C20 H23 N1 O5 S2,1.0,3.5700000000000003,51,P-1
VECPUP,C10 H15 N5 O2 S2,1.0,3.14,34,P21/n
ZEXJEU,"C12 H9 Br1 N2 O1,0.5(C12 H8 I2)",1.0,3.7699999999999996,25,P21/c
ISIHOL,C24 H27 N1 O3,1.0,4.17,55,Pbca
DOWCAX,C14 H22 O2,2.0,7.19,38,P21/c
NEGRUQ,C13 H19 N1 O2 S1,1.0,3.5999999999999996,36,C2/c
NUVQAA,"C7 H7 B1 O3,C4 H5 N3",2.0,5.99,18,Pca21
LOGSIK,C6 H4 F8 N2 P4,1.0,2.63,24,P-1
NUKGUZ,C30 H24 O1,2.0,4.12,55,P21/c
YUHQIE,C29 H21 N1 O2,0.5,5.18,53,Pnma
PUNWIF,"C8 H11 F1 N1 1+,C8 H9 Cl1 O2 P1 S1 1-",1.0,6.5,22,C2
OFEJIT,C8 H4 Cl5 N1 O1,1.0,5.54,19,Pbca
JUPTAS,C22 H23 N1 O3 S1,1.0,3.2800000000000002,50,P21
MUMFEG,C20 H22 B1 F2 N7,1.0,4.08,52,P21/c
HEWYUF,"C26 H33 N1 O3 Si1,0.5(H2 O1)",2.0,5.0,64,P-1
JUYZOS,C22 H29 F1 O4,1.0,5.2,56,P21
KIYDON,"C12 H14 N2 2+,2(Cl1 O4 1-)",0.5,2.96,28,P-1
XOFFAD,C12 H13 N1 O3 S1,1.0,3.08,30,P21/n
VUYPAK,"2(C5 H5 N1 O1 S1),C6 F4 I2",0.5,1.95,13,P-1
FOTHOP,C9 H14 O6,1.0,3.54,29,P32
SEKLAV,C15 H19 N1 O5,1.0,3.8000000000000003,40,P21/a
ADEXEO,C6 H6 Cl2 N2,1.0,3.0700000000000003,16,P21/c
MQUCXA11,C11 H10 N2 O1,1.0,3.52,24,P21/n
WAMCOE,C14 H22 As2 Cl6 Se4,0.5,6.2,48,P21/n
HUXZUW,C23 H33 F3 O3 Si2,1.0,3.7600000000000002,64,P21/c
YUHQEB,C16 H10 Br1 F2 N1,2.0,4.95,30,P-1
ROFCUL,C8 H6 Br1 N3 S1,1.0,5.98,19,P21/c
DAMXIZ,"C10 H22 N1 1+,Cl2 O2 P1 1-",2.0,6.26,33,P-1
PEFCIQ,C10 H18 N2 O1,1.0,4.03,31,P21/n
FMDCTE,"C10 H24 N4 S2 2+,Cl6 Te1 2-",1.0,5.1000000000000005,40,P21/a
DUSJEH,C18 H12 N2 O1 S1,1.0,3.59,34,P21/c
LOLDEW,"C5 H6 N5 1+,C7 H5 O4 1-,H2 O1",1.0,5.41,16,P21
QUMWIF,C9 H10 N4 O2,1.0,3.7800000000000002,25,P212121
WEGPED,"C4 H4 Cl2 N4 O10,H2 O1",0.5,5.4,8,B112/b
QOQNIT,C23 H26 Cl1 N1 O2,1.0,5.07,53,Pna21
OGIZEL,C29 H27 N1 O3 S1,1.0,4.81,61,P-1
BIWKEB,C24 H27 N1 O7 S1,1.0,5.4,60,P21/n
AXURAO,C13 H7 F6 N1 O4,1.0,4.04,31,P21/n
BUWVOH01,C8 H10 N4 S2,0.5,2.5100000000000002,24,C2/c
QULZUU,C17 H23 N1 O4 S1,1.0,5.82,46,P21/n
BETKOB,C10 H12 N2 S2,0.5,2.47,26,P21/n
MOJKUS,C27 H27 N1 O2,2.0,4.87,57,P21
KETGAV,"C14 H10 N4 O4,2(H2 O1)",1.0,5.26,32,P21/n
HEGHOR,"C6 H10 N3 1+,C6 H4 N1 O2 1-,0.5(H2 O1)",1.0,6.01,19,C2/c
NARYEM,C13 H7 N3 O1 Se1,2.0,3.4,25,P-1
XEGTIO,C19 H21 N1 O4 S1,1.0,3.46,46,P21/n
UCOVAK,"C9 H21 N3 O1 2+,2(C16 H16 N1 O4 S1 1-)",1.0,6.57,38,C2
AQOPEF,"C30 H23 N1 P1 1+,C2 F6 N1 O4 S2 1-",1.0,4.22,55,Pbca
TUMFAM,C20 H15 N1 O3,1.0,3.7900000000000005,39,P212121
PUBMUU03,C6 H6 N12 O12,1.0,2.96,36,Pca21
YILWUP,C18 H19 N1 O2 S1,2.0,3.42,41,P21
GAJWOI,C19 H12 N2 S1,1.0,5.2,34,P21/c
MOKMEF,C15 H15 N3 O2 S1,1.0,4.12,36,Pbca
GADPAH,C18 H28 N2 O2 S1,0.5,4.41,51,I2/a
SALTIR01,C19 H22 O6,1.0,4.62,47,C2
XAVFEG,C15 H12 N4,1.0,4.16,31,I41/a
LANWIJ,C21 H18 O6,1.0,3.7199999999999998,45,P21/c
AMPICR03,"C6 H2 N3 O7 1-,H4 N1 1+",0.5,3.54,18,Ibca
MALBIO,C20 H28 O9,1.0,3.2399999999999998,57,P212121
DOXADM03,"C10 H13 N5 O3,H2 O1",1.0,2.88,31,P21
USOBIO,"C9 H7 N5,H2 O1",1.0,4.5200000000000005,21,P212121
DAXLOD,C7 H6 As1 Cl1 S2,1.0,5.2,17,P21/c
ZORHEX,C26 H18 O2,1.0,4.26,46,P21/n
UJADAO,C23 H19 N1 O2,1.0,3.29,45,P21
TIRCUS,C22 H22 O4,1.0,5.2,48,P21/c
LOWDAF,C17 H18 N2 O2 S1,1.0,3.44,40,P212121
NAJDAH,"C14 H22 N1 O1 1+,Cl1 1-",1.0,3.85,38,P21/n
VOHSOD,C16 H16 Cl2 N2 O2 S1,1.0,4.95,39,P-1
DOLFOZ,C18 H18 N2 O4,1.0,4.5,42,P21/a
UNOJIQ04,C9 H8 N2 O1,1.0,3.7900000000000005,20,P21/c
NIPCAR,"C23 H7 F4 N6 S6,C4 H8 O1,2(C2 H3 N1)",1.0,7.3500000000000005,46,P21/n
IZAHOH,C21 H20 N6 O2,1.0,6.26,49,P21/c
PIHGOF,C24 H26 O2,1.0,6.43,52,P21/c
NADMEN,C27 H25 N3 O6,1.0,5.48,61,P-1
BASQUJ,C20 H19 N1 O3,1.0,5.94,43,P-1
KILFIW,C23 H18 Cl2 N4 O1,1.0,5.7299999999999995,48,P-1
KEFRAP,C13 H10 O2,1.0,6.88,25,P21/n
XAGZAK,"C11 H17 N2 O1 1+,C4 H3 O4 1-",2.0,4.16,31,P-1
TOTPUN01,C17 H27 N1 O2 S1,1.0,5.5,48,P21
DURFIH,C20 H21 N1 O3,1.0,3.7900000000000005,45,P212121
AVAVAU,C18 H22 O4,1.5,4.21,44,Pbna
DELNAJ,C22 H20 O2,0.5,5.6000000000000005,44,P21/c
BASFIK,C18 H32 O4 Si2,0.5,5.26,56,P-1
ZOVNUW,C15 H10 Br1 F1 O2,1.0,3.58,29,P21/c
HEJCUY,C20 H21 F5 N2 O2,2.0,3.7900000000000005,50,P21
TUDMEO,C19 H19 N5 O4,2.0,2.75,47,Cc
CHLSAN01,C13 H10 Cl1 N1 O1,1.0,5.5600000000000005,26,P21/c
TIBCOX,C27 H23 N3 O2,1.0,4.86,55,P21/c
WUHPAT,C14 H10 O2,1.0,2.9899999999999998,26,P21
DEHREN01,C11 H14 N4 O3,1.0,4.79,32,P212121
YEHKON,C14 H10 N2 S1,1.0,4.7,27,P21/n
GUYNOD01,C17 H15 N3 O2,1.0,3.89,37,Cc
DUDNIA,"C10 H15 O4 S1 1-,C10 H12 N1 O2 1+",1.0,2.82,30,P212121
EZIMUX,C16 H23 Cl1 O2,1.0,4.73,42,P21/c
HIYRUG,C15 H13 N1 O7 S1,1.0,3.4000000000000004,37,P-1
JONJEE,C26 H28 N1 O2 P1,1.0,5.43,58,P21/c
FODBAD02,C10 H13 N1 O5 S1,1.0,3.9800000000000004,30,P212121
UGUNAN,"2(C20 H12),C6 H4 N2 O4",0.5,5.94,32,P-1
MULWOH,C9 H15 N1 O5,1.0,2.56,30,P212121
NANBAJ,"C14 H12 N2 O2,4(H2 O1)",1.0,5.3,30,P21/n
MOZWUU,C14 H10 Br1 N3 O4,1.0,4.7700000000000005,32,P21/c
CERXAY,"C8 H10 O5,H2 O1",1.0,7.2,23,P21/n
ULIQUC02,C18 H16 N2 O3 S1,1.0,3.2399999999999998,40,P21/c
PATGEZ,"C7 H6 O3,0.5(C4 H8 O2)",1.0,5.52,16,P21/n
BEWDAK,C18 H22 O5,1.0,3.34,45,P212121
ACARBM02,"H4 N1 1+,C1 H2 N1 O2 1-",0.5,3.98,6,Ibam
SIWBEI,"C13 H18 Br1 N2 O1 1+,Cl1 1-",2.0,3.5900000000000003,35,P21
BEBLOJ,C7 H7 Cl1 N2 O2,1.0,5.4,19,P-1
UMICOL,C25 H28 Br1 N1 O3,2.0,4.55,58,P21
SELWIS,C30 H27 N1 O2,1.0,4.9,60,P-1
OBOJOH,C21 H36 O3,1.0,3.3000000000000003,60,P21
SAFWON,C13 H13 Br1 O3 S1,1.0,2.44,31,P-1
ARUCEV,C9 H15 N1 O2,2.0,4.3,27,P1
MUBKAZ,"C9 H6 Br2 N1 O1 1+,Br1 1-",1.0,2.1,19,P21/n
UWUGUP,C12 H18 Br6,1.0,3.13,36,P21/n
NAJMIZ,C30 H21 Cl1 N2 O2,1.0,5.08,56,P21/n
MAQFAO,C11 H12 O4 S1,2.0,5.1,28,P-1
CECWUE,C11 H10 Cl2 N2 O1 S2,1.0,3.39,28,P21/c
ILULOT,C19 H18 O2,1.0,6.99,39,Pbca
NUTTAY,"C12 H30 N2 2+,2(I3 1-)",0.25,2.86,44,C2/m
CUTLIO,C19 H14 N2,1.0,3.8600000000000003,35,P21/n
LACWEU,"C6 H4 N2,C7 H7 N1 O3",1.0,4.5600000000000005,18,C2/c
HUZFAJ,C13 H9 N3 O2,1.0,4.41,27,P21/c
BOCJUC,C24 H22 N2 O1,1.0,6.510000000000001,49,P21/c
MEGHAK,C24 H28 N2 O1,1.0,4.8,55,P21/n
UREGOQ06,C40 H24,1.0,4.760000000000001,64,P21/c
WICGIY,C18 H16 N2 O2,1.0,5.0,38,C2/c
BEBJIF,C12 H20 I2 Si2,0.5,2.92,36,P21/c
DUBJES,C29 H24 N2 O3 S1,1.0,4.04,59,P-1
IGABIC,"C12 H12 N1 1+,H1 O4 Se1 1-",1.0,3.74,25,Pbca
CONYIN10,C14 H11 N1 O3,1.0,3.8000000000000003,29,P21/n
FAHKEF,C19 H19 N3 O1,2.0,4.97,42,P-1
LUNYIG,C10 H6 Br2 S2,0.5,2.59,20,Pbca
HIZGOQ,C19 H21 N3 O2,2.0,6.460000000000001,45,P-1
ENISAV,C8 H9 Br1 N2 O3,1.0,4.0200000000000005,23,P21/c
JADSUF,C19 H14 N2 O2 S1,1.0,3.94,38,P-1
GITSAH,C12 H4 Br1 F5,1.0,5.319999999999999,22,P21/c
VISNUG,C15 H25 N1 O5 S2,1.0,4.2,48,P21
LUTWAB,C22 H26 O2 Si1,1.0,4.67,51,P21/c
YILNUE,C11 H10 N6 O2 S1,1.0,3.5000000000000004,30,P21/n
TOTDAK,C11 H16 N2 O6,2.0,3.2,35,P21
YAKREJ,C24 H33 N1 O2 S2,1.0,6.5200000000000005,62,P21/n
VUXGOK01,C10 H9 N1 O2,1.0,3.5300000000000002,22,P21/c
CEPJIU,C10 H18 N6 S2,1.0,3.34,36,P21/n
XICMIJ,C18 H17 Br2 N1 O1 S1,1.0,6.16,40,P21/c
XEDCER,C21 H28 O5,1.0,3.66,54,P21
OSIPEP,"C6 H14 N1 O2 1+,C5 H3 N2 O4 1-",2.0,6.239999999999999,23,P-1
COMCOY,C21 H19 N1 O3,1.0,3.2199999999999998,44,Pca21
VOSKIZ,"C22 H36 N4 4+,2(H2 O1),4(Cl1 1-)",0.5,3.5700000000000003,62,P-1
EBEXUF,C24 H36 O3,1.0,5.4,63,P212121
LEJPUL,C14 H32 N6,1.0,3.6,52,P-1
POPJEL,C8 H7 Br1 O3,1.0,2.64,19,P21/c
WOQLOG,C21 H26 N4 S2,2.0,2.39,53,P21
YOVBIV,C12 H12 N2 O2 S1,1.0,3.8000000000000003,29,P21/c
UGELUR,C20 H14 Br1 N1 O2,2.0,3.8899999999999997,38,P21
BREFEL03,C16 H24 O4,1.0,2.92,44,P212121
RORXOO,"C17 H15 F3 N2 O8 S2,H2 O1",1.0,4.49,47,P-1
WITQEX,C24 H21 N3 O2 S1,1.0,4.4799999999999995,51,P21/c
CAGCOH,C19 H25 N1 O2,1.0,2.39,47,P212121
LAURAC04,C12 H24 O2,1.0,6.71,38,P21/c
HUNNOU,C15 H18 O7,1.0,6.84,40,P21
GAKSOA,C26 H22 O4,1.0,4.5,52,P-1
DAHLIH,C7 H13 N3 O5,1.0,3.6,28,C2
UVEDIM,C17 H14 Br1 N3 O2,1.0,2.65,37,P21/c
ETOZUK02,C21 H15 N3 O1,1.0,2.78,40,P212121
TAGGER,C24 H23 N1 O1,2.0,3.9800000000000004,49,P21
YASHOR,C21 H29 N1 O2,1.0,3.43,53,P21212
MEWMUZ,C10 H12 Cl1 N1 O1 S1,1.0,2.91,26,P21/n
EKOZOV,C17 H13 N1 O2,1.0,4.71,33,Pbca
CDECEA,C13 H20 O4,1.0,6.7,37,Fdd2
PORVEB,C29 H23 B1 F2 N2,1.0,4.17,57,P-1
MXPENO,C13 H12 O4,1.0,5.4,29,Pbca
YAGSUV,C22 H30 N4 O6 S2,0.5,5.09,64,P21/c
ZEBXEL01,"C6 H10 N2 O3,C7 H6 O5",2.0,4.0,21,P21
VUXKEH,C21 H13 B1 F2 N4 S2,1.0,7.000000000000001,43,Cc
SADYEG,"C4 H1 N9 O4 2-,2(H4 N1 1+),0.5(H2 O1)",1.0,4.26,18,C2/c
FUDGIX,C19 H18 N2 O2,1.0,5.08,41,P21/c
LIVFIH,"C19 H24 N2 O3,H2 O1",1.0,5.1499999999999995,48,P21
XABXIM,C20 H17 N3 O3,1.0,3.15,43,Cc
WEGPAD,C14 H16 Cl2 N2 O1 S1,1.0,4.81,36,P21/n
RIMDOI,C16 H10 Cl1 N1 O2,1.0,3.85,30,P21/n
VUWGEB,C23 H20 N2 O2,1.0,3.47,47,Pca21
IKATEU,C26 H28 O5,1.0,4.82,59,P-1
YEZHAP,C19 H23 N1 O5,1.0,3.25,48,C2
WUPYOZ,C25 H17 N1 O1,1.0,2.69,44,P63
SIBQOM01,"C4 N8 O6 2-,2(H4 N1 1+),H2 O1",1.0,3.19,18,Pccn
HANCEH,"C11 H12 N1 O2 1+,Cl1 1-",1.0,4.9,26,P21/a
NARMUO,C11 H8 F4 N2,0.5,4.2,25,P21/m
ROTMEU,"C11 H8 F5 N2 1+,Br1 1-",1.0,2.17,26,P21/n
HOMROS,C16 H15 Br1 O4,1.0,2.01,36,P-1
GIVGAU,C14 H14 N2 O1 S1,1.0,3.48,32,P21/c
XOTFET,C19 H11 B1 Cl2 F2 N2 O1,1.0,5.800000000000001,38,P21/c
PUMGAI,"C9 H8 O4,C6 H7 N3 O1",1.0,5.63,21,P-1
KIYHIJ,"C6 N4 1-,C4 H10 O2,K1 1+",1.0,6.5,16,P21/n
VAYKEN,C17 H19 N3 O2,1.0,5.98,41,P21/n
PUNFAJ,"C27 H16 F3 N2 O4 S1 1-,C2 H8 N1 1+,0.43(H2 O1)",1.0,5.17,53,P-1
DUXQIA,C17 H18 O3 S1,1.0,2.25,39,P21
RASNIM,"C5 H7 N2 1+,0.5(C2 H2 O4),C2 H1 O4 1-,0.5(H2 O1)",1.0,4.77,14,P-1
NANYOS01,C23 H20 O3,1.0,2.8000000000000003,46,P212121
YAVWUO,C18 H20 N4 O2,1.0,4.4,44,P212121
TPDMSI,C6 H18 P4 Si3,0.33,3.5,31,R-3
KABDEZ,C14 H25 N1 O5 S1 Si1,1.0,3.3000000000000003,47,Pca21
ATIDOX02,"2(C6 H14 N1 1+),C8 H4 O4 2-",1.0,3.2800000000000002,21,Cc
HAJBID01,C19 H22 O6,2.0,3.5999999999999996,47,P1
RUMMEV,C30 H25 N1 O2 Si1,1.0,3.6900000000000004,59,P21/n
MEHBOR02,C9 H13 O4 P1,1.0,3.7900000000000005,27,P21/n
PAPDOD,C34 H24 N2 O2,1.0,3.61,62,P21
SIVMOB,C21 H16 N2 O1,1.0,4.8500000000000005,40,P21
CODDIL,C24 H16 B1 N3 O4,1.0,5.29,48,P-1
XUQSOT,C12 H15 Br1 F1 N1 O1,1.0,3.4299999999999997,31,P21
XEKNUA,C30 H9 As1 Cl4 F18 O2,1.0,5.33,64,P21/n
RUHHOR,C12 H8 N2 O6,1.0,2.82,28,C2221
UCIHEV,C12 H11 Br1 N2 O2,1.0,2.27,28,P21/c
SOVVEF,"2(C4 H12 N1 1+),C8 H4 O4 2-",0.5,5.47,17,P21/n
AHEXAQ,C20 H20 O3,2.0,5.2,43,P21/c
CIJXUR,C17 H9 Cl1 F3 N1 O3,1.0,6.76,34,P21/c
VABYEE,C14 H11 N3 O4,1.0,4.47,32,P21/c
LERSEJ01,C17 H14 O2 S1,1.0,4.61,34,P21/c
ZEWCUC,C21 H24 N2 O1 S1,1.0,6.97,49,P212121
BEHMUY,C13 H10 N6,1.0,5.46,29,P21/n
KUVBAF,C28 H23 N3 O4,1.0,4.04,58,P-1
EYOGUX,C22 H15 Br1 N2 O1,1.0,2.83,41,P212121
GIVREJ,"C19 H26 O4,0.6(C1 H4 O1),H2 O1",1.0,4.6000000000000005,49,P212121
HALSOE,C14 H20 N2,1.0,7.36,36,P-1
MESCZB,C2 H6 N2 O1 S1,1.0,5.7,12,P2/c
JUTBOR,C14 H18 N2 O3 S1,1.0,4.42,38,P21
ODADOQ,C21 H33 N1 O3 Si1,1.0,5.45,59,P21/c
RORTOL,"C26 H17 N5 O1,C4 H8 O2",1.0,6.22,49,P-1
GUBBIQ,C23 H30 O7,2.0,5.28,60,P-1
XEVTEX,C18 H16 Cl2 N2 O5,1.0,4.1,43,P31
AZECOA,C11 H17 N1 O3,2.0,2.4899999999999998,32,P21
ATAHUZ,"C24 H21 Br1 N2 O3,C1 H2 Cl2",1.0,4.98,51,P212121
KUQGOW,C13 H8 N6,1.0,7.48,27,P21
CUYLAJ,C10 H6 N2 O4 Se2,0.5,2.6,24,P21/n
YEQFOP,C14 H13 N1 O2,1.0,4.8,30,Pbca
ZUDDOT01,C20 H12 F12 O2 Si1,1.0,4.859999999999999,47,P21/n
JASTAY01,C16 H10 Cl8,1.0,4.5,34,C2/c
XIFSOY,"C15 H12 O6,C1 H2 Cl2",1.0,4.73,33,P21/c
VUWDEY,C20 H27 Br1 N2 O2,1.0,2.4,52,P21/c
SAWHIJ,C27 H30 N2 O2,2.0,3.95,61,P212121
ACETUY,C15 H14 O3,1.0,3.87,32,P21/n
HXQUIN13,C9 H7 N1 O1,1.0,2.5500000000000003,18,Fdd2
RIWQET,C13 H12 N4 O4,1.0,4.49,33,P21
QUWKUR,C23 H15 N3,1.0,5.0,41,P21/c
LAVWEL01,C19 H19 N3 O3,1.0,6.3,44,C2/c
POVLOB,"C1 H6 N3 S1 1+,H2 O4 P1 1-",1.0,3.9,11,C2/c
AGAMEA01,C18 H20 O4,1.0,4.26,42,P21/c
WERVEU06,C6 H6 N4 O4,1.0,3.02,20,P21
ULISUD01,C12 H12 O2 S2,0.5,4.55,28,Pbca
HAHZOF,C16 H19 N1 O5,1.0,6.1000000000000005,41,P21
SAJNEB,C28 H20 O4,1.0,5.75,52,P21/n
LOKCIA,C28 H25 N1 O3,1.0,3.63,57,C2
ISATAA,C16 H21 N1 O5,1.0,3.01,43,Pna21
IPAROJ,"2(C16 H11 Cl1 N2 O2),C4 H8 O2",1.0,6.68,32,P-1
BONTAC,C20 H25 N1 O5,1.0,2.65,51,P212121
TUBVUJ,C21 H16 Cl2 N2 O1,1.0,5.36,42,P-1
DEQFEN,C21 H20 N2 O1,1.0,5.5,44,P-1
AGASUY,C13 H15 N1 O2,1.0,4.3999999999999995,31,P21
KODRIF,C9 H14 As2 I2,1.0,2.86,27,P21/c
POBYUE,C16 H15 N3 O1,1.0,4.05,35,P21/n
UTITAT,C16 H12 N2,2.0,5.78,30,Cc
NASKUN01,C12 H8 B2 O5,0.5,6.710000000000001,27,I2/a
KEHYIG,C20 H22 N2 O1,1.0,3.59,45,P212121
BUNYEQ,C15 H22 N2 O2,1.0,2.6100000000000003,41,P21
ORAVOW,C30 H20 O2,1.0,4.2700000000000005,52,P21/n
RARMAA,C20 H16 N4,1.0,3.81,40,P21/n
EQAXAY,C21 H24 N2 O4 S1,1.0,7.42,52,P21/c
YEDKEA,C14 H11 N3 O6,1.0,4.67,34,C2/c
MORPIT,C20 H26 N4 O6,1.0,7.32,56,P21/c
CIZXUG,"C12 H6 N2 O2,C2 H6 O1",1.0,3.95,22,P-1
IVEROT,C13 H9 N3 O2,1.0,4.8500000000000005,27,P-1
ZUWZUO,C14 H14 O1,2.0,3.16,29,C2
ESOPOT,"C15 H11 B1 F2 N2 O1,H2 O1",1.0,3.9,32,Pbca
DIJNAM,C18 H17 N1 O4,1.0,5.3100000000000005,40,P21/c
LESQUX,C26 H22 N2 O4,1.0,3.77,54,P21/c
VESFUV01,C16 H12 O5 S1,1.0,3.45,34,P21/n
IZAHOJ,"C6 H8 N2 O2,C7 H6 O3",1.0,3.66,18,P-1
UVUGIF,C13 H12 Cl1 N3 O4 S1,1.0,3.39,34,P21/c
BIFVAP01,"C20 H17 O8 1-,C15 H22 Cl2 N1 O1 1+,C2 H6 O1 S1",1.0,5.0,45,P21
VAYBUW,C18 H21 F4 N3,1.0,3.7800000000000002,46,P21/n
JUPXAT,C22 H22 O2 S3,1.0,3.8000000000000003,49,P-1
ECEROT,C23 H23 N1 O2,1.0,6.2,49,Cc
KOQSES,C10 H11 N1 O3,1.0,3.74,25,P21/c
XEQXAV,C24 H27 N1 O5 S1,1.0,4.859999999999999,58,P-1
CIRBUA,C3 H11 N1 O6 P2,1.0,2.95,23,P21/c
GIKREA01,"C12 H8 N2,C6 F4 I2",0.25,1.66,22,Pnnm
JADPEM,C13 H10 Br1 N1 O1 S2,1.0,3.8699999999999997,28,P-1
GOVMIN,C19 H15 N1 O4,1.0,4.1,39,P-1
GACPOS,"C20 H22 N2 O3,C1 H4 O1",1.0,3.61,47,P212121
TAZMEP,"C6 H4 B1 F3 O2,C8 H6 N2",1.0,5.01,16,P21/c
GISLUR,C20 H20 N2 O2,0.5,4.77,44,P21/m
TUFXUP,C21 H25 N3,2.0,4.52,49,P-1
ELOPAY,C15 H12 Br1 N1 O2,1.0,1.78,31,C2/c
UHEDEU,"C8 H12 N2,C10 H8 N2,C10 H8 N2,2(C6 H5 Cl1 O2)",0.5,3.73,22,P-1
KIRMAD,C10 H6 N6 O1 S1,1.0,3.1199999999999997,24,P212121
AKOZOQ,C17 H18 O3,1.0,3.58,38,P21/c
UYEZEE,C15 H13 Cl1 I2 Te1,1.0,4.0600000000000005,32,P-1
RIDZUD,C15 H12 N4 O2 S1,1.0,4.55,34,P21/c
IVUQIZ02,"C13 H12 F2 N6 O1,H2 O1",1.0,3.2,34,P-1
LIPDOH,C15 H18 O5,1.0,2.36,38,P212121
PELWEJ,"C8 H18 O14 Sr1,2(H2 O1)",1.0,2.12,41,P212121
THIOUR30,C1 H4 N2 S1,1.5,5.2,8,Pnma
JAMBEH,C18 H14 O4,1.0,5.0200000000000005,36,P212121
HEVWOU,C10 H11 Br1 O4 S1,1.0,4.01,27,P21/c
CERLAM,C16 H21 N1 O4,1.0,6.93,42,C2/c
WUNKEZ,C20 H26 N4 O7,1.0,2.4899999999999998,57,P1
YOVKIG,C12 H9 Cl1 N2 O1,1.0,3.11,25,C2/c
GAFBOI,"C19 H21 N2 1+,F6 P1 1-",2.0,6.43,42,P21/n
JUPMIS,C17 H13 N1 O2 S1,2.0,2.85,34,P21
KIFLEQ01,"C1 H7 N4 1+,N3 O4 1-",1.0,3.48,12,Pc
COXZAS07,C12 H12 N2 O2,1.0,3.51,28,P21/a
USIZAY01,C16 H14 O5,1.0,3.56,35,P-1
SAQLEF,C15 H10 O5,1.0,4.07,30,P212121
ZUQREK,C6 H8 O3,1.0,2.5,17,P212121
BOJNOE,"C4 H12 N1 1+,C8 F20 N1 O2 P2 1-",2.0,5.3,33,P21/n
MAVBER,C30 H26 O1,1.0,6.3100000000000005,57,P21/c
QAWXOC,C12 H17 N3 O1 S2,1.0,4.03,35,P-1
RONTAT,"C19 H22 N2 O1 P1 1+,2(H2 O1),Cl1 1-",1.0,5.63,45,P212121
SAHXUZ,C19 H18 F3 N1 O3,1.0,2.46,44,P21
BENLUE,C22 H32 F2 N4 O4,1.0,4.8,64,P-1
UKUCEM,C12 H13 N3 O3 S1,2.0,4.02,32,P21/c
EQANAN,"C12 H10 N4,C3 H7 N1 O1",1.0,3.5999999999999996,26,P-1
ITELIG,C19 H25 N1 O4,1.0,3.06,49,P212121
AFADUK,C23 H20 Br1 F2 N1 O3,1.0,3.46,50,P21/c
WAMGEW,C27 H19 Br1 O3,1.0,6.1000000000000005,50,P-1
HEPSOO,C16 H18 F1 N1 O2,1.0,3.2399999999999998,38,P31
ADUHIQ,C17 H23 N1 O5,1.0,4.09,46,P212121
HOWYID,C11 H11 N1 O2,1.0,5.29,25,Pna21
IMAZOL26,C3 H4 N2,1.0,5.92,9,Aba2
ZITVUW,"C11 H18 F3 N1 O4,H2 O1",1.0,4.72,37,P21
TISNAN,C13 H19 N1 O1,1.0,4.0,34,P21/n
QEWPEQ01,C15 H15 N1 O1,1.0,4.0,32,C2
UKONIR,C27 H33 B1 N1 P1,1.0,3.35,63,P212121
JUKDIC,C12 H17 N1 O4,1.0,3.48,34,C2/c
WOHNIS,C21 H37 N1 O1 S1,1.0,5.41,61,P-1
AVUCUR,C16 H21 N1 O4,1.0,6.8500000000000005,42,P-1
CAZQAX,C7 H12 N2 O2,1.0,3.5300000000000002,23,P-1
GOLCOC,C14 H14 N2 O2 S1,1.0,3.1399999999999997,33,P21/n
SAGZIL,C21 H21 Br1 O2 S1,1.0,3.74,46,P21/c
ANUXUE,C13 H18 N2 O4,1.0,5.680000000000001,37,P21/n
FAWGAN,C19 H17 N1 O4,1.0,2.5300000000000002,41,P212121
TECTEB,"C15 H16 N4 O1,H2 O1",1.0,5.21,36,P-1
BECKED,C21 H22 O7,2.0,3.5999999999999996,50,P-1
KUZKOH,C22 H22 N4 S3 Si2,1.0,6.18,53,P-1
LEHQAU,C20 H23 Br1 O1,1.0,5.33,45,P21/c
ONOFAC,C21 H17 N1,1.0,6.97,39,P21/c
BAQGEI,C23 H17 F1 N2 O4,1.0,4.569999999999999,47,C2/c
DULJIF,C24 H24 N4,1.0,2.78,52,P212121
XIZZEN,C19 H19 N1 O2 S1,1.0,2.22,42,P212121
ZICRAG,C16 H11 I1 O2,1.0,4.26,30,P21/n
IBAVIT,C18 H23 N1 O5,1.0,5.390000000000001,47,Pbca
SEZYON,C27 H29 N3 O1,1.0,4.3999999999999995,60,P-1
KEDPAL,C8 H17 O2 P1 S1,1.0,4.5200000000000005,29,P21/c
JIVPAI,"C22 H16 N4 O2 S1,C1 H4 O1",1.0,4.01,45,P21/c
VICKOJ,C21 H21 Br1 O4,1.0,3.82,47,P212121
POXFOB,C26 H19 Cl1 O2,1.0,4.4799999999999995,48,P21/c
GEJHOS,C18 H32 N2 O2 Si2,0.5,4.4,56,C2/c
XUMZUB,C20 H24 O3 Si2,1.0,4.19,49,P-1
QOLPUE,C19 H25 N1 O3 Si2,1.0,5.16,50,Pbca
KACTIS,"C17 H20 N3 1+,I3 1-",1.0,4.11,40,P-1
QUYJOM,C18 H24 N1 O4 P1,1.0,5.24,48,P-1
SONYAV,C17 H16 N2 O3,1.0,5.6000000000000005,38,P21/n
NEFYEE,C18 H28 N2 O3,1.0,7.44,51,P-1
TEFSAA,C22 H21 Cl1 O1,1.0,3.11,45,P43
FAYZUD,C17 H21 N5 O4 S1,1.0,3.18,48,C2/c
IPAQUN,C20 H19 N1 O2 S2,1.0,3.5900000000000003,44,P21
YOKPAT,C12 H12 N2 O2,1.0,2.65,28,P212121
AWEVIK,C22 H22 N2 O7 S1,1.0,3.56,54,P-1
SULMIV,C18 H28 Si3,0.5,3.8000000000000003,49,Pnma
BDORLA10,C10 H10 N2 O7,1.0,3.2,29,P1
WOVJIC,"C18 H13 N3 O4,2(C9 H7 N1)",1.0,4.390000000000001,38,P21
WOYTOV,C29 H25 Br1 O2,1.0,2.34,57,P21/c
AQIKIV,C19 H14 N4 O2,1.0,4.2,39,P21
NUVREF,C24 H23 N1 O3 S1,2.0,3.85,52,P-1
ICOXUT,C14 H13 N3 O2,1.0,2.9,32,P21/c
IXOKUD,C9 H18 I1 N1 O3 Si1,1.0,7.290000000000001,33,P21/n
XAMLUU,C24 H15 Br1 O4,1.0,4.2,44,P21/c
DOFZIL,C14 H15 N1 O2,1.0,6.3,32,P21/c
TOQDUA01,"2(C9 H17 N2 1+),Cl6 Te1 2-",0.5,2.15,28,P21/c
WUTLAZ,C22 H24 O6,1.0,4.78,52,P212121
PIDYEH,"C11 H16 N1 O2 1+,Cl1 1-",1.0,3.59,30,P21/n
OSIGAZ01,C11 H22 N3 O3,1.0,4.65,39,Pna21
NEDRUN,C15 H18 O2,1.0,3.16,35,P212121
OBUGUR,C21 H19 Cl1 N2 O1,1.0,5.28,44,P21/c
JOJGEY,"C12 H10 Br1 I1 N1 1+,1.5(C6 F4 I2),I1 1-",1.0,3.1199999999999997,25,Pbca
SOJNAG06,C2 H5 N3 O1 S1,1.0,1.1400000000000001,12,P21/c
OXUQIL,C18 H18 Br1 N3 O3 S1,2.0,6.239999999999999,44,P21/c
PUNPIB,C15 H16 Br2 N2 O2,2.0,3.83,37,P-1
PUMQAP,"C7 H11 N2 1+,C6 H4 N1 O3 1-,C6 H5 N1 O3",1.0,5.4,20,P212121
YIDDAS,C6 H12 I6 O1 Si2,1.0,4.15,27,P21/n
HEKZII,"I2,C6 H12 N2,C1 H1 Cl3",0.5,2.65,20,Pnma
PESBAT31,"C7 H7 N2 1+,C8 Cl2 N2 O2 1-",1.0,3.34,16,P21/n
AZEMAW,C25 H21 Cl1 Si1,1.0,5.48,48,P-1
NECVAS,C18 H18 N2,2.0,4.6000000000000005,38,P21/c
HITDOF,C14 H24 N2 O3,2.0,4.87,43,P-1
FIFGAC01,C23 H30 N2 O4,1.0,4.73,59,P212121
BELGOR,"C4 H7 N4 1+,C3 H3 O4 1-,H2 O1",2.0,3.7699999999999996,15,P-1
NOFCOD,"C26 H22 N2 O8 2-,2(C6 H16 N1 1+)",0.5,3.93,58,P21/c
HUZKIW,C20 H22 N2 O1,1.0,4.97,45,P21/c
CIYNUX,C29 H12 B2 F20 Si1,1.0,3.5999999999999996,64,Pbca
IHUSUB,C16 H11 Cl1 N2 O2,1.0,4.34,32,P21/n
TOYSIJ,C20 H25 N1 O4,1.0,6.42,50,P-1
YUYYAS,"C6 H10 N2 2+,H2 O7 P2 2-",1.0,2.8000000000000003,18,P-1
BUFTED01,C19 H26 O3,2.0,2.8899999999999997,48,P21
SUTLAX,C25 H21 Br1 N2 O3,1.0,5.58,52,Pca21
KEBLEJ,C18 H20 N2 O3,1.0,3.58,43,P21/c
KETJUP,"C8 H20 N1 1+,C7 H16 B11 1-",1.0,6.86,34,P21/c
TIZJEV,C20 H26 O6,1.0,3.1,52,P21
NEPWUB03,C30 H20 N2,1.0,4.18,52,P212121
IQEKAT,C26 H17 F3 N2 O4 S1,2.0,5.26,53,P21
XESFIN,C19 H15 N3 O3 S1,1.0,4.82,41,P-1
TICQOO,C19 H22 N2 O2 S2,1.0,5.24,47,P21/n
AGUGIU01,C18 H19 N1 O3 S1,1.0,3.61,42,Pc
FIDCOM,C28 H25 N3 O4,1.0,4.5600000000000005,60,C2/c
COMVAF,C18 H30 O4,1.0,4.54,52,P21
NUXXIN,C28 H26,1.0,5.1000000000000005,54,P21/a
QEDGAK,C11 H9 N3 O3,1.0,6.460000000000001,26,P21/c
HEGZUS,"2(C12 H10 N4),C6 H6 O2",1.0,4.9399999999999995,26,P-1
DAJFUS,C18 H26 O2 Si1,1.0,3.45,47,Pna21
DIQDUF,"C13 H11 N3 O5 S1,C3 H7 N1 O1",1.0,3.51,33,P-1
WIXGAO,C21 H24 N2 O2,1.0,5.8999999999999995,49,P21/n
NOQYEA,C8 H8 Cl1 N1 O5 S1,1.0,3.19,24,P21/n
FOGSIF,C22 H32 O6 P2,1.0,5.779999999999999,62,P21/c
TIXBOS,C19 H20 I1 N1,1.0,5.4,41,P21/c
AFIFAZ01,C15 H26 O2,2.0,6.64,43,P21
XOGBEB,C8 H16 N2 O2 S1,1.0,5.53,29,P-1
RONLEL,C13 H9 Br2 N1,1.0,3.95,25,P21/c
ALOMOG,C18 H17 N1 O1,1.0,4.96,37,P21/c
XUJQUS,C14 H12 O3,0.5,3.0700000000000003,29,P21/m
SAGJIV,C10 H12 O4,1.0,3.48,26,P21/n
VOMGIR,"C14 H20 Ca1 O9,5(H2 O1)",0.5,4.73,44,Pnma
QOKRAL,C23 H26,1.0,4.61,49,P21
DUNHUQ,"2(C5 H6 N3 O2 1+),H2 O7 P2 2-",1.0,3.31,16,Pca21
TPEPHO23,C18 H15 O1 P1,1.0,5.63,35,P21/c
ROJXUM,C18 H24 N1 O2 P1,1.0,2.75,46,P212121
OCUZAR,C14 H11 N1 O4,1.0,4.01,30,P21/c
JOLLAZ,C14 H15 Br1 O5 S1,1.0,2.88,36,P21/n
OCASOD,C21 H19 P1,1.0,4.06,41,P21/c
NILBIX,C20 H20 O6,1.0,3.49,46,P21/c
ASIGUH,C16 H23 N1 O2 S1,1.0,6.08,43,P21/c
EFIGAE,C19 H26 O4,1.0,4.38,49,P212121
EDOTEX05,"C9 H17 N2 1+,Br1 1-",1.0,4.17,28,P21/c
SETGOO,C15 H13 Br1 O5 S1,1.0,3.48,35,P-1
VIJFOK,C13 H14 N2 O6,1.0,4.2,35,P212121
ROTMUK,"C13 H16 F5 N2 1+,Br1 1-",1.0,5.83,36,P21/n
CAHTUD,C24 H16 N2 O2 S1,2.0,4.41,45,P21/n
KIJFIV,C17 H13 N1 O3,1.0,3.52,34,P21/n
DUGQOL,C18 H19 N3 O4,2.0,4.21,44,P212121
XIJNIN,C13 H20 O6 S1,1.0,3.83,40,P-1
BATKIR,C18 H23 O1 P1,1.0,4.2,43,P212121
WIFQUY,C24 H26 N4 O7,1.0,5.5,61,P21/c
YOKXED,C24 H20 Br1 N1 O4,1.0,2.52,50,P-1
KEYDAU,C26 H26 N2 O4 S2,1.0,4.54,60,P-1
RBTCNQ,"C12 H4 N4 1-,Rb1 1+",1.0,6.57,20,P21/c
RIZPOH,C22 H29 P1,2.0,4.72,52,P-1
PEFFEM,"C8 H22 N2 2+,2(H4 B5 O10 1-)",0.5,5.29,32,P21/c
VOMKAM,"C9 H14 N4 O3,H2 O1",1.0,2.33,30,P212121
BUCWAA,"Br3 O6 1+,C1 F3 O3 S1 1-",1.0,1.35,9,C2/c
MAQWIM12,C10 H10 D2 N2 O2,1.0,6.99,26,Pna21
NUYROS,C28 H22 N2 O2 S2,1.0,6.950000000000001,56,P21/n
WEWCUZ,C17 H25 N1 O4 S1,1.0,2.54,48,P21212
QOPSAQ01,C19 H21 Cl1 O1,1.0,7.08,42,P21/c
DIRHAP,C16 H14 N6 O1,1.0,5.59,37,P21/c
LUYLOI,C22 H19 N3 O3,2.0,3.4799999999999995,47,Pna21
HAGCEA,C17 H15 O2 P1,1.0,4.45,35,P21/c
XUXDIG03,C22 H19 F1 N2 O1,2.0,6.99,45,P-1
VENPIP,C7 H17 B2 N3,1.0,3.36,29,P21/n
BADJOH,C22 H23 N1 O10,1.0,3.91,56,P21/c
UZOKUS,C21 H19 N1 O2 S2,1.0,4.569999999999999,45,P-1
XASWOH,C5 H3 N5 O2 S3,1.0,4.91,18,P21/c
HONTOT,C32 H26 O4,0.5,3.91,62,P21/c
OCEJIT,C16 H13 N1 O2,1.0,4.41,32,P-1
HEGHUZ,"C18 H17 N6 O3 1+,Cl1 1-,2(H2 O1)",1.0,4.51,44,P21/c
PUBSUD,C15 H15 N1 O2,2.0,3.88,33,P21/c
WORFOC,C7 H9 Br1 N4 O2 S1,1.0,2.67,24,Pbca
IXIPIR,C18 H18 N2 O1,1.0,6.21,39,P21/c
ZUKXEI,"2(C5 H7 N3 O1),C6 H10 O4",0.5,6.0,20,P21/c
DUPQUE,"C6 H4 F1 N2 Se1 1+,Cl1 1-",1.0,2.5,14,P21/c
UNODEJ,"C16 H26 N2 O4 2+,2(H2 O1),2(Cl1 1-)",0.5,3.08,48,P21/c
RASXAN,C14 H28 N2 O6 S1,2.0,6.93,51,C2
BUCSUP,C22 H30 O7 S1,1.0,3.0,60,P21
GIXLOR01,"C6 H10 N3 O2 1+,I1 1-",1.0,1.1900000000000002,21,P21
SALIAC27,C7 H6 O3,1.0,5.35,16,P21/c
FAMZUS,C11 H9 Br1 O4,1.0,1.77,25,P21
WOHVEY,C13 H11 N1 O5,1.0,4.67,30,P21/c
YOPFAN,C8 H10 N2 O3 S1,2.0,3.9699999999999998,24,P21/n
YIQJIT,C17 H30 O4 Si1,1.0,3.35,52,P21
EQUXOD,"C3 H5 N2 1+,C6 H7 O4 1-",1.0,4.34,17,Cc
AWIQEE02,C17 H17 N3 S1,1.0,4.04,38,P-1
EZEDIX,C26 H28 N2 O3 S1,1.0,6.38,60,P212121
IBOBAD,C23 H22 N4,1.0,5.33,49,P-1
UFOMEI,C22 H16 Cl2 O2 S2,0.5,4.83,44,C2/c
RICFUF,C20 H23 N3 O5,1.0,3.7,51,P21/n
XOBGUR,"C26 H22 O2,C13 H15 N1 O2",1.0,3.89,50,P21/c
HIDPIU,C14 H11 N1 O1 S2,2.0,3.3000000000000003,29,P-1
TOKYUN,C16 H21 Br1 N2 O2,1.0,6.42,42,P21
GINDUC,"2(C8 H20 N1 1+),O3 S2 2-,2(H2 O1)",1.0,3.0,29,P21
KAZVIT,C17 H17 N1 O2 S1,1.0,4.37,38,P212121
PACBIE,C18 H25 N1 O3,1.0,5.4,47,P212121
AMUVOV,C9 H9 N1 O2 S1,1.0,6.36,22,P21/n
EJUCEU,C16 H14 N6 O4,1.0,5.89,40,P21
JIPDUH,"C8 H18 N1 O1 1+,C8 H7 O3 1-",2.0,5.1000000000000005,28,P212121
WUZTOA,C13 H28 N6 O1,1.0,5.44,48,P-1
RURDAM,C14 H19 N1 O2,1.0,4.5,36,P21/n
CANBEZ,C9 H12 N4,0.5,6.8100000000000005,25,C2/c
PAHSAX,"C7 H3 N7 O8,1.5(H2 O1)",1.0,6.93,25,P21/c
MODQED,"C21 H13 B1 F2 N2 S4,C21 H13 B1 F2 N2 S4 1+,As1 F6 1-",1.0,5.970000000000001,43,P2/a
EHEQUF,"C15 H13 N1 O3 S2,2(C1 H4 O1)",1.0,5.58,34,P-1
BOJWAZ,C9 H14 N2 O4 S1,0.5,4.01,30,C2/c
FAHDEX,C18 H17 Cl1 O7,1.0,6.0,43,P-1
ETASIB,C4 H5 N3,2.0,5.42,12,Pcab
DAFQOT01,"C7 H5 N1 O5,C3 H7 N1 O1",1.0,4.89,18,P21/c
BASHUA,C22 H20 N2 O4,1.0,3.17,48,P212121
CEXZAH,"C1 H7 N4 1+,C4 H5 O6 1-,H2 O1",1.0,2.59,15,P212121
ZIKSIY,C17 H12 Cl1 N1 O3,2.0,4.02,34,P-1
XOHDAB,"C7 H7 N3 O1,H2 O1",1.0,2.65,18,P-1
ZILJOV,C19 H20 N2 S1,1.0,4.82,42,P212121
DINPEV10,C15 H12 O1,1.0,3.5,28,P21/n
GAWFEQ,C21 H17 N1 O1,1.0,3.64,40,P21/c
SUQHER,C21 H28 N4 O4,1.0,5.59,57,P212121
SEFSIF,C6 H8 O2,0.5,4.0,16,C2/m
MOHQEJ,C32 H22 N2,2.0,5.11,56,P21
CABCIR01,C12 H15 Cl2 N1 O5 S1,1.0,4.4,36,P212121
QQQAKV01,C28 H18 O4,0.5,5.11,50,P21/c
QUGQIW,C31 H23 N3,1.0,3.1,57,P212121
SOGXAR,C23 H21 N3 O3,1.0,3.04,50,P212121
QAMCAM59,C6 H12 N4,0.041666666666666664,3.6999999999999997,22,I-43m
JADSEP,"C18 H20 N3 1+,I1 1-",1.0,3.35,41,P21/n
ACIQEI,C9 H14 Br1 N1 O1,1.0,2.89,26,P21/n
RUKWUS,C23 H23 N1 O3,1.0,5.4,50,P-1
WIVHIW,"C15 H14 N1 O3 1+,H2 O4 P1 1-",1.0,2.8400000000000003,33,P21/c
GAGKOR,"2(C2 H8 N1 O6 P2 1-),C4 H12 N2 2+,4(H2 O1)",0.5,3.2800000000000002,19,P-1
COJTUQ,"C10 H18 N2 O4 S2 2-,2(K1 1+),3(H2 O1)",1.0,4.69,36,P21
SAGDIP,C23 H17 N1 O5 S1,1.0,4.38,47,P-1
NUYPAY01,C20 H20 Cl8 O4,1.0,2.4299999999999997,52,P21
XOZXES,C21 H15 N1 O1,1.0,5.81,38,P-1
IFIYAX,"C7 H15 N3 O6,2(H2 O1)",1.0,5.6000000000000005,31,P212121
BUXWUM,"C17 H14 N1 O5 1-,Na1 1+,3(H2 O1)",1.0,3.9,37,C2/c
ISEJIA,C24 H24 N2 O4,1.0,4.9,54,P212121
MOLJAY,C18 H24 O2,1.0,5.86,44,P21/n
ERUKEK,C20 H14 N4 O3,1.0,4.49,41,P21/n
OGUTOB,"C9 H10 N4 O2 S2,0.5(C6 H10 O4)",1.0,2.91,27,P21/c
LTHREO07,C4 H9 N1 O3,1.0,5.72,17,P212121
BOLXIJ,C15 H22 O4,1.0,3.3000000000000003,41,P21
GABLUV,C16 H18 O3,1.0,6.77,37,P21/c
DOPLOL05,C7 H6 N4 O5,1.0,4.390000000000001,22,P21/c
TUXBIA,C14 H17 B1 F1 N1 O2,1.0,2.92,36,P212121
GIHSID,C24 H21 N1,1.0,6.43,46,C2/c
HIQWEJ03,C10 H8 N2,2.0,4.7,20,P-1
VEFLEZ,C10 H13 N2 O2 P1,2.0,4.29,28,P21/c
NOQXEA,"C17 H19 N1 O7,C4 H8 O2",1.0,3.83,44,P21
FOXNUB01,"C1 H6 N3 1+,B1 F4 1-",0.17,4.6000000000000005,10,R3m
YAXWAV,C9 H3 N5 Se4,2.0,7.1,21,P21/c
ESUTEU,"C12 H11 N1 O3 S1,C6 H7 N1",1.0,5.4399999999999995,28,P-1
SOXZUC,C20 H26 N2 O5 S2,1.0,4.38,55,Pbca
TODLEF,"C16 H21 N1 O1 P1 S1 1+,C12 H10 O1 P1 S1 1-",1.0,3.9,41,P-1
KOQQIU,C19 H13 P1 S1,1.0,3.38,34,C2/c
ACAJOH,C23 H20 N2,1.0,6.41,45,P-1
WOVXOX,"C7 H9 N2 O2 1+,H1 O4 S1 1-",2.0,4.43,20,Pna21
RUMHUG,C16 H9 N1 O1 Se1,1.0,2.67,28,P-1
MEKZEL,C16 H25 N1 O3,1.0,6.76,45,Pbca
SAVMOU,"C10 H4 O8 2-,2(C5 H7 B1 N1 O2 1+),2(H2 O1)",0.5,5.6000000000000005,22,P-1
YUXDEC,C16 H29 N1 O2,1.0,3.27,48,P212121
ZAFPIK,C27 H19 N3 O3,1.0,4.25,52,P21/n
DOJGOB,C14 H20 F2 N2 O3 S1,1.0,6.569999999999999,42,P212121
HOSPIR,C20 H17 N5 O4,1.0,4.2,46,P21/c
GODXIJ,C20 H17 N1 O8,1.0,4.33,46,P-1
RATSIS,C20 H15 F1 O4,1.0,4.9,40,P21/c
CUQNIL,"C4 H12 N1 1+,C1 N1 S1 1-,O2 S1",1.0,2.95,17,P21/c
DALSUI,C21 H22 O6,1.0,4.38,49,P-1
KEYXOD,C14 H14 Cl1 N1 O4,1.0,4.63,34,P21/c
LAKHOU,C20 H22 F6 N2 S1,2.0,3.99,51,P21/n
IWATEF,"C15 H25 O1 1+,F6 P1 1-",1.0,5.66,41,Pc21n
FEGSUH,C12 H24 Ca1 I2 O4 Se2,0.5,5.73,45,C2/c
SUCSOY01,C20 H26,0.5,5.07,46,P-1
UDUTOD,C12 H13 N1 O3,2.0,4.6000000000000005,29,P-1
TEKZOB,C16 H21 N1 O3,1.0,4.279999999999999,41,Pccn
ACETOT,"C14 H13 O3 1-,C9 H14 N1 1+",1.0,5.54,30,C2
TIDMAU,C21 H38 N2 O2,1.0,5.7,63,P212121
NPTHDO,C10 H6 O2 S1,1.0,5.1000000000000005,19,P21/c
CATPIX,C15 H22 F6 O6,1.0,4.51,49,P21/c
ZZZNLI01,"H12 Mg1 O6 2+,2(C7 H7 O3 S1 1-)",0.5,5.7,19,P21/n
QUWXAI02,"C4 H8 N5 1+,C8 H5 O4 1-",1.0,4.4799999999999995,17,P21/c
BAFKOK,C26 H20 Cl2 N2 O3,1.0,3.2600000000000002,53,P21/n
NAFORM04,"C1 H1 O2 1-,Na1 1+",0.5,3.3000000000000003,4,C2/c
GAYZUD,C19 H18 Br1 N1 O1 S1,1.0,4.8500000000000005,41,P21/n
GUPFAB01,C15 H15 N1 O1,1.0,3.55,32,P21
FILQOJ,"C26 H24 N2 O6,C8 H10,2(H2 O1)",1.0,3.7699999999999996,58,P21
FANNUL,C14 H14,0.5,5.4,28,P21/c
BUQLEG,C17 H18 N4 O4,1.0,3.54,43,P21
QAVYAO,C18 H17 N3 O3,2.0,4.34,41,P21
BEJMUY,C20 H27 F3 O3,1.0,4.7,53,P21
ZEBVUB,C21 H26 N4 O2,1.0,3.9899999999999998,53,P21/n
QACXOI,C21 H18 O2,1.0,4.93,41,P21/n
DAGDOI,C23 H21 N3 O1,1.0,4.18,48,C2/c
BERJOX,C24 H26 N4 O4,0.5,4.4,58,P21/c
CEQRAR,C21 H21 N3 O3,2.0,3.72,48,I2
IKEGAJ,C22 H28 O3,1.0,4.17,53,P21
KUFCUN,C7 H7 N7 O2,1.0,3.7800000000000002,23,P212121
ACUWAZ,C18 H10 S2,1.0,5.4399999999999995,30,P21
TAMQUW,"2(C9 H7 N5),3(H2 O1)",0.5,5.609999999999999,21,C2/c
TOBSOU,"2(C8 H8 S4),C10 H2 N4",0.5,3.1199999999999997,20,P21/n
COLHIV,"2(C15 H10 O7),3(C6 H12 N2)",1.0,5.49,32,P-1
YUBFAF,C25 H22 N2 O3,1.0,4.109999999999999,52,P212121
WAXPIW01,C5 H6 N2 O1 S1,1.0,3.84,15,P21/c
VEWNIY,C20 H20 Cl3 F1 O2,1.0,7.06,46,P21
XAZMOB,C22 H16 N6,0.5,5.41,44,P2/n
DAGRAF,C7 H10 O2 S1,2.0,3.3000000000000003,20,P-1
QOCGEW,C16 H26 O1,1.0,5.4,43,P21
JAVMID,C17 H16 F2 O6 S1,1.0,3.09,42,P21/c
WOJNIS,"C20 H23 Cl1 N2 P1 1+,C1 F3 O3 S1 1-",1.0,3.43,47,P-1
WAHWUY,C21 H23 N1 O3,1.0,4.32,48,P212121
CENQIW,C23 H35 N1 O4,1.0,7.49,63,P212121
IHIWIH,C16 H21 N1 O4 S1,1.0,3.2099999999999995,43,P21
MTCDOL,C14 H22 O2,1.0,3.4,38,Pca21
UCOPOV,C20 H22 F4,1.0,4.760000000000001,46,Pbcn
POFTUD,C22 H15 F1 N2 O3,1.0,5.72,43,P-1
ONITAN06,C6 H6 N2 O2,2.0,6.93,16,P21/n
SEWNIV,C17 H16 N2 O5,1.0,5.3,40,P21/c
LIYMEO,C21 H22 Br2 O2 S1,1.0,5.28,48,P21/c
TUJVOL,C23 H14 F1 N3 O4,2.0,7.380000000000001,45,P-1
LIXQUF,C20 H21 N1 O2,2.0,3.88,44,P21/c
RANVAG,C16 H8 Br2 O2 S2,0.5,4.01,30,P21/n
DOLTED,"C8 H4 N3 O4 1-,H4 N1 1+",1.0,5.0,19,P21/c
BHMSIN01,C23 H26 Br2 O2,1.0,3.54,53,P212121
CPIBFC,C22 H16 O5,1.0,4.2,43,P21/c
JODMAQ,C16 H18 O2 Si1,1.0,6.0600000000000005,37,P-1
DUGKEV,C14 H14 O4,1.0,6.6000000000000005,32,C2/c
BUQHUU,"C26 H21 N2 O1 P1,C1 H4 O1",1.0,6.21,51,P-1
OCACUS,C27 H20 N1 O3 P1,1.0,3.92,52,P21/c
IZOPOC,"C10 H15 N3 O4 S1,H2 O1",1.0,3.52,33,P43
LANTIG,C15 H13 N1 O3,1.0,4.04,32,P212121
TMEAMI02,C3 D9 I2 N1,0.5,3.5,15,Pnma
TEHNEB,"C20 H11 Cl1 N2 O3,C3 H7 N1 O1",1.0,4.79,37,P21/c
AFOPAM,C20 H20 N4 O6,1.0,4.2,50,P21/n
LAFVIC,"C25 H30 N3 1+,B1 F4 1-",1.0,3.51,58,Pna21
JAFHAA,C19 H18 O4 S1,1.0,3.5300000000000002,42,P21
UTUNIJ,C16 H10 F3 N5,1.0,3.71,34,P-1
XOWBIY,C30 H24 O2,2.0,4.47,56,P21/c
MATECL03,"2(C1 H6 N1 1+),Cl6 Te1 2-",0.5,2.2399999999999998,8,P-31c
RAXSOB,C14 H13 F3 O3,1.0,3.88,33,P-1
KORXAS,C7 H7 N1 O5,1.0,3.53,20,P21/c
LEVDAU,C19 H19 N3 O9 S1,1.0,5.800000000000001,51,P21
FUSZOM,"C13 H21 N2 O2 1+,C7 H7 O3 S1 1-",1.0,3.65,38,P21/c
NIPVAM,C18 H21 N3 O4,1.0,7.04,46,C2
WOGBUT,"C7 H10 N1 O2 1+,C6 H1 Cl2 O4 1-,H2 O1",1.0,3.3099999999999996,20,P-1
TOBLUU,C18 H15 N3 O2,1.0,3.83,38,P21/c
VOCLEG,"C10 H10 As2 I6 N2,2(C3 H6 O1)",0.5,2.91,30,C2/c
YARTAP,C18 H14 F2 O2,1.0,5.92,36,P-1
BESWAB,C20 H19 F3 N2 O4 S1,2.0,5.74,49,P-1
RADYIE,C20 H12 F4 O1,1.0,5.34,37,P21/n
VAMSOT,"C20 H20 N1 O7 1-,C8 H12 N1 1+",1.0,3.68,48,P212121
XAFGUK,C17 H19 F1 N2 O3,1.0,4.92,42,P-1
EXULOY,C18 H15 N3 O4,1.0,3.97,40,P-1
BUZXOL,C12 H19 O2 P1,1.0,3.64,34,P212121
FEKZIG01,C19 H26 N2 O1,1.0,3.02,48,Pna21
RODVEP,C13 H10 N4 O4 S1,1.0,2.5700000000000003,32,P21/c
ABEMOK,C21 H27 N1 O4 S1,1.0,4.8,54,P21/c
FASDOS,C14 H10 O5,1.0,6.8,29,P21/a
IZUXEI,"C12 H8 S2 1+,C3 H9 B12 Cl11 N1 1-,O2 S1",1.0,2.62,36,P21/c
PEBYOO,"C18 H16 N1 1+,F6 P1 1-",2.0,5.17,35,P21/c
COVSAI,C14 H21 N1 O2 S1,1.0,2.73,39,Pna21
VUXHEB,"C13 H17 N2 O2 1+,Br1 1-",1.0,4.5,34,P21/c
DOKCIS,C12 H12 F1 N1 O2,1.0,3.1,28,P212121
FAHGEA,C17 H18 N2 O1,1.0,5.58,38,C2/c
WAMHAT,C18 H13 Cl9 O1,1.0,4.78,41,P21/c
LADDEB,"2(C5 H4 Br2 N2),C4 H4 O4",0.5,2.11,13,P21/c
LOLPAF,C20 H32 O1,2.0,4.14,53,I41
KALKAN,C15 H18 Cl3 N1 O4,1.0,2.18,41,P212121
LUYYIQ,C13 H9 N1 O4,1.0,3.9800000000000004,27,C2/c
XAJGAV,"C6 H14 N1 O3 1+,Cl1 1-",2.0,3.0700000000000003,24,P212121
XUSTIR,C28 H21 Cl1 N2 O3,1.0,5.76,55,P-1
TITNOC,C14 H15 N1 O2,1.0,4.0,32,C2/c
BOBGII,"C1 H4 N1 O3 S1 1-,K1 1+",1.0,3.6,10,P21/c
GAWMOH,C16 H14 I2 N2,0.5,2.61,34,Pbca
BATQAS,"C21 H23 N3 2+,C7 H3 N1 O4 2-,C6 H6 O2,C1 H4 O1,H2 O1",1.0,7.42,47,P-1
LITYIZ,C29 H25 B1 Br1 N1,1.0,4.1000000000000005,57,P-1
YAFTEJ,C25 H16 S1,1.0,5.74,42,Aea2
PUTWEI,"C10 H8 N2,C2 H6 N4 O4",1.0,5.36,20,C2/c
SUGHIN,"C19 H24 N1 O1 1+,I1 1-",1.0,4.8,45,P21/n
JODPAX,C20 H17 N1 O8,1.0,3.92,46,P212121
ELOHIZ,C15 H12 N4 O1,1.0,4.9399999999999995,32,P-1
QADYIG,C17 H15 Cl1 O3,1.0,4.78,36,C2/c
TUFSAO,C28 H28 N2 S2,1.0,3.31,60,Cc
VESSAO,"C3 H10 N3 1+,C10 H7 O3 S1 1-,H2 O1",1.0,5.59,21,Pbca
UPAPOR,C22 H35 O2 P1,1.0,5.28,60,P21
ZUSTUE,C34 H24 O2,1.0,4.61,60,P21212
CIWGAS,"C20 H26 N4 O2,C6 H10 O4",0.5,4.02,52,P-1
FIZLAD,C23 H20 N2 O3,1.0,4.29,48,P21/c
QERKII,C12 H11 N1 O3,1.0,5.9,27,P21/c
VIZYUA01,C30 H24 N4,0.5,4.63,58,Pbca
FILHAK,"C13 H14 N5 O1 1+,Cl1 1-,H2 O1",1.0,4.0200000000000005,33,P21/c
PUVWIQ,C22 H13 N1 S1,1.0,5.59,37,C2/c
LELWIL,C22 H17 N3 O1 S1,1.0,3.25,44,P21/n
REKHEX,C30 H24 N2,1.0,5.37,56,P21/n
HUDBAK,C13 H15 N1 O1 S2,1.0,4.1,32,P21
DAVBAG,C16 H19 N1 O4,1.0,3.65,40,Pna21
GUQDED,"C5 H19 B10 O1 1-,C16 H36 N1 1+",1.0,4.22,53,Pna21
DAGYIX,C21 H27 N3 O2,2.0,6.54,53,P21/c
VELSAI,C10 H18 Cl1 N2 O4 P1,0.5,4.25,36,P43212
OQICEZ,C8 H10 N4 O3,1.0,3.75,25,P21
ILESUP,"C23 H19 N7,0.5(C4 H8 O2)",1.0,5.2,49,P21/c
ELUZAQ,C10 H13 N1 O3 S1,1.0,4.33,28,P21/c
IYEPOT,C14 H11 N1 S2,1.0,3.5000000000000004,28,P21/c
BADRAE,C11 H10 N8 O8,1.0,4.62,37,P21/c
IRASEB,C14 H16 N2 O3 S1,1.0,4.61,36,P21/c
JODVII,C12 H18 O2,1.0,4.34,32,Pca21
PONWAT,C19 H17 F3 O2,1.0,2.19,41,P212121
TANPOR,C12 H13 N5 O3,2.0,6.5,33,P1
BIQCUZ,C15 H18 N2 O1,1.0,4.97,36,P21/c
PONCAX,C8 H9 O4 P1,1.0,4.83,22,P21/n
AXIROQ,C24 H16 Cl1 N1 O1 S1,1.0,4.88,44,P21/c
YISYOQ,C17 H13 N1 O6,1.0,3.54,37,P-1
ETEXAF,C13 H10 Br1 N3 O2,1.0,5.36,29,Pna21
EFAYAO,C21 H27 Cl1 O3 S1 Si1,1.0,4.75,54,P212121
UWEHAI,C20 H22 N4 O2,2.0,5.86,48,P21/c
GIKREA04,"C12 H8 N2,C6 F4 I2",0.25,1.82,22,Pnnm
UROYAE,C22 H15 N3 O2,1.0,4.71,42,P-1
VEDCEM,"C4 H10 N1 O2 S1 1+,Cl1 1-",1.0,2.6,18,P212121
ADEJID,C24 H18 N10 S2,2.0,4.36,54,P-1
KOSFON,C26 H33 N1 O2 Si1,2.0,2.88,63,P21
VUVZIX,C26 H19 Cl2 N1 O2 S1,1.0,3.6999999999999997,51,P-1
OVOFIP,C16 H14 O6,1.0,3.54,36,P212121
XEKNUX,C20 H18 N4,0.5,3.77,42,P21/c
ASOYOZ,C17 H22 O3,1.0,3.74,42,P212121
IZEQOV,C19 H20 N2 O2,1.0,4.81,43,P21/c
PETKIM,C25 H24 Br1 N1 O1,1.0,4.88,52,P21
WOGDAB,C10 H11 F5 O2 S2,1.0,3.0300000000000002,30,P21/c
NEFNOC,C29 H22 N4 O1 S1,1.0,3.0,57,P21/c
QOSROG,C25 H17 B1 Br1 N1 O3,1.0,3.15,48,P21
VOCFEA,C14 H11 Cl1 O2 S1,1.0,4.67,29,P21/c
JAQHIV,C15 H19 N1 O6 S1,1.0,6.38,42,P-1
YIJDUT,C22 H29 B1 N2 O2,1.0,6.0,56,Pbca
NUBJIH,"C27 H19 N1 O2,0.5(C3 H6 O1)",1.0,4.89,49,C2/c
LUZZAL,"C12 H10 N3 1+,Cl1 1-",2.0,5.7700000000000005,25,P21/n
OBEWID,C12 H9 Br1 O2,1.0,5.05,24,P21/c
CECKOM,C10 H10 N1 O2 P1,1.0,2.91,24,P21/c
NITYIA,C19 H16 N2 O2,1.0,5.63,39,P212121
COSSEJ,C17 H21 N2 O7 P1,1.0,6.11,48,P-1
VAWFIJ,C10 H14 N2 O2 S1,1.0,3.48,29,Fdd2
DLALNI10,C3 H7 N1 O2,1.0,4.15,13,Pna21
GEGGAD,C17 H23 N1 O2,1.0,3.88,43,P21/c
SAZJIN,C16 H17 N3 O4,2.0,5.12,40,P21
LABRIQ,C8 H2 F4 O2,0.5,3.85,16,P21/n
WIRMOZ,C8 H18 N2 O4 S1,1.0,4.87,33,Pbca
XOXBAP,C17 H21 Cl1 O2 S1,1.0,2.73,42,P21/c
IXUYIL,"C12 H8 N2,2(C6 H5 I1 O1)",0.5,6.460000000000001,22,P-1
YUBMER,C20 H24 N2,0.5,4.4799999999999995,46,P21/c
NAHSEV,C16 H28 N2 O3,2.0,3.89,49,I41
KAWJAU,C23 H22 F1 N1 O1,1.0,3.67,48,P21
BULWEN,C23 H24 I1 N3 O7 S1,1.0,4.31,59,P212121
ABEGAQ,C8 H12 N2 O2 S1,1.0,4.1,25,P21/n
GIHHUA,C10 H14 O4,1.0,4.1,28,P212121
NAXHAZ,C16 H11 F4 N1 S1,1.0,3.6900000000000004,33,P21/c
UPIBEE,C14 H11 N1 O4,1.0,6.64,30,P21/c
CAXNUL,C10 H4 F4,1.0,3.88,18,P21/n
TYRTHM,"C7 H7 N2 O4 1-,C8 H12 N1 O1 1+,H2 O1",1.0,7.0,22,C2/c
PEHPEX,C15 H19 N1 O3,1.0,4.2,38,P21/a
PELGUL01,C19 H20 O6,1.0,3.4000000000000004,45,P212121
TASRUA,C17 H19 N1 O3,1.0,3.5300000000000002,40,P212121
DESJET,C15 H14 N3,1.0,6.260000000000001,32,P-1
COYMIM,C15 H19 N1 O7 S1,1.0,3.3000000000000003,43,P21/c
REFWOQ,"C17 H20 N3 1+,I1 1-",1.0,2.57,40,Pna21
WUKSEB,C22 H23 N1 O2,1.0,3.96,48,P212121
CUKCAM04,C7 H4 N2 O6,1.0,3.8000000000000003,19,P21/c
RIHFIZ,C20 H17 N1 O1 S1,1.0,7.359999999999999,40,P21/c
NAZDOJ,C16 H11 Br1 N2 O1,1.0,4.04,31,P21/c
LAPQAW,C10 H10 N4 O1 S1,1.0,4.14,26,P21/c
QAQJIB,C18 H26 O1 S3,1.0,4.65,48,P-1
YOWTEJ,C20 H26 O2,2.0,6.8,48,P1
TIVGUC,C30 H20 O1,1.0,5.43,51,Pbca
AHUMOG,C28 H23 N1 O4,1.0,3.44,56,P212121
DINNIA,C19 H23 N1 O3 S1,1.0,7.249999999999999,47,P21/n
VIYGOC,C17 H17 N1 O3,2.0,5.6899999999999995,38,P-1
KAMPIA03,C17 H15 Br1 N2,1.0,3.6799999999999997,35,P21/c
FIFHAF,C20 H16 N4 S5,0.5,2.58,45,C2/c
SUZXIV,C15 H20 O5,1.0,3.25,40,P21
MELLAU,C18 H18 F3 N3 O5 S1,2.0,2.93,48,P1
DUKKOM,"C9 H12 N1 O5 P1,2(H2 O1)",2.0,6.88,28,P-1
RUSGOE,"C21 H30 O5,C1 H4 O1",1.0,3.01,56,P212121
DORJEC,"C22 H19 N5 O1,0.5(C4 H8 O2),H2 O1",1.0,3.7800000000000002,47,P-1
SAXBAW,C24 H32 N2 O6,1.0,3.08,64,P212121
TAZQAM,"C12 H13 N1 O4,H1 Br1",1.0,6.1000000000000005,30,P212121
EWATUS,"C22 H16 N4 O3,C4 H8 O2",1.0,4.39,45,P21
WAHKUM,C22 H26 S1,0.5,6.5600000000000005,49,Pbcn
IKOFEX,"C12 H10 N1 S2 1+,B1 F4 1-",1.0,7.340000000000001,25,P21/c
NUPJEN,C24 H22 N2 O4 S2,1.0,4.36,54,P-1
PEVPAL,C13 H13 N1 O2,1.0,5.4399999999999995,29,P21/c
ZUFRAT,C8 H6 I2 S4,1.0,3.6,20,P21/n
TIDLAX,C23 H31 Cl1 O5 S1,1.0,2.4899999999999998,61,P212121
NIJLIF,C5 H8 Br1 N3 O9,2.0,3.36,26,P212121
WOGSOE,C24 H24 O6,1.0,3.63,54,P212121
GEMHAL,C11 H21 B10 N3 S1,1.0,3.9600000000000004,46,P-1
PIWBAZ,C26 H21 N1 O2 S1,1.0,4.19,51,P-1
WOMKUE,C12 H14 N2 O2,1.0,3.41,30,P21/c
MUKXOI,"C8 H13 N3 O4 S1,C7 H6 O3",1.0,3.32,29,P21/c
ETOKUT,C10 H8 Br1 N3 O2,1.0,3.99,24,P212121
SIDGUJ,"C13 H11 N2 1+,C1 H4 O1,Br1 1-",1.0,4.97,26,P-1
YAFXOU,C21 H18 N2 O2,1.0,3.5500000000000003,43,P21/c
XALBAN,C13 H10 N4 O1,1.0,3.74,28,P21/c
ZUSXEQ,C14 H16 N2 O2 S2,2.0,4.5,36,P21
BATCOO,C4 H18 B2 N2,1.0,4.62,26,P21/n
MUTGOZ,C10 H8 O3 S1,1.0,2.27,22,P212121
UZEPUN,C21 H26 O6,1.0,3.46,53,P-1
CUDCUA,"C6 H7 N2 S1 1+,I1 1-",1.0,1.94,16,P-1
GOTQOZ,"C28 H16 Cl4 N2 O2,0.55(C2 H4)",0.5,7.430000000000001,52,P-1
DTHCTD10,C4 O4 S10,0.5,6.5,18,P21/n
LODTIJ,"C8 H16 N2 S1 2+,2(I1 1-)",1.0,2.1999999999999997,27,Pca21
MEKQUS,"C16 H8 N6,C2 H3 N1",1.0,4.3999999999999995,30,P-1
SOTDUA,"C21 H19 N4 O4 1-,C6 H16 N1 1+",1.0,7.3,48,P21/n
ZIYVUC,"C21 H30 O2,C7 H5 N1 O6",1.0,4.08,53,P21
BAXKUK,C21 H23 N1 O3,2.0,5.8500000000000005,48,P21/n
NOHMAA,C15 H19 N1 O8 S1,1.0,3.9,44,Pbca
AFAWIO,C29 H26 N4 O2 S1,1.0,4.89,62,P-1
CUJXUA,C18 H28 O1,1.0,3.4,47,P212121
DATCOS,"C7 H14 Cl1 N2 1+,C6 F4 I2,Cl1 1-",2.0,2.49,24,P-1
RUBLOT,C17 H16 O5,1.0,4.53,38,P21
YUFRAW,C21 H23 N1 O4 S1,1.0,7.359999999999999,50,P21/n
SOSWOO,C10 H7 N1 O5,2.0,3.32,23,P-1
COVWIT,C20 H27 N3 O4,1.0,3.4,54,Pbca
JIQFAT,"C8 H16 N1 O2 1+,C7 H5 O3 1-",1.0,4.2700000000000005,27,P21/n
BUHMOJ,C13 H16 N2 O1 S1,1.0,6.2700000000000005,33,Pna21
UWELEO,"C12 H28 N2 O3 P1 1+,Cl1 1-",1.0,3.49,46,P21/c
UTEWOH,C8 H8 F2 N2 O4,1.0,6.84,24,P-1
HACMOQ,"C7 H14 N3 1+,N1 O3 1-",1.0,3.51,24,P212121
HIHLUI,C27 H28 N2 O5,1.0,5.1,62,P21/c
RIZSEB,C27 H26 Cl1 N1 O3 S1,1.0,4.88,59,P21/c
XINFAB,C8 H18 O4,0.5,3.95,30,C2/c
MUMSAP,C18 H25 N1 O3 Si1,1.0,3.37,48,P21/a
BINWEE,C25 H18 Br1 N1 O1,1.0,3.9,46,P21/n
PENXAL,C23 H18 N2 O2,1.0,3.4099999999999997,45,P-1
VETHOS,C14 H10 Cl1 N3 O3 S1,1.0,4.0,32,P-1
NUNPIV,C22 H20 O6,1.0,4.0,48,P21/n
JUKVUG,C15 H28 N1 O7,1.0,4.0,51,P21
WOHGOR,C28 H22 N2,1.0,7.37,52,P21/c
SLFNMA07,C11 H12 N4 O2 S1,2.0,5.37,30,P21/c
JUHJOL,C22 H34 P2,2.0,4.63,58,P21/n
FUGGOD,C15 H14 O5,1.0,5.6000000000000005,34,P-1
BEFYAQ,C20 H15 N1 O4 S2,1.0,4.43,42,P21/c
OWISOF01,C14 H12 N4 O2,1.0,6.8500000000000005,32,P21/n
UBOYOD,C23 H15 F1 N2,2.0,4.03,41,P21
OJIGOD02,"C17 H38 N1 1+,Br1 1-",1.0,5.390000000000001,56,P21/c
IFAJIJ,C19 H18 O6,1.0,4.13,43,P212121
WADLOE,C14 H10 Cl1 N1 O3,1.0,4.33,29,P21/c
TAQBUJ,C16 H14 Cl1 N3,1.0,5.58,34,P21/c
EVUFIL02,"C6 H2 Cl2 O4,C6 Cl2 O4 2-,2(K1 1+)",0.5,4.76,14,P-1
XITBIO,C14 H15 N3 O4,1.0,5.19,36,P21/c
VAMDOC,C12 H32 N6 P2 S2,0.5,3.8000000000000003,54,P21/c
IKOGOI,C20 H15 N1 O2 S2,2.0,4.67,40,P-1
VUSVIR,C26 H16 N4,0.5,6.25,46,Pbnb
VUQSAE,C5 H7 N1 O3,1.0,3.2,16,P21/c
COBQEP,C19 H28 O3,2.0,3.9,50,P1
WEPDOO,C12 H18 N6,1.0,3.63,36,P212121
BUJVOS,C21 H17 N1 O2 S1,1.0,3.8200000000000003,42,P21/n
NAMZAG,C19 H15 F1 O2 S1,1.0,2.41,38,P32
OQOGIN,"C15 H10 O5,C12 H10 N2",2.0,4.73,30,P21/c
FOQQUZ,C21 H28 O4 Si1,1.0,3.63,54,P21/c
GURNUG,C15 H11 Br1,1.0,4.36,27,P21/c
GUYJUI,"C12 H10 I1 1+,C1 N1 S1 1-",1.0,2.87,23,P21/n
NAPPIH,"C18 H26 B1 Si1 1-,0.5(C4 H8 O2),K1 1+",1.0,7.42,46,P21/n
MAZSEN,C12 H15 N1 O2,2.0,3.58,30,P21
FUTJEM,C12 H11 Br1 N4 O1 S1,2.0,3.44,30,P-1
FUHKAY,C20 H24 N2 O2,2.0,5.56,48,P1
SESBIF,C20 H19 N3 O1,1.0,3.63,43,Pn
IGUFEX,C18 H18 N4 O2 S1,1.0,3.56,43,P21
HITZIX,C25 H13 F6 I2 N1,1.0,4.130000000000001,47,P21/n
DIHSEW,"C28 H24 N3 O6 S2 1-,C6 H16 N1 1+",2.0,3.95,63,P21
PILKUU,C20 H28 O5,1.0,4.390000000000001,53,P21
RUWPUX,"C18 H15 P1 S1,C6 F3 I3",2.0,3.83,35,P21/n
TOWHEW,"C7 H9 N1 O1,C8 H5 N1 O2",1.0,4.279999999999999,18,P21/c
NUXREG,"C19 H14 I1 1+,C1 F3 O3 S1 1-",2.0,2.6599999999999997,34,P212121
GUDHAS,C10 H12 Cl1 N1 O3 S1,1.0,4.63,28,P21/c
WIBMEA,C23 H16 N4 O1,1.0,5.1000000000000005,44,P21/a
YISCIM,C14 H19 N2 O3,1.0,4.9,38,P21
PUYWOZ,"C15 H10 O6,C6 H5 N1 O2",1.0,2.8899999999999997,31,Pca21
VUTVEP01,C16 H20 Cl3 Na1 O7,1.0,3.95,47,P21/n
WAFFUG,"C8 H7 N1 O4 S1,C10 H8 N2",1.0,3.75,21,P21/c
DINGUF,C12 H8 I1 N1 O1,1.0,2.4299999999999997,23,P21/c
WESXIC,C29 H26 F6 S2,1.0,4.96,63,P21/c
YIRJOZ,C10 H11 N1 O4 S1,1.0,4.8,27,P-1
ZEVKAM,C16 H20 N2 O3 S1,1.0,2.9,42,P61
NOCPIE01,C7 H10 O3,2.0,3.0300000000000002,20,P21
LAPZAF,C15 H14 Cl1 N1 O1,1.0,4.83,32,P21/c
NEQZEQ,C24 H26 N2 O2,0.5,4.12,54,P21/c
UXAXEX,"C10 H11 I1 O4,C2 H1 F3 O2",2.0,2.87,26,P-1
YUJQAX,C20 H8 N4 O2 S1,2.0,3.9699999999999998,35,P-1
ZONXUV01,C32 H22 Se4,1.0,5.5,58,P-1
RELNEF,C14 H16,1.0,4.41,30,P21/c
QIMDEV,C14 H11 N1 O4,1.0,5.4,30,P21/c
MAZWOA,C15 H15 N3 O5,1.0,4.78,38,P21/c
XIVQUR,C15 H21 N1 O5,1.0,3.18,42,P212121
NUSCOW,"C13 H16 F3 O2 S1 1+,C1 F3 O3 S1 1-",1.0,5.1,35,Pca21
MICKAO,C18 H11 N1 O3,1.0,4.62,33,P-1
EWAGES,C8 H7 B1 F2 O2,1.0,3.93,20,P-1
MATBIT,C7 H9 N1 O1,1.0,3.5300000000000002,18,P21/n
XISYUW,"C24 H26,C10 H2 N4",0.25,4.6,50,I2/m
FEJLUC,C24 H24 N2 O4 S1,1.0,4.22,55,P21/c
CUWHAF,C17 H17 N1 O1,0.5,3.9,36,Pnma
AWIPAX01,"C14 H22 B11 1-,C8 H20 N1 1+",1.0,5.92,47,Pna21
SEBPEU01,"C10 H13 N2 1+,Cl1 1-",1.0,5.1000000000000005,25,P21/c
BAKXOD,C30 H21 N1 O3,1.0,6.7299999999999995,55,P21/n
QEHGOD,C20 H26 O6,1.0,4.279999999999999,52,P21
AMUGAS,C24 H22 N2 O1,1.0,4.63,49,P-1
UHAXUZ,C17 H11 I2 N1 O3,1.0,6.47,34,P-1
EGOJIV,C11 H14 N2 O1,1.0,6.17,28,P21/c
QODFIB,C24 H38 Cl1 P1,1.0,4.3,64,C2/c
ROCDIX,C20 H5 F5,1.0,7.1000000000000005,30,P-1
BASYOL,"C7 H5 Br1 N2 S1,C7 H5 N1 O4",1.0,5.54,17,P21
BUCGAL,C27 H19 B1,1.0,4.36,47,P21/c
WAXXOM,C22 H20 O1,1.0,5.2299999999999995,43,C2/c
FEJWID,"C10 H12 N5 S1 1+,C1 F3 O3 S1 1-,C2 H3 N1",1.0,3.66,28,P-1
IDOREY,C8 H12,0.5,6.08,20,P-1
MPTCZA,C8 H10 N2 S2,1.0,3.0,22,P21/c
WULPUR,"C12 H22 N4,C18 F10 I4,0.5(C6 H6)",1.0,2.23,38,C2/c
ITILOM,"C17 H26 N1 1+,Cl1 1-",2.0,5.39,44,P-1
KOFKUM,C14 H10 N2 O4,1.0,4.65,30,P-1
XECBIS,C23 H14 F3 N3,1.0,4.42,43,P21
DMOXBA02,C9 H10 O4,1.0,4.22,23,P212121
ITODAZ,C28 H16 F8,1.0,6.17,52,P-1
TIKMEJ,C14 H13 B1 N2 O3 S1,1.0,3.32,34,P21/c
LOHMEE,C10 H8 N2 S1,1.0,3.92,21,P21/c
REFSAW,C11 H14 N2 O2 S2,1.0,4.4,31,P21/n
LARXIO,"C10 H26 N2 O2 2+,C8 H4 O4 2-",1.0,4.6,40,P1
AMEXIB,C23 H18 O4,1.0,6.75,45,P-1
FUSYOL,C22 H27 N1 O4,1.0,4.3999999999999995,54,P212121
MOXPET,C30 H30 O4,0.5,5.7,64,P21/c
EVEFUG,C16 H20 N2 O3 Se1,1.0,2.64,42,P-1
XELREO,"C19 H17 F1 N2 O1,0.5(C1 H4 O1),2(H2 O1)",1.0,5.7,40,P21/n
OYUYUD,"B12 F12 2-,2(C4 H7 N2 1+)",0.5,3.85,24,P21/c
VABKAM,C18 H15 Cl1 O3,1.0,3.1,37,P-421c
JACGUT,C15 H22 O3,2.0,6.660000000000001,40,P1
WARHUW,C21 H18 N2 O1,1.0,6.08,42,P-1
PEGSOL01,C14 H12 Br1 N1 O2,1.0,3.63,30,C2/c
ARULUU,C9 H11 O3 P1 Se1,1.0,2.5100000000000002,25,P21/n
SOLBAX,C21 H26 N4 O2 S1,1.0,5.74,54,P21/c
WUFJOW06,C33 H23 N1 O1,1.0,1.03,58,P21/c
MUXREC,"C4 B1 F10 O1 1-,K1 1+",0.5,5.14,16,Pnma
WAGCUG,"C12 H14 Cl1 N4 1+,C6 H4 N1 O2 1-",1.0,4.55,31,P-1
GOXQES,C40 H24,1.0,4.21,64,P21/n
JOTHUX,C26 H20 O6,1.0,5.41,52,Pbca
TOHXOG,"C17 H21 N2 O8 1+,Br1 1-",1.0,1.92,48,C2
IYOSAR01,C24 H17 Br1 O3,1.0,2.56,45,P212121
CACTOU05,C18 H18 N2 O3,1.0,3.7199999999999998,41,P212121
JAWDUK,C5 H5 N3 O3,1.0,5.2,16,P21/c
RUDSAO,C22 H22 N2 O4,2.0,4.29,50,P-1
FUPPOV01,C16 H17 N3 O2,1.0,4.38,38,P-1
ALUYIT,C32 H27 N1 O3 S1,1.0,4.79,64,P-1
TIHJAW,C11 H12 N2 O3 S1,1.0,3.83,29,P21/n
KUVZIN,"C18 H6 Br4 O2,2(C1 H1 Cl3)",0.5,3.3099999999999996,30,P-1
FUWFAF,"C17 H17 N5 O2,0.5(C4 H8 O2)",1.0,6.32,41,P-1
RECDAI,"C14 H13 N3,C14 H3 F3 I2 N2 O4",1.0,3.3300000000000005,30,P-1
MUXLAT,C15 H15 N1 O5,1.0,6.32,36,P21/c
HAKNIR,"C18 H16 N1 1+,C1 F3 O3 S1 1-",1.0,6.98,35,P21/c
YUWLAD,C18 H21 N1 O1,1.0,4.7700000000000005,41,Pbca
BOCNOX,C18 H20 N2 O4,1.0,4.12,44,P21/c
PEHFUF,"C9 H8 O3,C6 H7 N3 O1",1.0,3.64,20,P21/n
RURREF,C21 H19 F2 N1 O2,1.0,3.7199999999999998,45,Ia
OXALCH17,"C2 H2 O4,2(H2 O1)",0.5,2.39,8,P21/c
VAHROP,"C12 H15 N1 O3,C6 H6 N2 O1",1.0,3.11,31,P-1
GIZTAM,C19 H17 Br1 O2,1.0,5.06,39,P-1
IGIMIX,C30 H27 N1 O5 S1,1.0,6.87,64,P21
QAQHEZ,C26 H23 N1 O2,1.0,3.82,52,P212121
MABZAU,"C21 H15 N3 O3,2(C2 H3 N1)",1.0,6.49,42,P212121
VABJEP,C9 H6 Cl3 N1 O1,1.0,3.47,20,P21/c
ZIPHAL,C29 H22 N2 O4 S1,2.0,4.9399999999999995,58,P-1
KISDAV,C16 H22 O4,1.0,3.6799999999999997,42,C2/c
JACMUZ,C21 H24 O7,1.0,5.72,52,P-1
DUDDAL,C8 H11 N3,1.0,3.93,22,P21/n
SASGUQ,C21 H30 O5 S1,1.0,4.03,57,P-1
JODHUG,C12 H16 N6 O1,1.0,4.7,35,P21/c
ITUQUL,C19 H15 N1 O3 S1,1.0,2.67,39,P212121
VINFIH,C15 H24 B9 P1,1.0,5.1000000000000005,49,P21/c
XOHVOH,C17 H4 F10 O1,2.0,4.569999999999999,32,P21/c
BATLOA,C12 H12 N4 O2,2.0,4.44,30,P21/c
TECKOC,C16 H14 N2 O4 S1,1.0,4.1,37,P21/n
NABMAH,"C13 H14 N1 O1 1+,C14 H13 O3 1-,0.5(H2 O1)",1.0,6.08,30,C2
MESEFV06,"C10 H12 Se4 1+,C10 H12 Se4,F6 P1 1-",0.5,5.8,26,P-1
OGEFOW,C15 H11 F1 O3,1.0,5.34,30,P21/c
RESQOZ,C30 H25 N3 O1,1.0,4.53,59,P21/c
HEGQAN,C15 H15 N1,1.0,3.2600000000000002,31,P21/n
FIHHIP,"C7 H14 N3 1+,C2 H1 O4 1-",1.0,2.78,24,P212121
GOMPOQ,C32 H22 F3 N1 O3,1.0,3.6900000000000004,61,Pccn
OGIQIH,C18 H24 O7,1.0,4.16,49,P212121
ELUKUU,C14 H11 N1 O5,1.0,4.93,31,P21/n
NADWOI,C28 H30 Br1 N1 O2,0.5,5.45,62,Pnma
UZEVIF,C18 H23 N1 O2,1.0,4.55,44,C2/c
JIQGAU,"C8 H15 N1 O2,C7 H6 O5",1.0,3.5000000000000004,26,P21/n
RADMIW,C21 H24 O3,1.0,2.81,48,P21
OFEBOQ,C26 H26 F2 N2,1.0,3.83,56,P21cn
VAWZID,C14 H20 O3,1.0,4.0,37,C2/c
NUMZON,"C12 H5 F5 N2,C9 H11 N1 O2",1.0,7.17,24,P-1
TUQFEQ,C16 H26 N2 Si1,1.0,3.66,45,Pca21
SEWBIH01,"C15 H12 O2 S1,0.5(H2 O1)",2.0,5.45,30,P-1
MEGLEQ,C15 H18 Cl2 N1 O6 P1,1.0,4.33,43,P21/c
MORTCQ,"2(C4 H10 N1 O1 1+),2(C12 H4 N4 1-),C12 H4 N4",0.5,6.45,20,P21/c
BAFTOT,"C20 H20 P1 1+,Br3 1-",1.0,4.09,41,P21/n
UKUTAZ,C26 H19 N1 O2,1.0,3.9899999999999998,48,P-1
TIVCUY,"C14 H11 N4 1+,C6 H1 F2 O4 1-,C1 H4 O1",1.0,3.08,29,Cc
MAQFUJ,C20 H24 N2 O5 S1,1.0,4.4799999999999995,52,P21
KEBQEO,C16 H23 N1 O3 S1,1.0,3.92,44,C2/c
HOKPOQ,C30 H20 Cl2,0.5,5.13,52,P-1
FOXNOV03,"C1 H6 N3 1+,H2 O3 P1 1-",1.0,2.7,10,P21
GOSHUU,C16 H13 Br2 N1 O1,1.0,6.41,33,P21/c
HOFQUR,C24 H27 N1 O6 S1,2.0,3.37,59,P21
GIZBUN,C12 H16 N6 O2 S2,1.0,4.98,38,P-1
MUSWUV,C23 H24 N2 O2,1.0,5.55,51,P21/c
VUZZOJ,C18 H33 N3 Si1,2.0,6.239999999999999,55,P-1
EMOCUF,"C15 H6 F10 N5 1+,C7 H5 O2 1-,2(C7 H6 O2)",0.5,3.34,36,P21/m
WUVPEK,C15 H18 O5,1.0,4.65,38,P-1
USIXAX,C12 H26 N2 O4 S1 Si2,2.0,3.44,47,P212121
KADNEJ,C19 H22 O4,1.0,5.1000000000000005,45,P212121
XOWXAJ,C24 H28 O9,1.0,4.92,61,P-1
RUDLOT,"C13 H10 N1 O4 S1 1-,C6 H12 N1 1+",2.0,5.35,29,Pbcn
LOBVII,C13 H18 N2 O2,2.0,5.97,35,P212121
FIVPIM,C27 H18 N2 O2,1.0,4.31,49,Pbca
TUPZEK,C19 H12 F1 N3 O2 S1,1.0,4.3500000000000005,38,Pbcn
UCELAQ,"C32 H24 Br2 O2,C3 H6 O1",1.0,4.5200000000000005,60,P-1
GASVOL02,C10 H10 O4,1.0,4.130000000000001,24,P21/n
SOFJII,C10 H9 F3 O2,1.0,5.89,24,P21/n
ISOXAR,C20 H16 N4 O2,1.0,5.4,42,C2/c
UQERAM,C18 H20 N4 O2,0.5,6.88,44,C2/c
RUYZIW,C12 H27 Cl2 N3 Se4,1.0,4.0,48,P21/n
BARTOE,C20 H32 O3,1.0,6.3,55,P212121
AJIVAR,"C10 H10 N2 2+,C8 Cl4 O4 2-,2(H2 O1)",0.5,3.88,22,P-1
TAQRAF,C16 H18,1.0,4.89,34,P-1
AHEJAZ12,C8 H10 O2,1.0,4.48,20,P212121
MELFER,C22 H16 N2 O2,1.0,4.03,42,P-1
GARYIK,"C31 H24 F2 P1 1+,Br1 1-",1.0,3.18,58,P21/n
WEPVOD,C7 H6 Cl2 N2 O1,1.0,4.55,18,P21/c
ROPKOA,C17 H21 N5 O1,1.0,3.36,44,P21/c
OHUXEY,"C24 H22 N2 O3,C1 H4 O1",1.0,3.6999999999999997,51,P21/c
IHONUQ,C15 H10 Br1 N1 O1,1.0,2.3,28,P-1
CETVOQ,C23 H18 F3 N3 O2,1.0,3.35,49,P21/c
PUMTOK,C20 H19 N1 O3,1.0,4.65,43,P212121
VUXCOK,C11 H9 N1 O1,1.0,3.94,22,P21/n
REPRUZ,"C13 H14 N4 O1,2(H2 O1)",0.5,3.0,32,C2/c
QONWAS,C15 H12 N2 O1 S1,1.0,3.46,31,Pbca
SEBGAI,"C18 H29 N2 O1 1+,F6 P1 1-",1.0,5.7,50,P212121
YIYXOW,C25 H22 N2 S1,1.0,3.93,50,P21/n
ZOTDIY,"C7 H11 N1 O1,C7 H9 N1 O2",2.0,4.93,20,P-1
GULZEU,C9 H14 Cl2 O3,1.0,2.0,28,P21
WISJIU01,C14 H14 O3,1.0,6.13,31,Pca21
YEPSAQ,C21 H22 N2 O2 S1,1.0,3.8899999999999997,48,Pbca
UXAHUZ,C21 H34 B1 N1 Si1,1.0,3.75,58,P-1
NOLXUI,C7 H2 Cl1 F3 N3 S2 Se2,0.5,1.34,20,P-421m
MEBDAZ,C13 H10 Cl1 N1 O3,1.0,4.88,28,P21/n
RAVDAW,C26 H24 F6,0.5,3.17,56,P-1
QEPQUA,"C9 H14 N3 O3 1+,C8 H7 O3 1-",1.0,4.34,29,P21
TAFPAR,C21 H30 O6,1.0,3.3000000000000003,57,P21/a
MAFCUT,"C23 H19 B1 F10 N2,0.5(C6 H14)",1.0,3.0500000000000003,55,P-1
XEBXUA,C20 H18 O4,1.0,6.32,42,P-1
PEVRER,"C11 H11 N4 1+,C6 H5 O3 S1 1-",1.0,4.26,26,P-1
RAGZEH,C21 H24 O6,1.0,3.49,51,P212121
SAJRUQ,"C7 H7 N1 O2,H2 O1",1.0,4.48,17,P21/n
QIMKIG08,C9 H17 N1 O2,1.0,2.81,29,C2/c
QOYROM,C30 H22 O2,1.0,3.72,54,P21/n
GOCCIK,C17 H23 N1 O6 S1,1.0,1.9000000000000001,48,P41212
AFAYAJ,C21 H13 Cl1 F1 N1 O2 S1,2.0,5.3100000000000005,40,Pna21
WOCVUF,C10 H17 N7 O2,1.0,6.8,36,P-1
SAGREZ,C15 H15 N1 O4 S1,1.0,4.48,36,C2/c
NEPZEO,"C17 H25 N2 O1 1+,Cl1 1-",1.0,4.29,45,P212121
PIKDIY,"C10 H20 N1 1+,C18 H1 B1 F15 1-",1.0,3.62,35,P-1
ROYQAB,C15 H24 O2,1.0,2.9000000000000004,41,P21
HADNUZ,"C16 H24 N1 1+,C20 H14 O2,Br1 1-",1.0,3.2199999999999998,41,P212121
LUDPEH,C6 H6 N4 S1,1.0,3.7600000000000002,17,P21/c
ROVQAX,"C23 H29 N1 O6,C7 H6 O2",1.0,4.390000000000001,59,Pc
OQECUM,C14 H8 Br1 F3 O2,1.0,6.52,28,P-1
DAFSAF,C10 H10 F1 N1 O4,1.0,6.45,26,P21
FUSWOF02,C15 H15 N1 O1,1.0,3.54,32,C2
VIZNAT,"2(C17 H19 N2 1+),Br1 1-,Cl1 1-",0.5,5.3,38,P21/a
WOYBUK,C13 H28 O3,1.0,5.2,44,P21
YALBIX,C10 H13 N1 O5,2.0,3.74,29,P-1
OMELIC01,C8 H19 N1 O2 S2,1.0,4.54,32,Pbca
KOXBUW,C14 H13 N5 O2,1.0,4.3999999999999995,34,P21/n
LUDZAP,C7 H10 F5 N1 O3 S2,2.0,5.33,28,P-1
HXMCOU02,C10 H8 O4,1.0,4.44,22,P-1
YODLOT,C13 H14 O3 S1,1.0,4.69,31,P-1
MAVRAD,C6 F3 N1 O1 S2,1.0,3.29,13,P21/n
XESTIY,C14 H26 O2,1.0,4.0200000000000005,42,P-1
SENKON01,C16 H12 N2 O2,2.0,5.38,32,P212121
GEYJAV,"2(C12 H8 S10),C1 S2",0.5,6.79,30,P21/n
QEHMID,C17 H18 O3,1.0,4.6,38,P1
BACDOD,C20 H22 Br2 N2,2.0,3.4799999999999995,46,P-1
OTEPIO,C23 H15 I1 N2 O1,1.0,2.82,42,P21/c
BOPBIR,C17 H17 N1 O3,1.0,5.05,38,P21/c
RETRAJ,C15 H20 N4,0.5,4.71,39,C2/m
UWUYOC02,C21 H32 Cl2 N4 O1,1.0,4.22,60,Pca21
PORGUB,"C11 H12 N5 1+,C7 H5 O4 1-",1.0,4.12,28,P21/n
TACJER,"C8 H10 N2 O4,C8 H10 N2 O4",1.0,3.32,24,Pbca
EBIXOE,C7 H5 Br1 N2 S1,1.0,7.26,16,P-1
YOLQEZ,C12 H12 F1 N1 O1 S1,1.0,2.7,28,P212121
ZEVRUN,C18 H18 N2 O2,1.0,4.0,40,P212121
WUQFIX,"C20 H25 N1 O6,C3 H7 N1 O1",1.0,4.93,52,P212121
ZULDOZ,C4 N4 O2,2.0,3.4,10,Pna21
XAQFIF,C26 H32 Br1 N1 O4,1.0,3.86,64,P212121
ODUYOF,C21 H36 O4,1.0,3.38,61,P212121
IDAGIH,"C11 H14 N1 Te1 1+,C1 H12 B11 1-,0.5(C1 H2 Cl2)",1.0,2.78,27,C2
FUZFEO,C21 H22 Cl1 N1 O3,1.0,5.36,48,P-1
ZENSUG,"C12 H24 N1 1+,Cl1 1-",1.0,3.98,37,P21/c
LULHIJ,C16 H24 O2,1.0,4.83,42,P21/n
NUBJUT,C20 H28 O2,1.0,2.56,50,P212121
MEKNUM,C9 H5 I1 O2,1.0,4.44,17,P21/c
FINMUM,C30 H24 P2 Se1,1.0,2.37,57,P21/c
AGAXOX,C13 H9 N3 O3,2.0,4.68,28,Pca21
IBEMOW,C16 H13 F3 N2 O2,1.0,6.35,36,P-1
TUWDUN,"C19 H17 I1 N3 O3 1+,1.5(H2 O1),Cl1 1-",1.0,1.51,43,C2/c
GLUTAS02,C10 H17 N3 O6 S1,1.0,5.6000000000000005,37,P212121
BIQWAC,C25 H30 O8,1.0,4.279999999999999,63,P-1
XISTOL,C26 H20 O6,1.0,6.76,52,P21/n
KIWCIE,C13 H12 O5,1.0,4.7,30,C2/c
ROVMAU,C16 H27 N1 O1,2.0,6.16,45,P212121
VEFPUR02,"C19 H28 O2,H2 O1",2.0,2.64,49,P212121
ESUHEH,C19 H15 N5 O3,1.0,4.75,42,P-1
QEFLUI,C20 H23 N1 O6,1.0,6.53,50,P21/c
DORJOJ,C16 H19 N5 O7,1.0,4.8,47,P212121
TUDFIH01,C20 H21 N1 O1,1.0,5.19,43,P21/n
SIKVOB,"C21 H14 N1 1+,B1 F4 1-,0.5(H2 O1)",1.0,6.47,36,Pbcn
NEXGEC,C10 H6 O4,0.5,3.95,20,P21/c
TINREQ,"C7 H7 N3 S2 1+,C1 F3 O3 S1 1-",1.0,3.51,19,P21/c
KADJAD,C22 H25 N1 O3,1.0,5.24,51,P212121
VEQJEI,C11 H19 N3 O3 Si1,2.0,4.15,37,P21
CEZSIJ,C8 H18 O2,1.0,6.3,28,P21/n
ANOXEK,"C8 H23 B1 N3 O1 1+,I1 1-",1.0,1.35,36,P21/n
FOJRAY,"C29 H27 N1 O3,0.5(C1 H2 Cl2)",1.0,7.11,60,C2
KIPMAZ,"C9 H14 N5 O1 1+,C12 H2 F2 N4 1-,C1 H4 O1",1.0,7.04,29,P-1
NISXOF,"C26 H27 N1 O3 Si1,C1 H4 O1",1.0,5.82,58,P-1
IXIVAP,"C15 H14 N3 O2 S1 1+,C7 H7 O3 S1 1-",1.0,1.83,35,P21/c
DESJOA,C21 H14 N4 O8,1.0,4.65,47,P21/n
MEXBUP,C14 H18 B1 F2 N5,2.0,6.18,40,P21/n
HICCUS,"C22 H20 Cl2 N4 O2 2+,2(C1 N1 S1 1-)",0.5,4.4,50,P-1
THIOUR03,C1 H4 N2 S1,1.0,1.7,8,P21ma
EPIVOR,C21 H17 N3 O3,2.0,5.76,44,P21/n
XIGQAG,C25 H24 N4 O4,1.0,6.22,57,P-1
YUYRUF,C13 H17 Br1 O5 S1,1.0,4.0,37,P21
GIGNAN,"C9 H15 N3 O5,2(H2 O1)",1.0,2.81,32,P1
OJAWEE,C10 H12 O2,1.0,3.7900000000000005,24,P212121
HADFIB,C13 H18 O2,1.0,5.3100000000000005,33,P-1
OKUCAY,C19 H17 N1 O2,1.0,3.3000000000000003,39,P21
BOQWEJ01,C8 H5 Br1 O3,1.0,2.97,17,P21/n
GOVKAF,C10 H15 N1 O1,1.0,4.109999999999999,27,P212121
YIMQAN,C22 H18 O2,1.0,4.23,42,P21/c
EZOHEK,C26 H23 Cl1 F1 N5 O1 S1,1.0,3.5700000000000003,58,P-1
WAQREP,C20 H19 N1 O3,1.0,4.49,43,P21/c
TZBZTZ,C7 H4 N4 S1,1.0,3.1,16,P21/n
WITBEK,C21 H20 F3 N1 O5,2.0,6.54,50,P212121
UXIPEZ,C17 H20 F17 N2 P1,1.0,3.1399999999999997,57,Pbca
CIXZOZ,C12 H17 N3 O6,1.0,2.91,38,P212121
XABMAS,C22 H32 O1,1.0,4.2700000000000005,55,P212121
WIZTOO,C16 H20 O4 S1,1.0,5.8,41,P21/c
EVOCOI,C21 H20 N4 O2,1.0,5.0600000000000005,47,P21/c
WIXZAI,C8 H8 N8,1.0,2.68,24,Cc
LIFGUF,C12 H19 O2 P1,1.0,2.8899999999999997,34,P21/c
OXISTA,C18 H34 O3,1.0,6.5,55,P-1
NICSIE,"C13 H12 N3 1+,B1 F4 1-",1.0,4.26,28,Pna21
BENTIZ,C10 H9 Cl1 O2,1.0,2.75,22,P212121
ZOVNOP,C24 H12 F2,1.0,3.56,38,P21/n
ITAHIY,C19 H17 N1 O3,1.0,4.22,40,C2/c
SALHAQ,C20 H22 B1 F2 N3,1.0,5.39,48,Pbca
FUWGOX,"C16 H15 N3,0.5(H2 O1)",1.0,3.9699999999999998,34,C2/c
RAQXOZ,C16 H19 N1 O3 S1,2.0,3.36,40,P21
ADFGLP,C6 H8 F2 O3,2.0,3.3000000000000003,19,P21
GEBVUI,C18 H10 Br2 N4,1.0,3.05,34,Pbca
GOMNAY,C5 H4 Br1 N1 O3,1.0,6.8,14,Pna21
GIQFIX,C26 H19 F6 N2 O1 P1,2.0,6.890000000000001,55,Pca21
VODZOD,C28 H18,1.0,4.7,46,P21/n
OHEJIX,C24 H17 Br1 N1 O1 P1,2.0,5.94,45,P21/c
YUPYIU,"C12 H11 N2 O3 S1 1-,C11 H15 N2 1+",1.0,4.02,29,P21/c
RODLOM,C5 H6 N4 O4,1.0,3.8000000000000003,19,P21/c
TIXCIQ,C22 H16 F2,0.5,4.32,40,P21/c
LEVWOY,C14 H20 O3,1.0,5.0,37,P212121
PUGVUK01,C30 H22 N4 S1,1.0,5.11,57,P21/n
HIMTOQ,C14 H14 Br1 N1 O2,2.0,7.26,32,Pc
CAWPAR,C15 H26 O1,2.0,4.6000000000000005,42,P21
NIFYEG,C11 H14 Cl2 N2 O1,1.0,3.72,30,P21/c
TUFPET,C14 H15 N3 O3,2.0,6.510000000000001,35,P-1
YUYVUJ,C18 H15 N1 O2,1.0,4.7,36,P-1
AQILET,C17 H18 N2 O1,1.0,6.54,38,P-1
QIMPUA,C19 H18 N2 O6,1.0,4.9,45,P21/c
QUKHIQ02,"C16 H32 Na1 O8 1+,C12 H4 N4 1-,C12 H4 N4",1.0,3.75,57,P-1
DADSOQ01,"C18 H17 N1 P1 1+,Cl1 1-,C1 H2 Cl2",1.0,3.16,37,P-1
SEGROM,C22 H27 N1 O4 S1,1.0,7.24,55,P21/c
FENTEA,C15 H22 F3 N1 O2 S1,1.0,2.98,44,P212121
MOPFEG,"C9 H5 O6 1-,C5 H7 N2 1+,H2 O1",1.0,4.760000000000001,20,P21/c
IMOBOC02,"C12 H28 P1 1+,C18 H12 B1 F10 1-",1.0,6.52,41,Pbca
PUXLUT,C13 H11 N3 O2 S1,1.0,4.87,30,P21/c
MOTPOE,"C12 H10 N2,2(C5 H9 N1 O3),0.5(H2 O1)",1.0,7.290000000000001,24,P21212
HIRTAE,C26 H29 Br2 N1,2.0,5.29,58,P21/c
TOPWOO,C11 H14 O4,1.0,3.6700000000000004,29,P212121
MANSEB,C18 H14 N2 S6,1.0,5.73,40,P21/c
TPXZSH10,C17 H13 N1 O2,1.0,4.5,33,P-1
OHADAD01,C12 H14 N4 O4 S2,1.0,4.15,36,P21/c
IZOYON,C14 H8 N2 O7 S1,1.0,3.9600000000000004,32,P-1
MURLOC,"C28 H29 Br1 N2 O4,0.5(C6 H12)",1.0,2.6100000000000003,64,P-1
LIVWIZ,C21 H23 N3 O3,1.0,4.87,50,P21/c
WAFZUB,C18 H9 O1 P1 S3,1.0,3.47,32,P21/n
YAFPEB,C14 H12 O2 S1,1.0,6.640000000000001,29,P21/c
KEQQED01,C9 H7 N1 O3,1.0,3.63,20,P21
UTUNAB,C20 H21 N5,2.0,7.26,46,P-1
RAWKEH,C25 H19 N1 O3,1.0,4.03,48,P21/c
FETWUW,"C7 H7 N1 O4,H2 O1",1.0,3.2,19,P212121
GAJRIV,"C6 H1 F5 O1,C6 H4 N2 Se1",1.0,4.4799999999999995,13,P21/n
AWIMAW02,C20 H28 O2,1.0,3.53,50,P21
RIZYIM,C24 H14 Cl1 N1,1.0,3.18,40,P21/c
AHOWID,C19 H28 O4,1.0,6.44,51,P212121
GIGSIB,C16 H9 Cl2 N5 O3,1.0,4.7,35,P21/n
QIZLET,"C10 H8 N2,2(C9 H7 N1 O2)",1.0,6.38,20,P-1
HOHLUM,C12 H21 N3 O3,1.0,3.4,39,P212121
SIHZUF,C28 H27 N1 O3 S1,1.0,3.89,60,P21/c
EVEMOI,"C8 H7 O3 1-,C4 H10 N1 O1 1+,C8 H8 O3,H2 O1",1.0,6.34,19,P21/c
MIVFUT,C16 H15 Br1 O3,1.0,4.24,35,P212121
FURSEM17,C12 H11 Cl1 N2 O5 S1,2.0,5.7,32,P-1
ODIKUL,C18 H16 F3 N1 O6,1.0,3.4799999999999995,44,C2/c
OHICAN,C32 H25 N1 O4 S1,1.0,5.74,63,P212121
FOZDAC,C21 H16 N2 O1,1.0,5.220000000000001,40,Pbca
CORBOD,C25 H19 F1 N2 O1,1.0,4.2299999999999995,48,P-1
EBOBED,C13 H4 F5 N2 O2,1.0,4.21,26,C2/c
YOCVIW,"C17 H33 O1 Se1 Si1 1+,Br1 1-",1.0,5.2700000000000005,53,P21
XIMLOY,C12 H9 F1 N2 O1,1.0,4.24,25,P21/c
LIGKUJ,"C9 H14 N1 1+,C5 H3 N2 O4 1-",1.0,3.8,24,P-1
AWULEL,C24 H20 B1 N1,1.0,4.05,46,P21/c
JOMMUW,"C8 H6 I1 1+,C1 F3 O3 S1 1-",1.0,2.5100000000000002,15,P21/n
ZAHDUM,C4 H8 N6 O7,2.0,2.5,25,Pc
MAFQIW,C12 H14 N1 O1 P1 S2,1.0,3.46,31,P21/c
YUCZOP,C20 H15 F3 O4 S1,1.0,3.18,43,Pbca
FONTEJ,"C22 H32 Br1 N1 O6 S1,C1 H2 Cl2",1.0,7.430000000000001,63,P-1
KUFMOO,C21 H17 N3,1.0,4.65,41,P21/n
SELZEO,C36 H23 Br1 O2,2.0,6.4,62,P-1
PUHTAR,C8 H8 N2 Se1,0.5,2.44,19,Fddd
UWABAW,C16 H12 O7,1.0,3.62,35,P-1
MIMROT,C26 H22 O2 Si1,1.0,4.02,51,P21/n
HEMBEK,C18 H8 F4 I1 N3 O3,2.0,2.5,37,P-1
VUYVET,C26 H18 Br1 N1 O5,2.0,3.19,51,P21/c
NOVSOI,C20 H22 O9,1.0,4.02,51,P-1
VADHUH,C18 H25 N1 O2 S1,1.0,5.7700000000000005,47,P21
GABDIY,"C19 H19 N5 O2 2+,2(Cl1 1-)",0.5,5.55,45,C2/c
ASAVUL,"C10 H8 O4 S4,C12 H2 Cl2 N4",0.5,5.59,26,P21/n
JUMBAX,C23 H19 N3 O2 S1,2.0,2.79,48,P212121
CESXIL,C20 H13 N3 O1 S1,1.0,5.35,38,P21/c
DIDRUE,C3 H4 I2 O2,1.0,1.81,11,P21/c
PILGIB,C22 H28 O6 S1,1.0,5.12,57,P21/c
YOPYIN,C22 H18 I1 N3 O4 S1,1.0,4.55,49,P212121
HACWOA,"C10 H20 S4,C2 I4",0.5,2.63,34,C2/c
TOBBOB,C3 H2 F6 O1,1.0,4.5,12,P21
MIXYIE,C26 H19 N3 O2,1.0,3.58,50,P21/n
MISCOH,C26 H24 Br1 N3 O2,1.0,3.61,56,C2/c
IFOPEA,C17 H19 Cl2 N5 O4 S1,1.0,6.63,48,P21/c
FUCOUM,C11 H6 O3,1.0,6.0,20,P21/n
EYUNIZ,C19 H26 N2 O5,1.0,4.12,52,P21/n
QOQPER,C14 H21 N1 O5 S2,1.0,4.7,43,P21/c
DUZROG,C13 H12 N4 O1,1.0,4.24,30,C2/c
KAKYIJ,C15 H14 O3,1.0,3.6799999999999997,32,P-1
ENULEF,C13 H13 N1 O1,1.0,4.2,28,Pbca
FUZJUI,C14 H20 O4 S1,1.0,3.51,39,P21/c
SULNUK,C20 H14,1.0,4.09,34,P21/n
YORMIE,C20 H22 O11,1.0,3.66,53,P212121
XETDIM,C11 H10 N4 O1,1.0,4.68,26,P-1
MIDYAZ,C26 H26 O5,2.0,4.41,57,P21cn
YUSZET,"C10 H19 N1 O5,2(H2 O1)",1.0,3.3300000000000005,35,P212121
WEBNIE,C17 H13 N3 O3,1.0,3.81,36,P21/n
JENPAW,C18 H36 O2 Si2,2.0,5.37,58,P-1
FUDJAT,C16 H15 N1 O2,1.0,4.91,34,P212121
EBEYEQ,C24 H36 O4,1.0,4.92,64,P212121
TASMIJ,C19 H27 N1 O2 S1,1.0,3.9,50,C2
MEHKIW,C9 H10 B1 N3 O2,1.0,7.470000000000001,25,Pca21
IQIRIL,C23 H21 B1 F10 N2,1.0,2.8400000000000003,57,P212121
KABXIZ,C30 H24 N2,1.0,4.07,56,P21/c
LEGCAF,C33 H26 O3,1.0,4.75,62,P21/c
NEBVOJ,"C10 H14 N3 O2 1+,C7 H4 Br1 O2 1-,2(H2 O1)",1.0,3.66,29,P-1
SIAZAN,C19 H15 N1 O1 Si1,1.0,4.3,37,P1121/b
FUXXUS,C25 H20 N4 O1,1.0,5.24,50,P-1
CEGVUI,C12 H16 O2,1.0,3.37,30,P21
GOWFAD,C16 H19 Cl2 N1 O2,1.0,6.36,40,P21/n
ZIKJOS,"C9 H18 N1 O4 1+,Cl1 1-",1.0,5.43,32,P212121
WOZGID,"C2 N6 O4 2-,2(K1 1+)",0.5,2.18,12,Pbcn
IWOMIR,"C29 H22 N4 O1,C1 H4 O1",1.0,5.94,56,Pbca
IMEBIP,C34 H26 B1 N1 S2,1.0,4.55,64,P21/c
VOVSIL,"C18 H12 F1 S1 1+,C1 F3 O3 S1 1-",1.0,2.6599999999999997,32,P-1
XETTEY,C14 H16 O4 S1,1.0,4.08,35,P21/c
WEBZEM01,C12 H9 N1 O1,1.0,6.6000000000000005,23,Pna21
INAGOT01,C18 H22 F2 N4 O2 Si1,0.5,3.65,49,C2/c
YALTAJ01,C25 H14 B1 F15 N2,1.0,3.84,57,P21/n
ZAZXAB,"C14 H24 N4 2+,2(C1 F3 O3 S1 1-)",0.5,3.74,42,Pbca
VEJNIK,"C4 H12 N2 2+,2(C7 H4 N1 O4 1-),2(H2 O1)",0.5,3.88,18,P-1
BOVKEG,C29 H22 B1 Br1 N1 P1,1.0,3.45,55,P-1
ARABOK,C17 H21 N1 O5,1.0,5.69,44,P21/a
LAYGOL,"C13 H24 O4,C6 H12 N4",2.0,4.130000000000001,41,P21/c
RIJBER,C6 H13 N1 O4 S2,1.0,3.06,26,P21/n
KUMZUP,C25 H23 N1 O1,1.0,2.69,50,P21
QISFOQ,C24 H21 N3 O5,1.0,4.569999999999999,53,Pbca
ICOVEF,"C11 H8 O3,C1 H4 N2 O1",1.0,4.21,22,C2/c
LUPDUW,C12 H14 N4 O1 S1,1.0,4.7700000000000005,32,P-1
IZEMAF,C15 H23 N1 O2 S1,2.0,4.51,42,C2
ILIRII,"C6 H5 O4 S1 1-,C6 H6 N3 1+",1.0,4.9399999999999995,16,P21/n
ARIFAK,"C27 H23 N1,0.5(C1 H1 Cl3)",2.0,3.42,51,P-1
EMIVIG,C27 H33 N1 O3,0.33,5.47,64,R3c
ZUSWIT,C27 H28 O1 S2,1.0,5.0,58,P21/c
PEDYEE01,"C3 H8 N1 O2 1+,I1 1-",0.5,1.37,14,P21/m
SELWAJ02,"C2 H8 N1 1+,N1 O3 1-",2.0,3.5500000000000003,11,P21/c
QOWLEW,C24 H21 N3 O1,1.0,5.58,49,P21/c
RENDIX,C14 H11 N3 S1,1.0,3.9,29,P21/c
NIMVEN,"C1 H7 N4 1+,C1 H1 O2 1-",1.0,3.17,12,P21/n
HOXQUI,C19 H31 N2 O1 P1,1.0,5.11,54,P-1
LAJPOG,C8 H4 Cl2 N4,1.0,2.68,18,Pbca
PEDSOK,C8 H15 B10 Br1,1.0,3.6900000000000004,34,P-1
SULRIB,C18 H29 Br1 O3 Si1,1.0,3.7,52,P21
AWAZII,C10 H12 N2 O2,1.0,5.96,26,P21/c
IGIFUD,C17 H30 N4 O2,1.0,6.08,53,Pbca
BORHOG,"C14 H14 N4 O3 S1,2(H2 O1)",1.0,7.33,36,P21/n
BIQWEH,C18 H18 N4 O2 S1,1.0,3.2800000000000002,43,P212121
AXEFIV,"C32 H22 Cl1 N5 O2,2(C2 H6 O1 S1)",1.0,6.77,62,P-1
BETBAG,"C12 H12 N2,C8 H12 N2,C10 H8 N2,2(C6 H5 Cl1 O2)",0.5,6.140000000000001,26,P-1
LIVWOG,"C14 H15 N5 O2,C1 H2 O2",2.0,5.27,36,P21
HEBSIU,"C22 H24 N2 O7 S1,0.5(C6 H5 Br1)",1.0,7.35,56,P41212
PUVVEI,C26 H15 As1 F12 O3,1.0,5.05,57,P-1
YAJWOV,C10 H21 As1 N4,1.0,5.6000000000000005,36,P21/c
JUPDUT,"C8 H20 P1 1+,N3 1-",0.5,3.7,29,C2/c
WEZPUQ,"2(H4 N1 1+),C34 H20 O8 2-",0.5,2.96,62,I222
NELVAB,C6 H7 N3 O1,1.0,4.49,17,P21/n
XUJPEB,"C6 H7 O2 1-,H4 N1 1+",1.0,3.73,15,P-1
SECBEJ,C10 H10 O2,1.0,3.67,22,Pbca
NIYBOO,"C18 H20 N1 O2 1+,I1 1-",1.0,5.949999999999999,41,Pbca
NONPAL,C23 H18 B1 N5 O1,1.0,5.37,48,Pbca
VAHPEB,C18 H25 I1 O4,1.0,2.11,48,C2/c
LEJNUK,C24 H17 F1 N4 O1 S2,1.0,5.26,49,P21
XESYOM,C11 H13 N3 O1,1.0,5.76,28,P21/c
TAZKIR,"C6 H5 B1 Br2 O2,C12 H8 N2",1.0,7.12,22,P21/c
SAVCEB,C20 H14 O2,1.0,5.11,36,P212121
WOBFAX,C18 H17 Br1 N2 O1,2.0,7.37,39,P21/c
ZEVTID,C18 H20 N6 O5,2.0,5.1000000000000005,49,P212121
IROXAQ,C17 H11 Br1 O3,1.0,3.94,32,P-1
OCHTET26,C4 H8 N8 O8,0.5,3.29,28,P21/n
UKUZUW,"C13 H13 N2 O1 1+,0.5(O4 S1 2-),H2 O1",2.0,3.5700000000000003,29,P21
LAGVID,C25 H21 N2 O2 P1,1.0,4.45,51,P212121
KORYAU,C25 H21 Cl1 N2 O3 S1,1.0,2.81,53,P21/n
ZUYYOH,C6 H6 O2 S1,1.0,3.04,15,Pna21
NOSYAY,C28 H25 Cl1 I1 N1 O2,1.0,2.8899999999999997,58,Pbca
XUCFOT,C25 H21 N1 O5 S1,1.0,3.6999999999999997,53,P21/c
RALTEE,C18 H14 O3,1.0,4.0200000000000005,35,P-1
NEQKAZ,C11 H12 Br1 N3 O1,1.0,1.5599999999999998,28,Pna21
ESINAV,C20 H21 B1 F3 N1,1.0,4.51,46,Pbca
LUVRID,C15 H15 N1 O1,1.0,4.82,32,P21/c
QEMYOA,"C26 H22 N2,C6 Cl4 I2",1.0,3.25,50,P-1
WORCIR,"C17 H20 N4 S2,0.5(C1 H4 O1)",2.0,4.35,43,P-1
REQVIV,C14 H15 Br1 O2,1.0,4.33,32,P-1
GOQDAU,"C13 H18 N2 O6,H2 O1",2.0,2.55,39,P21
TUKNIZ,"C17 H16 N2 O2,C1 H4 O1",1.0,4.06,37,Pbca
KIGMIX,"C13 H10 F3 N2 O2 1+,C4 H3 O4 1-",1.0,5.3100000000000005,30,P21/c
AMEROZ,C17 H26 N5 O3 P1,1.0,5.97,52,C2/c
YUBNIV01,C8 H7 N1 O2,1.0,4.07,18,P21/c
HOZQIA,"2(C19 H14 N2 O1),C6 F4 I2",0.5,3.0700000000000003,36,P21/c
HPTPOL,C29 H21 N1 O2,1.0,4.8,53,P21/n
QIDNOK,C17 H27 N1 O4,2.0,6.1899999999999995,49,P21/c
HOMCUI,C18 H18 N4 O1 S1,1.0,6.61,42,P21/c
QAYBOI,"C13 H24 N1 O3 1+,B1 F4 1-",1.0,6.38,41,C2221
BOMTIK,C33 H28 N2,1.0,6.18,63,P21/c
HORFIG,C19 H24 O4,1.0,3.17,47,P212121
NOQYEY,C18 H14 N4,0.5,4.74,36,P-1
EDILUB,C21 H29 N1 O3,1.0,5.42,54,P212121
KEJFAJ,C27 H27 Br1 N2 O4,1.0,4.55,61,P21
VORPUO,C23 H18 Br1 N1,1.0,4.21,43,P-1
KEKJIX,C19 H16 O3,1.0,6.04,38,P21/n
SOVJEU,C21 H25 N1 O3,1.0,2.35,50,P212121
KOBNEY,C11 H6 F5 N1 O2,1.0,4.38,25,P-1
SIXKES,C20 H18 O1,1.0,5.55,39,P21/c
GUYBOR,C10 H14 O4,1.0,3.69,28,P212121
LEMXAE,C24 H29 N5 O2,1.0,5.73,60,Pbca
KAGDEG,C20 H22 N2 O1 S1,1.0,3.51,46,Pca21
VEQQIS,C18 H21 N5 O3,1.0,7.45,47,C2/c
MEDCUV,"C8 H12 N1 O1 1+,C8 H7 O2 1-",2.0,4.3500000000000005,22,P21/c
IJUCEW01,C13 H8 O4,1.0,3.09,25,P21
SOVZUA,C17 H11 Br1 N2,1.0,2.91,31,P21/c
NOXMEV,C29 H30 N2,1.0,5.24,61,P21/c
CENVIB,"4(C8 H12 N1 1+),O12 P4 4-,2(H2 O1)",0.5,5.5600000000000005,21,C2/c
COKRUQ,C21 H25 N1 O3 S1,2.0,3.2600000000000002,51,P21
TIWGEL,"C24 H38 N1 1+,C1 F3 O3 S1 1-",1.0,3.9,63,P21
AZILIH,C10 H12 Br4,1.0,2.96,26,P-1
OSOXEC,C14 H18 O2,1.0,3.4000000000000004,34,P-1
PIQRAI,C16 H20 O5,1.0,4.13,41,P-1
MISBIB,"C16 H17 O9 1-,C12 H9 N2 1+",1.0,3.4799999999999995,42,P21
VABYOQ,C12 H15 N3 O2,1.0,3.0300000000000002,32,P212121
DIPQAX,"C12 H18 N1 1+,Cl1 1-",1.0,4.2299999999999995,31,Pca21
VODVUF,C12 H8 F3 N1 O2,1.0,5.74,26,Fdd2
ETHDPH,"C2 H8 O7 P2,H2 O1",1.0,5.2,19,P21/c
HUFZAK,C15 H11 Cl1 O1,1.0,3.6,28,P-1
KOVCON,C14 H15 N3 O1,1.0,1.51,33,Pbca
VANVEP,C22 H18 Cl1 N1 O2 S1,1.0,6.9,45,P-1
TACMAL,C17 H19 N5 O2,2.0,7.1000000000000005,43,P-1
QISTUL,C15 H15 N1 O2,1.0,5.52,33,P21/n
UQATOX,C26 H22 O6,1.0,2.88,54,Pbca
MIYMUF,C12 H12 N2 O4,1.0,6.68,30,P21/c
PEFJAO,C26 H31 F2 N1 O3,1.0,5.319999999999999,63,P-1
KUHTIT,C18 H22 O2,1.0,7.32,42,P212121
BIKFUZ,C25 H22 N6,1.0,6.21,53,P21/c
ZUWGAC,C16 H14 O3,2.0,4.99,33,P21/c
YUBWUQ,C9 H17 N1 O2 S1 Se1,2.0,3.74,31,P21
ZOBGAB,"C15 H12 O3,C3 H7 N1 O1",1.0,5.56,30,P-1
YUTDUM,C21 H20 Br1 N3 O3,1.0,7.2,48,P21/n
RURKUN,C19 H22 Br1 N3 O1 S1,1.0,4.6899999999999995,47,P21/c
GIGTOJ,C28 H24 O8,1.0,6.67,60,P21212
EBAXUC,"C17 H19 N1 O1,0.5(C6 H6)",1.0,4.21,38,P-1
OMUKAL,C25 H31 F2 N1 O3 S1,2.0,6.63,63,P212121
SUPSEF,C21 H15 N1 O5,1.0,4.09,42,C2/c
AKAZEV,C23 H23 N3 O2 S3,1.0,2.82,54,P21
IDAXOB,"C23 H24 O6,H2 O1",1.0,5.5,53,P21/c
CDBALA,C6 H10 N2 O2,0.5,4.2,20,C2/c
WACKUL,C16 H16 N2 O3,1.0,4.05,37,P21/n
XOFFUV,"C19 H13 Br1 N2 S1,0.5(H2 O1)",1.0,3.6900000000000004,36,C2/c
WIRPIA,C10 H11 F2 N3 O2,1.0,5.0,28,C2/c
XALNAC,"C7 H5 O6 S1 1-,C7 H10 N1 1+",1.0,5.12,19,P21/n
MEPYEP,"C21 H21 F1 O1 P1 1+,C1 F3 O3 S1 1-",1.0,3.27,45,P21/n
HUVXEC,C18 H19 N1 O6,1.0,4.66,44,P-1
WEVMEQ03,C16 H15 N3 O1 S1,1.0,3.6999999999999997,36,P21/c
YILJAH,C17 H20 O3,1.0,3.1199999999999997,40,P212121
FOMPIG,C25 H32 Mg1 O2,1.0,3.6,60,P212121
GABVUC,"C14 H14 I1 O1 1+,Cl1 1-",1.0,3.04,30,P-1
UXIMAR,C11 H14 N2 S1,1.0,5.59,28,Pbca
LAPVEF01,"C21 H15 N3 O4,C3 H7 N1 O1",1.0,5.319999999999999,43,P21/c
XERWIB,C26 H29 N1 O4,1.0,3.6,60,P21
ROTBOV01,C17 H19 Br1 N2 O1,1.0,6.49,40,P212121
FOBBUX,C16 H14 S2,2.0,3.2099999999999995,32,P21/c
XOTQAA,C20 H21 N3 O2,1.0,6.32,46,C2/c
PAXPOV,C12 H9 N3,1.0,6.38,24,P21/c
VEMKIL,"C23 H19 Si1 1+,F6 P1 1-",2.0,3.25,43,Cc
MEKKET,C9 H4 Cl2 O2,1.0,6.19,17,P21/c
ZAXDIO,C18 H20 B1 N2 P1 Se1,1.0,4.7,43,P21/c
PCYPOL21,C7 H5 N1 O1,2.0,6.890000000000001,14,Pbcn
NOSWAT01,C14 H10 N2 O2,1.0,5.55,28,P212121
MOYHAJ,"C2 H1 O4 1-,H4 N1 1+",1.0,6.16,7,P21/c
IRILEB,C8 H8 N2 S1,1.0,3.35,19,P21/c
MIXYOH,C10 H9 Cl1 O2 S2,1.0,3.13,24,P-1
WIRPAO,C12 H18 O4,1.0,4.42,34,P21/a
GEJZEE,C13 H7 Br1 F1 N1 O1,1.0,4.34,24,P21/n
UFERED06,"C19 H16 Cl1 N1 O4,C7 H5 N1 O3 S1",1.0,6.510000000000001,41,P-1
VAGHIV,"C9 H15 N3 O2 2+,O4 S1 2-",1.0,2.12,29,P21
KUQNAN,C18 H20 N8 O1 S3,1.0,4.46,50,P21/c
CUTQUD,"C16 H38 N4 2+,2(C12 H9 O2 S1 1-),2(C1 H4 O1)",0.5,3.75,58,P21/c
AKIHEK,C21 H16 N2 O1,1.0,2.9000000000000004,40,P212121
XABPAU01,"C8 H12 O4,2(C9 H9 N5)",0.5,5.0200000000000005,24,C2/c
TUSWUC,C16 H15 N1 S1,1.0,2.9899999999999998,33,P21/n
DADCIW,C12 H13 F1 N4 O3,1.0,3.35,33,P212121
DULSAH,C16 H19 N1 O7,1.0,3.88,43,P21/n
KOGNEB,C21 H26 O9 S1,1.0,6.17,57,C2
VIJKUV,C20 H26 O6,1.0,3.9,52,P212121
VIFGIA,C11 H9 N1 O2,1.0,5.94,23,C2/c
KABTEQ,"C15 H22 N1 O2 1+,2(C1 H1 Cl3),Cl1 1-",1.0,6.7,40,Pna21
ABEHAS,C14 H15 Br1 N2 O2,1.0,1.61,34,P212121
KIFZOR,C29 H21 Cl1 N2 O2 S1,1.0,7.3999999999999995,56,P21/c
RIQVAO,C20 H30 N2 O5,1.0,4.63,57,P1
KAHBUT,"0.5(C4 H12 N2 2+),C6 H6 N1 O3 S1 1-",1.0,3.84,18,Pbca
NODREG,C20 H16 N2 O1,1.0,5.4,39,P-1
EZEPIM,C25 H22 Cl1 F3 N3 O3 P1,1.0,5.57,58,P212121
IRIRUA,C16 H16 Br1 N1 O3,1.0,3.27,37,P21/n
OZABUN,C17 H25 N1 O1,2.0,2.5,44,P21
CIRMAT,"C11 H12 N1 O1 1+,C6 H4 N1 O5 S1 1-,0.5(H2 O1)",1.0,6.68,25,P21/n
VUJKEU,C15 H18 N2 O2,1.0,5.58,37,P212121
SAKJAS,C20 H26 O3,1.0,3.36,49,P212121
LESQUW,C14 H18 N2 O4 S1,1.0,6.05,39,P21/c
LOHROQ,C14 H17 Cl1 N2 S1,1.0,3.87,35,C2/c
CIGKOW,C15 H9 F3 N4 O1 S1,2.0,5.1,33,P-1
KIKSOQ,C20 H33 N2 O1 P1,1.0,4.91,57,P21/n
RUSXAH,C21 H14 F5 N4 P1,1.0,5.3,45,Pna21
ZUCSAU,C14 H21 B1 O4,1.0,4.760000000000001,40,Pbca
ROTCOV,"C17 H14 Br1 N2 S1 1+,0.5(C1 H1 Cl3),Br3 1-",2.0,7.07,35,P-1
PUMCUV,C13 H21 N1 O1 Si1,1.0,6.6000000000000005,37,P21/n
PUVTOQ,"C4 H12 N1 1+,C9 H20 B12 N1 1-,C2 H3 N1",1.0,4.94,42,P21/n
PAMSUS,C15 H9 N9 S3,1.0,3.5,36,P21/n
ZUSPIP01,"C9 H5 O6 1-,C3 H7 N6 1+,2(H2 O1)",2.0,6.069999999999999,20,P-1
PEXJEH,C22 H21 N1 O3,1.0,4.3,47,P21/c
DILSEY,C8 H12 N2 O3,1.0,6.1,25,P21/c
XAKKUP,C16 H28 N2 O6,1.0,5.41,52,P212121
QOYCAJ,C12 H17 N1 O5 S1,1.0,5.72,36,C2
TIBFUF,C20 H24 N2 O2 S1,1.0,3.0500000000000003,49,P21
QULBEF,C11 H18 O2 S1,1.0,5.98,32,P21/n
NUMZUS,C20 H24 O7,1.0,3.44,51,P212121
CILLIS,C32 H23 Br1 N2 O5,1.0,3.6,63,P212121
CICBAV,C6 H6 N12,1.0,7.000000000000001,24,P21/c
KAFBEZ,C13 H10 F2 O2,1.0,3.91,27,P212121
SABYAV,C14 H13 N1 O2,1.0,6.1000000000000005,30,P212121
WOCGIE,C14 H14 Br1 F3 O2,1.0,5.8,34,P-1
SEKBAM,C21 H15 N1 O6 S1,1.0,3.96,44,P-1
TEZMER,"C15 H14 N2 O3,H2 O1",1.0,3.49,34,P212121
BAJDAV,C17 H14 N2 O2,1.0,4.44,35,P-1
CUPTEN,C15 H21 N1 O3,1.0,3.38,40,C2221
OZIWAZ,C17 H10 Br1 N1 O2,1.0,2.94,31,P-1
HITZEQ,"C16 H17 F1 N2 O4,H2 O1",1.0,4.33,40,P21/n
KATROP,C16 H22 N4 O4 S2,0.5,3.64,48,P21/n
ATUVIU,C5 H9 N1 O3,1.0,3.67,18,P21212
CAQBIH,C13 H8 N2 O2 S1,1.0,4.22,26,Pbca
ASOKOK,C13 H15 N1 O3,2.0,4.859999999999999,32,P21
EGEGIH,"C21 H18 N1 S1 1+,B1 F4 1-",1.0,4.12,41,P21/c
BUFXIM,C26 H25 Cl1 N2 O2,1.0,5.62,56,P21/c
XAZYAY,C17 H23 N1 O3,1.0,7.41,44,P212121
QIYWIH,C18 H12 O1,2.0,4.15,31,P-1
NEDZEE,C28 H24 Br1 N1 O2,1.0,4.41,56,P21/c
FAMXUM,C19 H24 O2,1.0,4.3,45,P21
FAMPOB,C20 H22 O6 S1,1.0,3.49,49,P21
PIPRUB,C14 H8 I2,2.0,4.01,24,P-1
BAGHAW,C17 H23 F2 N1 O3,1.0,4.99,46,P21/c
POBSUV,C17 H27 F3 O8 P2,1.0,4.92,57,P-1
SAZJAI,C24 H26 O6,2.0,6.329999999999999,56,Pc
RIQWOE,C5 H19 B9 S1,1.0,2.72,34,P21/n
KODKUM,"C8 H9 N5 O2,1.5(H2 O1)",1.0,4.859999999999999,24,C2/c
DOYNUB,"C15 H21 Br1 N1 1+,Cl1 1-",1.0,2.67,38,C2/c
VIRLAN,C7 H6 N8 O6,1.0,3.7800000000000002,27,P212121
UKIGAY,C15 H19 N1 O1,1.0,4.859999999999999,36,P21/c
KOXGAI,"C16 H16 N2 O3,H2 O1",1.0,5.0200000000000005,37,Pbca
QIVFUA,C23 H18 O3,1.0,4.24,44,Pbca
SEQKAA,C12 H21 N1 O8 S1,1.0,4.2,43,P212121
LUSBIO01,C19 H17 B1 F2 N4 O4,1.0,5.66,47,P21/c
ZAPQEP,C20 H16 O2,1.0,3.66,38,P21/c
YIKRAO,C27 H26 N2 O1,1.0,5.74,56,P21/n
GUNZUL,C22 H15 N1,1.0,3.79,38,P-1
TAXQUG,C19 H15 Br1 Cl1 F3 N2 O1,2.0,4.92,42,P212121
FIYNEG,C16 H22 N2 O3,1.0,4.32,43,P212121
GANJIQ,C16 H14 N2 O2,0.5,3.83,34,Pbca
NIRVOZ,C14 H13 N1 O3,1.0,4.07,31,P21/c
GASHEP,"C16 H20 N1 1+,C18 H1 B1 F15 1-",1.0,5.23,37,P21/c
UKIBEX,C8 H11 N1 O3,1.0,2.75,23,P212121
THALID35,C13 H10 N2 O4,1.0,5.46,29,P21/n
LEBMOW,"C19 H23 N2 O4 1+,B1 F4 1-",1.0,6.4,48,Pbca
PATTAF,"C7 H9 O4 1-,H4 N1 1+",1.0,4.1,20,Pbca
BUDTEA,C19 H24 N2 O2 S1,1.0,4.65,48,P212121
NIZTUO,C24 H25 N1 O6,1.0,3.9600000000000004,56,P21
DOKXEH,C19 H17 N1 O2,1.0,5.87,39,P21/c
SEPNOU,C20 H24 N2 O3,1.0,2.93,49,P212121
LEZQEM,C12 H8 F4 N2 O4 S1,0.5,4.3100000000000005,31,P21/c
NUGZIY,C24 H26 N2 O8,1.0,5.11,60,P-1
KERCER,C24 H30 F1 N3 O1 S2,1.0,6.96,61,C2/c
XUYHUX,C19 H13 N1 O5,1.0,2.0500000000000003,38,P43
EWOLEL,C26 H25 N1,1.0,4.02,52,P21/c
EHOQIE,C15 H18 N2 O3,1.0,5.37,38,P21/n
RUKRAS,C21 H21 Br1 F3 N1 O1,2.0,5.24,48,P212121
CITKAU,C13 H7 Br1 N2 O2,1.0,2.08,25,Cc
WEGPUX,C24 H19 Br1 O4,1.0,2.4899999999999998,48,P212121
XIZPAA,"C17 H21 N2 S1 1+,0.5(C2 H2 O4),Cl1 1-",1.0,3.74,41,P21/n
SIZNUO,C15 H14 O2 S1,1.0,2.237,32,P21/n
YAHWIP,C25 H18 Cl2 N2 O2,1.0,5.34,49,P21/c
KAMJUD,C16 H12 O4,1.0,3.9,32,P21/c
MAVSOR,C26 H23 Br1 O5,1.0,4.4,55,C2
NIKZAK01,C15 H21 N1 O5,1.0,3.8899999999999997,42,P212121
GAJBAY,C12 H17 N1 O3,1.0,3.4299999999999997,33,P1
VAJGUI,C7 H10,0.5,4.1,17,Pbcn
HACKIG,C25 H23 N1 O2 S1,1.0,4.78,52,P21/n
YALWAO,"C30 H27 N5,0.5(C1 H2 Cl2)",2.0,4.91,62,P21/n
OFEGOW,"C9 H13 Br1 N1 1+,Br1 1-",1.0,4.95,24,P21/c
SEQJUT,C9 H15 N1 O10 S2,1.0,3.9,37,P61
AQEPUK,"C17 H20 N8 O7,C2 H6 O1 S1",1.0,4.7,52,P21/c
WAQTOZ,C25 H30 O6,1.0,3.61,61,I2
AFIDAW,C17 H15 F2 N3 O1,1.0,3.82,38,P21/c
ADOLIQ,C16 H10 F4 O4,2.0,4.5,34,P-1
LABSEM37,"C2 H6 N1 O2 1+,H2 O3 P1 1-",2.0,3.6900000000000004,11,P21
GEXQUY,"C9 H8 N2 O1,1.5(H2 O1)",2.0,3.4799999999999995,20,P-1
THIAMC14,"C12 H18 N4 O1 S1 2+,H2 O1,2(Cl1 1-)",1.0,3.7,36,P21/n
WOVCAO,C25 H29 N3 O2,1.0,3.61,59,Cc
CEBZAM,C12 H7 Br1 O5,2.0,3.2800000000000002,25,P1
MOKLAA,C11 H14 N2 O5,1.0,4.86,32,P-1
FOQHAU,"C27 H15 N3 O9,C1 H2 Cl2",1.0,6.65,54,P-1
OZOQUS,C9 H13 N3 O5,1.0,3.38,30,P21/n
KONQAF01,C20 H22 O6,0.5,5.28,48,C2
RIJMUW,C25 H21 N1 O2,1.0,3.63,49,P-1
XUQVAG,C23 H21 B1 F1 N3 O4,1.0,5.0200000000000005,53,P21/a
WUQYOZ,C16 H25 N1 O3,1.0,4.3,45,P21/n
NAXKOM,C20 H28 O2 P2,1.0,3.19,52,P212121
DUDJAO01,C9 H11 N3 S1,1.0,4.9,24,P21/c
LEHXIG,C17 H16 N2 O1,1.0,3.77,36,P212121
BEDHOH,C15 H20 Br1 Cl1 O1,1.0,4.9,38,C2
WURMIF,C22 H27 Cl1 O3,1.0,3.38,53,P21
ULAYAH,"C12 H14 Cl1 N4 1+,C4 H5 O4 1-",1.0,4.68,31,P21/c
SEVLAK,"C14 H20 N1 O1 1+,Cl1 1-",1.0,2.3800000000000003,36,P212121
DUPCOJ,"C35 H18 O5,C3 H9 O3 P1",1.0,7.449999999999999,58,C2/c
DAQNOZ,C10 H6 O4 S2,2.0,6.2,22,P-1
YONBIM,C33 H21 N9,0.5,3.5,63,C2/c
NAWVOX,C21 H24 O3,1.0,4.18,48,P21
ILUDEA,C17 H16 I1 N3,1.0,4.95,37,P21/c
WUDJUC,C18 H23 N1 O4,1.0,4.15,46,P212121
SIZXAC01,C9 H6 B1 Cl1 F2 N2,1.0,3.18,21,P21/c
FEBROU,C13 H4 F8 S2,1.0,4.97,27,P21/n
ZEXXUY,C22 H18 N2 O6,2.0,6.35,48,P212121
ZUXLOX,C17 H26 B1 N1 O3,1.0,4.74,48,P-1
TAFKIW,C13 H16 O3,1.0,5.46,32,P21/c
BAYGEP,C12 H18 O4,1.0,5.93,34,P21/a
DOXABR05,"C4 D8 O2,Br2",0.25,2.9,14,C2/m
MIXVIZ,C18 H16 O6,1.0,4.2,40,P-1
JEBFEC,C16 H14 Br1 N1 O1 S1,1.0,6.6000000000000005,34,Pbca
OCIFOZ,C19 H14 N4 O1,1.0,7.35,38,P-1
LUKYAV,C13 H8 F3 N1 O1,2.0,4.97,26,Cc
EQOKIG,C24 H26 F1 N3 O3,1.0,6.4399999999999995,57,P212121
EDAYIR,C16 H14 N4 O4,1.0,5.2,38,P-1
VIWDIS,"C1 H8 N4 O1 2+,C3 H1 N11 O6 2-,3(H2 O1)",1.0,3.62,21,P-1
IDIRAP,C14 H18 F3 N1 O1,1.0,6.57,37,P21
DISKOG,C23 H25 N3 O3,1.0,6.46,54,Cc
NUPKEP,C23 H19 N1 O2,1.0,3.59,45,Pbca
VEMFOK,C15 H16 O2,2.0,3.81,33,P212121
BRMOIN,C16 H14 Br1 N1 O2,1.0,4.8,34,P21/n
ARASOB01,C25 H23 N1 P2 S2,1.0,4.6000000000000005,53,P21/n
DUCMAQ06,"C12 H19 N5 O4,C3 H8 O1,H2 O1",1.0,2.48,40,P21
ISONIP,C22 H19 Cl1 N2 O1,2.0,3.8600000000000003,45,P21/c
BUTXUM,C14 H10 Br1 N1 O1 S1,2.0,2.46,28,Pca21
PEKDUF,C20 H25 Cl1 O2,1.0,4.0,48,P212121
YAJXOA,C6 H8 N12 O6,1.0,4.37,32,P21/c
NHAZMS02,"C4 H8 O2 S1,C3 H6 N6 O6",1.0,3.98,21,P-1
TAPKOM,"C12 H29 N4 O2 3+,3(Cl1 1-),2(H2 O1)",1.0,3.8000000000000003,47,P21/n
QICVAZ,C3 H3 N3 O2,2.0,5.13,11,P21/c
EBOPIU,C12 H19 B1 Cl1 N1 O2,1.0,2.34,36,P212121
HUZWAA,"C16 H16 N2 O3,C4 H9 N1 O1",1.0,3.8000000000000003,37,P212121
LINNII,C17 H16 B1 F2 N3 O2 S1,1.0,6.17,42,Pbca
UJUZIJ01,C17 H20 O1,2.0,4.9799999999999995,38,P-1
WOKFEH,C15 H16 O3,1.0,3.67,34,P21/n
PAKPUO01,C14 H22 B10 N2 O2,1.0,5.79,50,P-1
MENBEN,C13 H10 N2 O2,1.0,5.09,27,P21/c
AHUGIX,"C18 H15 As1 O1,1.5(H2 O2)",1.0,2.87,35,P21/n
XIRYEC,C23 H25 N1 O1,1.0,4.91,50,P-1
IBIDIH,"C60 6-,3(Ca1 2+)",1.33,3.33,60,Pa-3
UWUHAW,C12 H18 Br6,1.0,4.94,36,P-1
ZECSOP,"C2 H10 N2 2+,2(C9 H6 N1 O4 1-)",1.0,4.9,20,P21/a
BOTCET,"C24 H12 N4 O4,C10 H8 O2",0.5,5.18,44,P-1
PACNUG,C11 H8 Br1 N3 O1,1.0,2.75,24,P42/n
LODMUO,"C12 H16 O4,C12 H8 N2,0.5(C6 H6 O2)",2.0,6.15,32,P-1
OGOGEY,C13 H14 O5,1.0,4.61,32,P21/c
VANCOD,C5 H6 N4 O3,1.0,4.47,18,P21/c
GAQDEJ,C20 H20 Cl1 N3 O4,1.0,3.8200000000000003,48,P21/c
LEHWUU,"C16 H6 N4 O4,C13 H11 N1 S1",2.0,3.36,30,P21
BIJWAS01,"C12 H24 O6,2(C1 H3 N1 O2)",0.5,7.5,42,P21/n
MEKVOO,C17 H18 O4,1.0,6.58,39,P212121
LANTIF,C16 H14 N4 O4,0.5,4.71,38,P21/c
KAMPUK,C22 H20 Cl1 N3 O1,1.0,4.19,47,P21/c
NOJQUC,C14 H31 B11 Cl2 N4 Si2,1.0,2.9499999999999997,64,P-1
NIHTOO,C17 H18 O2,1.0,3.43,37,P212121
PAJVOO,C24 H19 N1 O1,1.0,3.4799999999999995,45,P-1
BEFCAS,C19 H21 N1 O3 S1,2.0,6.36,45,C2/c
GEFRAL,C11 H17 N5 O3,1.0,3.87,36,P21/c
DLSERN38,C3 H7 N1 O3,1.0,1.48,14,P21/a
WETCEH,"2(C12 H30 N1 O2 P2 1+),Br3 1-,Br1 1-",1.0,3.55,47,P21/c
ONEROQ,C26 H19 P1 S1,2.0,1.7999999999999998,47,P-1
DBZTEP,C12 H8 Te1,1.0,2.9,21,P212121
JESLOJ,C14 H22 O1,1.0,4.36,37,P21
ZIHJEJ,C14 H11 F1 N2 O2,2.0,4.6899999999999995,30,Pbca
NAPMCB01,C12 H11 N1 O2,1.0,4.03,26,P21/c
IBUJOH,"C18 H23 N2 S1 1+,H2 O1,Cl1 1-",1.0,6.97,44,P21/c
ADPROP,C8 H10 N6 O1,1.0,4.9,25,P21/a
GIYKOP,C20 H25 N1 O4,2.0,4.24,50,P212121
ADESAH,C25 H27 N3 O3,1.0,5.55,58,C2/c
CIRTEC02,"C12 H24 O6,2(C6 H1 Cl2 N3 O7),2(H2 O1)",0.5,4.3,42,C2/c
REDDAF,"C8 H11 N1,C7 H3 N3 O4",1.0,4.42,20,C2/c
FODMAO,C30 H26 N4 S4,1.0,5.66,64,P21/n
VUQZIR,"C10 H22 Mg2 O18,H2 O1",1.0,4.7,52,P-1
HCPZBO,C16 H18 N2 O5,1.0,5.2,41,P21/c
GUYTAY,C19 H16 Cl1 N1 O3,1.0,3.5000000000000004,40,P-1
REFVOQ01,C14 H11 N1 O1 S1,2.0,5.45,28,P21/c
RIHCOC,"2(C15 H13 N4 O3 S1 1-),H12 Mg1 O6 2+,6(H2 O1)",0.5,3.9,36,P-1
KEZWIX,"C26 H30 N3 1+,I1 1-",1.0,6.45,59,C2/c
DIPDIT01,"C15 H20 N4 2+,2(C1 F3 O3 S1 1-)",1.0,7.35,39,P-1
WEJDEV,C20 H23 Br1 N2 O1 S1,1.0,3.4,48,P21/c
OWUFIY,"2(C12 H28 N1 1+),C8 H4 O4 2-",1.0,4.66,41,P-1
SOMHUY,C19 H17 N5 O2,1.0,3.54,43,P21/c
LAVZAM,C20 H18 Cl1 N3 O2 S1,1.0,3.9899999999999998,45,C2/c
ZILJIP,C18 H17 F3 O2,1.0,5.84,40,C2
BEJHII,C24 H22 O9,1.0,4.5,55,C2/c
WEPXAT,C16 H12 N2 O3,1.0,4.19,33,P21/n
BIMMEQ,C26 H27 N1 O2,1.0,3.68,56,P43212
DILZAB,"C3 H12 N2 2+,C8 H4 O4 2-,2(H2 O1)",1.0,4.74,17,P21/n
DUNJOM,C19 H21 Cl2 N1 O4,1.0,6.05,47,P21/c
GEDQEO,"C26 H16 F2 O4,C1 H1 Cl3",1.0,4.73,48,P21/c
YULFIW,"C22 H20 N3 O1 P1,H2 O1",1.0,3.84,47,P212121
NIRRAJ,C24 H25 N1 O5,1.0,3.39,55,P212121
DOVGAY,C13 H14 N2 O2,1.0,3.63,31,Pbca
DAWXII,C6 H7 F4 N3 O1,1.0,3.6,21,P21/c
RISWUP,C18 H17 N3,1.0,4.08,38,Pca21
GEJJUA,C14 H16 Br1 N3 O1,1.0,3.4,35,P21
HPENDO10,C21 H30 O3,1.0,4.2,54,P21
CAYSIH,C19 H15 Br1 N1 O1 P1,1.0,7.290000000000001,38,P21/c
DIYZES,"C12 H12 N2 O3,C12 H10 O1",1.0,4.73,29,P21/c
HATSOL,C23 H19 Br2 N1 O5,1.0,6.26,50,P212121
VIRHUC,C24 H16 Br1 P1,1.0,2.8000000000000003,42,P-1
MOBYEJ01,"C12 H24 O6,2(C1 H3 I1)",0.5,3.53,42,P21/n
VIPYEB,"C6 H2 Cl2 O4,2(C3 H4 N2 O2)",0.5,3.64,14,C2/c
LIPRIO,C12 H11 N3 O3,2.0,3.8699999999999997,29,P21/n
MIRVEQ,C19 H22 N4 O1,1.0,5.66,46,P21/c
KEFRAR,C13 H24 Cl1 N5,1.0,6.45,43,P-1
COSJEZ,C8 H18 As2 N4 S2,1.0,4.1,34,P21/n
ROMNAJ,C23 H15 Cl1 F1 N1 O1 S1,1.0,5.5600000000000005,43,Pbca
XAMGUR,C20 H16 N2 O2,1.0,4.3999999999999995,40,C2/c
JECQUD01,C21 H19 N1 O3 S1,1.0,3.2,45,P21/n
CEBQIK,C23 H29 N1 O4,1.0,4.83,57,P212121
GESKEW,"C6 H8 B2 O4,C10 H8 N2",0.5,6.57,20,P-1
ROVWUX,C12 H8 Cl1 N1 O2 S2,1.0,6.41,26,P21/n
RAXWAR,C24 H25 N1 O2 S1,2.0,5.48,53,P-1
UPIZEZ,C17 H23 N1 O2,0.5,6.72,43,Fdd2
MIZFAF,C17 H26 O2,1.0,3.92,45,P21
HOPZOF,C21 H16 F3 N1 O4,1.0,5.19,45,P21/c
SOPTOK,C10 H10 N4 O3,1.0,4.66,27,P21/c
YEXQEY,C20 H19 Br1 O3,1.0,4.51,43,P21/c
LEFFEI,C6 H6 N4 O4,0.5,4.47,20,C2/m
SOXYOW,C15 H18 O3,1.0,2.78,36,P21
WIQHUZ,C22 H14 F4,0.5,3.59,40,P21/c
QEYCEF,C29 H20 Cl1 N1,1.0,4.63,51,P21/n
CIYGEZ,C17 H16 Cl1 N1 O4,1.0,5.38,39,P-1
UVEKAJ,C19 H23 Br1 N2 O5,1.0,5.59,50,P21
ELAZOI,C17 H14 Cl1 N3,1.0,3.81,35,Pbca
FIZDOJ,C17 H12 F2 O3,1.0,5.28,34,P21/c
LIRMOP,C14 H14 Br1 N1 O5,1.0,6.84,35,Pbca
LAMPIZ,C20 H25 N1 O2 S2,2.0,4.18,50,Pca21
AMPENA01,C8 H12 N2 O3 S1,1.0,2.91,26,P212121
PAMWOQ02,C13 H9 Br1 O1,1.0,5.1,24,P21/c
FUHHAR,C13 H14 N6,1.0,6.3,33,P21/c
RUHQOA01,C25 H15 N1 O2,0.5,6.12,43,Pnma
YIMXID,C20 H21 N8 O3 P1 S2,1.0,3.92,55,P-1
ROGPIO,C18 H21 N1 O1,1.0,4.8,41,P21/c
RUGXIE,C27 H23 Br2 N1 O4 S1,2.0,4.1000000000000005,58,P21
SORSUO,C16 H32 N4 O4,1.0,6.6000000000000005,56,P212121
WATHUY,"C22 H20 S2 2+,2(C1 F3 O3 S1 1-)",1.0,3.56,44,P21/n
BIDWOD,C16 H8 Br2 O2,1.0,2.7199999999999998,28,P1
SUTVAG,C20 H34 O3,1.0,3.95,57,P212121
WIJLIM,C12 H8 N4 Se1,1.0,2.1399999999999997,25,P21/c
LIRSAH,C16 H18 O4,1.0,3.96,38,P-1
LITQUB,C21 H34 O2,2.0,5.97,57,P21
MENHEW,"2(C11 H15 N3 O3 S1),3(C6 F4 I2)",0.5,2.13,33,P21/c
OYACOJ,C18 H12 F3 N1 O3,1.0,6.29,37,P21/c
PEGRIF,C13 H5 Br2 F2 N1 S1,1.0,3.6999999999999997,24,P21
BEGDUN,C18 H21 N2 O2,1.0,5.2,43,P212121
UCISOO,C16 H18 N2 O2 S2,1.0,4.83,40,P-1
UCUGEI,"C18 H13 Cl1 N2 O4 S1,C2 H6 O1 S1",1.0,4.25,39,C2
PEDBEH,C16 H15 N3 O1,1.0,4.73,35,P21/c
PIRZIC,C18 H34 O5 Si1,2.0,6.460000000000001,58,C2
LICPUI,C16 H21 Cl1 O1 Se1,1.0,3.8000000000000003,40,P212121
HAZLOL,C26 H20 Br2 N2 O2,1.0,5.16,52,P21
AFIPIQ,C9 H9 N3 O2 S1,1.0,3.71,24,P-1
SISMOY01,"C17 H27 N2 1+,H2 O1,Br1 1-",1.0,6.99,46,P21/c
KAVSOP03,C11 H15 N1 O3 S1,1.0,2.91,31,P21/c
TUMWUV,"C10 H20 N3 1+,C7 H4 N1 O4 1-",1.0,4.9,33,P21/c
AZANIB,C12 H15 N3 O1 S1,1.0,3.2300000000000004,32,P21/n
OHUKUZ,"C12 H8 I1 1+,C2 F6 N1 O4 S2 1-",2.0,3.42,21,P21/c
QEZJUA,"C16 H32 Li1 N2 O5 1+,C14 H16 P2 1-",1.0,4.01,56,P-1
WANTAJ,C17 H22 N2 O2,1.0,5.43,43,P21/c
XOWTEL,C9 H7 N1 O2,1.0,4.09,19,P21/c
TAPNIH,"C11 H13 F1 O4 P1 1-,C10 H16 N1 O1 1+",1.0,4.1,30,P21
HOVKUC,C12 H9 F3 N2 O2,1.0,5.81,28,P21/n
ETIGIX,C16 H16 O3,1.0,6.32,35,C2/c
JOXJUE01,C11 H8 Cl3 N1 Te1,1.0,3.54,24,P212121
NODJUO,C12 H10 F1 N1 O2,1.0,2.9899999999999998,26,P212121
FRUCAB,"C6 H12 O6,Ca1 2+,2(Br1 1-),2(H2 O1)",1.0,3.9,24,P21
AZUZAZ,C9 H11 N1 O3 S1,1.0,3.5000000000000004,25,P21/c
RONTIB,C24 H22 N2 O6 S1,1.0,5.45,55,P-1
WINWUL02,C13 H12 N2 O5 S1,1.0,3.4,33,C2/c
FUTWAU,C19 H21 N1 O1,1.0,3.56,42,P21/n
RUVLUQ,"C14 H11 F1 N3 O2 S1 1+,Cl1 1-,C3 H8 O1,H2 O1",1.0,4.93,32,P21/n
AHEMUV,C23 H18 Br1 N1 O2 S1,1.0,3.94,46,P-1
VIWXIM,C20 H16 N2 O4 S1,1.0,5.58,43,P21/c
GUYPAS,C36 H22,0.5,4.09,58,P21/n
KIXKUX,C20 H16 N4,0.5,4.5,40,C2/c
PIDFEN01,C18 H32 N2,0.5,4.32,52,P-1
NAMKAN03,C12 H12 N2,0.5,4.5,26,Pbca
OCUWUF,C19 H15 B1 N2 O4,1.0,5.28,41,Pcab
NASQAD,C16 H19 N1 O3,1.0,5.2,39,P21/c
YULXOS,C27 H23 N1 O2 S1,1.0,4.3500000000000005,54,P-1
KOJGUM,C9 H6 N4,1.0,4.36,19,C2/c
CEWNAX,C10 H5 F9 O2 S1,1.0,4.05,27,P21/c
XOPBOW,C26 H22 F1 N1 O2,1.0,6.17,52,P21/c
HUCZAH,C26 H24 N2 O4,0.5,6.5,56,P21/c
MAZMEI01,C11 H15 N3 O1 S1,1.0,3.45,31,P-1
EVORUD,C15 H16 Br1 N1 O1,1.0,3.12,34,P21/c
MAQGIV,"C18 H23 N4 O2 1+,Br1 1-",2.0,5.75,47,P21/c
BZOPIP,C14 H19 N1 O1,1.0,5.9,35,P21/c
XACGOC,C15 H20 N2 O4,2.0,2.9899999999999998,41,Pca21
TADRAV,C10 H11 N3 O2,2.0,4.07,26,P21/c
XEPXIC,C27 H28 O2,1.0,5.680000000000001,57,P21/n
PEXDUV,C28 H22 N2 O3,1.0,5.55,55,P-1
FOBXOK,C11 H13 N1 O1 S1,1.0,3.74,27,P21/c
EXAHIU,C26 H14 F6 N6 O1,1.0,5.93,53,P21/c
RIJKII,"C26 H15 N7 O1,0.13(H2 O1)",2.0,3.6799999999999997,49,P21
HAZRUY,C24 H26 O1,1.0,6.54,51,P212121
KEDDAY02,C16 H14 O4,1.0,3.47,34,P212121
MUCJEA02,C24 H18 N4 O2,1.0,5.18,48,P-1
SILPUB,C24 H30 O4,1.0,4.53,58,P21/c
ROLVOF,"C9 H9 N1 O3,H2 O1",1.0,3.9899999999999998,22,P21/c
ZAFLAX,C20 H23 N1 O2 S1,1.0,2.63,47,P21
VIHVIV,C10 H18 N1 P1 S1,1.0,2.52,31,P212121
EVADOV,C13 H12 O4,1.0,4.8,29,P21/c
BAQNAM,C25 H32 O4,1.0,4.2,61,P-1
OZIWAX,C14 H17 N5 O7 S2,1.0,5.24,45,P-1
ZAVFEK,C16 H12 Br1 N1 O2,1.0,5.26,32,Pbcn
WANMIL,C9 H4 F1 I1 O1,1.0,3.9,16,I-4
GAFLUX,C15 H21 F2 N1 O4,1.0,4.67,43,P21/n
HIBHOP,C11 H9 Cl1 N2 O1,1.0,3.9,24,P21
NOZTUR,C14 H20 O4,1.0,3.7,38,P21/n
QANXIN,C17 H13 N1 O3,1.0,4.83,34,Pbca
BECVIS,C16 H8 Br2,0.5,4.26,26,P21/n
XOTGAP,C19 H26 B1 Cl1 Si1,1.0,3.9,48,P21/n
FUJKIE,C15 H22 N2 O6,1.0,3.6,45,P21/c
TITCOP,C17 H25 N1 O6,1.0,5.94,49,P21/n
KUHYUK,C16 H18 N2,0.5,3.58,36,P21/n
PUXCIY,C20 H21 N1 O3 S1,2.0,4.109999999999999,46,P21
YEWCUC,C23 H21 N1,1.0,4.29,45,Pbca
JOLQIM,C21 H18 N4 S1,1.0,5.779999999999999,44,P-1
AFDECO,C10 H4 F12 N2 O1,1.0,5.69,29,P21/c
DILZIL,"C4 H6 N8 S2,H2 O1",1.0,6.529999999999999,20,P-1
TIHRUZ,C18 H12 S2,1.0,5.57,32,P21/c
MIHTEE20,C7 H13 N1 O1,1.0,2.76,22,P61
PIVZUQ,C20 H19 N1 O4,1.0,4.25,44,P21/n
HXACAN16,C8 H9 N1 O2,1.0,6.7,20,P21/a
HUZGOA,C30 H20 Cl2,0.5,7.109999999999999,52,P-1
NOBPIE,C17 H26 O2,2.0,5.2,45,P21/c
GUBXOS,C16 H12 Br1 N1 O2,1.0,6.4399999999999995,32,P-1
EZAVIO,C20 H14 Br2 N4,1.0,4.04,40,C2/c
PABHEH,C21 H20 F3 N1 O4,1.0,4.33,49,P21/c
LUFSAJ,"C16 H16 N2 O2,H2 O1",1.0,5.11,36,P21/n
CEDTAK,C34 H22 N4 O4,0.5,5.7700000000000005,64,P21/n
XICHUN,C18 H18 O2 S2,2.0,5.82,40,P21/a
VOQVIK,C15 H9 B2 F8 N5 S1,2.0,4.41,40,P-1
JICJOY,C26 H22 N2,1.0,4.36,50,P-1
ZAVXUP,"C6 H16 N2 2+,C4 H4 O6 2-",1.0,4.3,24,P21
LEPLUP,C12 H12 O5,1.0,6.2700000000000005,29,P-1
OTIHOP,C28 H28 N2,2.0,4.48,58,P-1
VIGLUV,C24 H21 Br1 N2 O2 S1,1.0,2.52,51,P212121
RUZZOE,C27 H29 B1 F2 N2,1.0,3.44,61,P21/c
BEJTIV,"C24 H26 N3 1+,Br1 1-,0.5(H2 O1)",1.0,6.3500000000000005,53,I2/a
GEPCOU,C16 H12 O5,1.0,4.8,33,P21/c
YOVPUV,"C15 H13 Br1 N2 O3,C1 H4 O1",1.0,5.4,34,Pbca
RIKDAT,C11 H5 Br1 N2 O1,1.0,2.6,20,P21/c
ROHJOR,C18 H14 As1 N1 O1,2.0,3.29,35,P21/n
GARGIR,C18 H17 Cl1 O2 S1,1.0,3.48,39,P-1
NISTHD10,"C29 H21 N1 O2 S1,0.5(C6 H6)",1.0,4.7,54,P-1
KUMKUY10,C12 H10 Cl2 O1,1.0,3.8000000000000003,25,P-1
SIFHIY,C14 H12 S10,0.5,3.8000000000000003,36,P-1
QORVIG,C27 H20 N6 S2,1.0,5.46,55,P21/c
EWOFED,C22 H17 Cl1 O8,1.0,3.35,48,P212121
BUXQAO,C14 H16 O1,1.0,6.550000000000001,31,P21/n
LURJEN,"C20 H17 Br2 N1 O4,C1 Cl4",1.0,7.49,44,Pbca
KULCIE,C22 H31 Br1 N2 O6,1.0,4.32,62,C2
WEFNEA,"C14 H11 S1 1+,C1 F3 O3 S1 1-",1.0,5.8,26,P-1
CUJLUS,"C5 H4 N1 O3 S1 1-,C5 H6 N1 O1 1+,C5 H5 N1 O1",1.0,4.04,14,P21/c
DOCYPO04,"C9 H14 N3 O7 P1,H2 O1",1.0,2.3000000000000003,34,P212121
VUVCUN,C22 H28 O5,1.0,5.87,55,P212121
CUSYOF,"C21 H30 O2,C6 H5 Br1 O1",2.0,5.89,53,P21
OCIPEV,C13 H21 N1 O2 S1,1.0,4.07,38,P212121
REDXAB,C21 H18 N6 S3,1.0,4.1,48,P21/c
PAWZAQ,C9 H7 F3 O4 S1,1.0,4.4,24,P21/c
LUWXUX,"Br4 Se4,2(Br10 Se4 2-),4(C4 H12 N1 1+)",0.5,2.97,17,P21/c
ZUWGON,C21 H15 N1 O1,1.0,3.7,38,Pca21
XAKDAS,"C22 H21 Cl1 N1 O5 P1,C2 H6 O1 S1",1.0,4.08,51,P-1
QEWHIL,"2(C7 H6 O3),C8 H6 N2",1.0,6.03,16,P-1
JOKCER,C6 H7 Cl3 N2 Te1,2.0,2.57,19,P-1
DISKID,C22 H31 N1 O3,2.0,5.08,57,P-1
OCUXIX,C22 H26 B1 N1,1.0,4.09,50,P21/n
LIJGIW,C9 H11 F5 N1 P1,0.5,3.04,27,Pnma
SIWNAO,"C6 H16 N1 1+,H4 B5 O10 1-",1.0,6.390000000000001,23,P21/c
KITDAW,C14 H13 Br1 O1,1.0,4.42,29,P-1
HISWUE,"C20 H19 N5 1+,F6 P1 1-",2.0,5.390000000000001,44,P-1
BUYVID,C12 H13 N3,2.0,5.8999999999999995,28,P-1
ATEJEQ,C11 H15 As1 O1 S2,1.0,7.22,30,P21/c
MUZPAZ,C20 H14 N4,1.0,3.8200000000000003,38,Pbca
IYUSUT,C18 H12 N2 O2,2.0,4.14,34,P-1
RUVMOM,C16 H20 O1,1.0,4.5,37,P212121
BAZZAH,C15 H24 O5,1.0,2.4899999999999998,44,P212121
ENEQEV,C18 H19 N3,2.0,4.590000000000001,40,Aba2
IQUYAY,C40 H24,0.5,5.0200000000000005,64,Pbcn
VELPAG,C25 H18 Cl1 N3 O4,1.0,4.569999999999999,51,P-1
COQCOC,C18 H16 F1 N1 O3,1.0,6.08,39,P21/c
DEGYIZ,C12 H22 N6 O2,0.5,4.7700000000000005,42,P43212
LEGNUI,"C19 H15 N4 1+,C2 H6 O1,Br1 1-",1.0,2.57,38,P212121
FOKSIH,C12 H6 Br2 N4,1.0,3.4,24,Pbca
ROBZUE,C18 H25 N1 O4 S1 Si1,1.0,5.62,50,P21212
WUBXOG,"C7 H14 N1 O2 1+,Cl1 1-",1.0,3.2800000000000002,24,P21
BUHSOM01,"C13 H14 N2 O2,2(H2 O1)",1.0,3.05,31,P21/c
AYUVAT01,C21 H17 N1 O3,2.0,5.89,42,Pbca
CAWTIE,C19 H31 N7 O2,1.0,4.96,59,P-1
QAVGID,C16 H16 Cl4 O2,1.0,4.7,38,P21/a
QUXWUF,C19 H15 N1 O4,1.0,4.92,39,Pbca
BPPHIM01,C14 H8 Br1 N1 O2,1.0,4.89,26,C2/c
OXIHIQ,C15 H24 N2 O2,1.0,3.6900000000000004,43,P212121
QOQGAF,C28 H23 N1 O6,1.0,6.12,58,P21/c
ALOVUS01,C12 H12 N2,1.0,4.14,26,P21/c
XEMRIU,C13 H23 N3 O3,2.0,3.62,42,P-1
CEPKER,C18 H32 O5 Si2,1.0,3.44,57,P212121
JOFCUF,C10 H10 Cl1 N1 O3,1.0,3.42,25,P21
SANLAV,C17 H18 N2 O3 S1,1.0,3.15,41,P21/c
AHOKEN,"C60 4-,4(Cs1 1+)",0.13,1.98,60,Immm
HIKJAQ,C28 H31 N1 O1 Si1,1.0,4.35,62,P-1
KUCYEN,C18 H19 N4 O2 P1,1.0,4.89,44,P-1
BOVKAB,C15 H26 O3,1.0,3.52,44,C2
CICVOA,C19 H13 N3 O2 S1,1.0,4.96,38,Pbca
CADLED,C26 H23 N1 O1,1.0,2.86,51,P21
TEVSET01,C18 H16 N4 O4,1.0,7.3500000000000005,42,P21/n
VENPOT,C19 H22 O7,1.0,6.0,48,P21
MESMON,C18 H15 N3 S1,1.0,3.27,37,P21/n
XUDCEI,C15 H10 F2 N2 O2 S2,1.0,3.27,33,I2/a
VUWKII,"C6 H10 N2 2+,C2 O4 2-",1.0,3.65,18,P21/c
AKOYEH,"C22 H36 N1 1+,Br1 1-",1.0,3.3099999999999996,59,P21/n
GUTNOB,C22 H17 F4 N1 O1,1.0,5.24,45,C2/c
HIMPEZ,C15 H21 N5 O3,1.0,5.84,44,P21/c
WIVYEJ,C21 H16 O3,1.0,5.510000000000001,40,P21/n
REVXUO,C20 H7 B1 F10 O2,1.0,3.8899999999999997,40,P21/c
XEPREQ,"C12 H12 N2 2+,2(H2 O4 P1 1-),2(H2 O1)",0.5,4.04,26,C2/c
JIXQEQ,"C18 H20 Cl1 N4 1+,0.5(C4 H4 O4 2-),H2 O1",1.0,5.54,43,P21/c
AFEFAV,"C24 H28 N2 O2,C2 H3 N1",1.0,4.02,56,P-1
FABHAR,C27 H20 O2,1.0,3.9,49,P21/n
NUMGUZ01,"C6 H8 N2 O2 S1,C6 H11 N1 O1",1.0,3.83,19,P21/n
ULIGOP,C35 H22 B1 O2,1.0,4.2,60,Pna21
OWOFOZ,C18 H16,1.0,3.17,34,Pca21
ABAQIG,C14 H15 N3 O5,1.0,3.11,37,P212121
SEDTUQ21,C2 H4 N4 O4,1.0,3.8699999999999997,14,P21/n
EZONIS,C18 H22 O8,1.0,3.6999999999999997,48,P21
WOMXUS,C11 H9 Cl1 N2,1.0,3.43,23,P212121
KIHROK,"C17 H34 N2 O5 Si1,H2 O1",1.0,2.85,59,P21
FOSGID04,C2 H2 Cl3 N1 O1,2.0,3.4799999999999995,9,P21
KOLNAC,C12 H10 Cl2 O2 S1,1.0,3.2800000000000002,27,Cc
LUCRAG,C16 H15 N1 O2,2.0,4.36,34,Ia
WOKMIS,C9 H13 N3 O4 S1,1.0,3.63,30,P-1
POWWIK,C18 H15 Cl1 N2 O2 S1,1.0,4.34,39,Pbca
YUJXOT,C25 H13 F6 N3,0.5,3.83,47,C2/c
EWUHAF,C8 H8 F3 N3 O4 S2,1.0,4.69,28,P21
PICREY,C17 H17 N1 O1,1.0,5.1000000000000005,36,P212121
LPNECL,"C15 H25 N2 O1 1+,Cl1 O4 1-",1.0,3.5,43,P212121
BOMVIK,"C18 H22 N4 O2,C8 F16 I2",0.5,2.73,46,P-1
HONGIC,C12 H11 N1 O2,1.0,4.34,26,P21/c
NUTMUK,C14 H13 N3,1.0,5.1000000000000005,30,P21/n
AMODOW,C22 H24 O4 S2,0.5,3.93,52,P-1
HUVMOD,C14 H14 Br1 N1 O4,1.0,4.21,34,P21/c
LIDTOI,C11 H9 F1 N2 O4 S1,1.0,6.63,28,P-1
RUWREH,C25 H28 O4,2.0,3.98,57,P21
IQIXIS,C22 H19 F3 N2,2.0,3.2300000000000004,46,P212121
YIFGUT,C11 H13 Br1 O2,1.0,2.94,27,P21/n
NOHSIO,C15 H21 F3 N4 O3 S1,1.0,6.65,47,P21
QURPOM,C22 H27 N1 O9 S1,2.0,3.66,60,P21/c
AKUZEM,C18 H30 N2 O6 Si1,1.0,2.7,57,C2221
TUZWUG,C19 H18 F4 O7 S1,1.0,5.26,49,P-1
SAHGEO,C20 H21 N1,1.0,3.86,42,P-1
ADIPAC22,C6 H10 O4,0.5,5.47,20,P21/c
LEKYIN,"C4 N8 O8 2-,2(H4 N1 1+)",1.0,3.2199999999999998,20,Pbca
QEQQEL,C16 H17 N1 O4,1.0,3.54,38,C2/c
SPINPH02,"C10 H30 N4 4+,2(H1 O4 P1 2-),6(H2 O1)",0.5,4.3,44,P21/c
AYARAU,C22 H21 N3 O2,1.0,3.9,48,P21/n
YUZYUR,C14 H2 Br2 F2 N2 O2,1.0,3.1399999999999997,24,P21/n
GEFTOC,C19 H21 N3 O1,1.0,5.8100000000000005,44,Pbca
SESCAV,"C4 H5 O2 1-,H4 N1 1+",1.0,5.7,11,P21/c
ILAPIX,"C17 H14 N1 1+,C7 H1 F4 O3 1-",1.0,5.8500000000000005,32,P21/c
PAQNEC,C10 H10 N2 Se2,1.0,3.65,24,P-1
PAHJEO,C16 H16 Cl1 F1 N2 O3,1.0,3.67,39,P21/c
MOTHIM,C26 H18 O2 Te2,1.0,1.71,48,Pc
FECGAV,C19 H26 O1,1.0,4.1,46,P21/n
HIZRUG,C25 H26 N2 O2 S1,1.0,6.41,56,P21/c
IGIZAC,"C6 H6 O2,H2 O1",1.0,3.71,14,P212121
CUYDIJ,C23 H22 N2 O8,1.0,5.0,55,P21/c
TIHRUB,C31 H25 N1 O5 S1,1.0,3.44,63,P212121
MUPBOR,C9 H10 O5,1.0,3.47,24,P21/n
PIHCIW,C16 H14 Br1 Cl1 O2 S1,1.0,3.19,35,P-1
IBAMEG,C13 H11 F1 N4 O1,1.0,6.11,30,P21/c
IFOROM,C22 H19 Br1 N4 O1,1.0,4.1000000000000005,47,P21/c
PUSKEU,C16 H27 Br1 N1 O3 P1 S2,1.0,4.11,51,P212121
KUTCAE,"C23 H20 N1 O2 1+,C1 F3 O3 S1 1-",1.0,3.86,46,P-1
PERPAZ,C21 H26 Cl1 N3 O1 S1,1.0,4.3,53,Cc
PECZAA,C16 H13 Br1 O3,1.0,3.7800000000000002,33,P-1
PEFCOS,C27 H22 O7,1.0,3.9,56,P212121
GIMGAM,C19 H11 Cl2 N1 O2,1.0,3.7900000000000005,35,P21/c
RUHBUR,C16 H19 I1 O3,1.0,5.0600000000000005,39,P212121
BUDVEE,C14 H15 N1 O3 S2,1.0,3.71,35,P21/n
KAWMUR,"C30 H16 N6 O10,2(C3 H7 N1 O1)",0.5,5.0600000000000005,62,P21/n
XUTGUP,C24 H16 Br2,0.5,4.4,42,P2/n
DENLIU,C24 H28 N2 O4 S1,1.0,4.02,59,P21/n
WOMYAZ,"C21 H28 N2 O4 S1,C3 H6 O1",1.0,4.32,56,P21
KIXHAB,C8 H7 N1 O3 S1,0.5,4.08,20,P21/m
TCYETY02,C6 N4,0.13,2.7,10,Im3
EHOGER,C24 H19 O1 P1 Se1,1.0,5.43,46,Pbca
WAQSOY,"C20 H16 N1 1+,Cl1 O4 1-",1.0,3.63,37,P21/c
BIHLEL,C13 H9 N1 O3,1.0,3.2,26,P212121
UWOHUN,C16 H17 N1 O3,1.0,5.56,37,C2/c
NOMRUE,C26 H9 F15 Si1,1.0,4.06,51,P21
TOPSIE,C21 H32 O4,2.0,3.17,57,P212121
UKUKIX,C12 H9 Br1 I1 N1 O2 S1,1.0,2.36,27,P21/c
SUVDAP,C15 H20 N2 O2 Se1,1.0,3.84,40,P212121
KUQTEX,C4 H6 O4,2.0,2.7,14,P21/c
BELWOG,C17 H22 O7,1.0,2.71,46,P2221
MMANCN01,C13 H11 N1,1.0,4.7,25,C2/c
KANCAF,C19 H18 O4,1.0,3.43,41,P21
XIRZED,C23 H23 N1 O1,2.0,4.83,48,P21
MUPWAY14,C18 H13 N4,1.0,4.25,35,P21/c
XOZFOI,C8 H7 Br1 Cl1 N1 O1,1.0,4.37,19,P21/n
ZISDAK,C27 H33 P1 Se1,1.0,2.22,62,P-1
QAVJEG,"C19 H24 N4,C6 H6",1.0,4.2299999999999995,47,P21/c
ZARDUT,C19 H18 B1 F2 I1 N2,1.0,6.15,43,P21/c
CADWIP,C18 H20 O4,1.0,5.55,42,Pbc21
OXOGAM,"2(C16 H17 N4 O1 1+),B10 Cl10 2-,2(C2 H3 N1)",1.0,5.24,38,P2/n
ZEWPUQ,C13 H13 Br1 O2,1.0,3.9,29,P212121
SAZGIJ01,"C7 H10 N1 1+,C6 Cl5 O1 1-",1.0,2.95,18,P21/n
ATAYIG,"2(C10 H13 Cl1 N2 O3 S1),C10 H8 N2",0.5,5.41,30,P21/c
UKUZAC,C18 H17 Br1 N2 O2,1.0,5.3100000000000005,40,P212121
GANBOP,C16 H21 N1 O4,1.0,4.5,42,P21
UGIZAN,C25 H14 O4,1.0,3.46,43,P21/c
CORXUE,"C8 H13 N4 1+,N1 O3 1-",1.0,5.76,25,P21/c
OYORUR,C15 H10 Br1 N3 O2,2.0,6.05,31,P-1
HUQFAD,C28 H21 Cl1 N4 O1,1.0,3.52,55,P212121
QAVFUR,C26 H22 S2,1.0,5.41,50,P-1
DIJMIW,C20 H26 N2 O5,1.0,2.86,53,P21
SUNSOJ,C24 H17 Br1,1.0,3.4,42,P21/c
XUYVOE,C13 H20 N2 O1,1.0,5.55,36,C2/c
IPAKIX,"C26 H20 F1 N3 O3,0.86(C1 H1 Cl3)",1.0,6.92,53,P21/c
WIZWEL,C21 H18 Br2 S2,1.0,4.7,43,C2/c
DIRMAS01,C18 H32 O6,1.0,6.4,56,P21/c
FAMSOE01,C15 H10 O2,1.0,5.9799999999999995,27,P21/c
DOSZAO,"C18 H16 N6,C4 H6 O4",0.5,5.07,40,P-1
HACHOI,C11 H17 I1 O2,1.0,2.64,31,P212121
SARSUZ,C24 H16 N4 O4,1.0,4.5,48,C2/c
HIXWEU,C10 H7 B1 F2,1.0,4.42,20,P21/c
AHEJIK,"C9 H14 N3 O8 P1,2(H2 O1)",1.0,2.7199999999999998,35,P1
KUPVOJ,C17 H30 N2 O1,1.0,5.050000000000001,50,C2/c
YOGJEN,C16 H16 N2 O2,1.0,3.9899999999999998,36,P21
JIBBAB,C16 H28 N3 P1,1.0,4.38,48,P21/n
HOJFOE,"C4 H7 N6 O4 1+,Cl1 O4 1-",1.0,4.5600000000000005,21,Pbca
RAQXOA,C29 H23 N3,2.0,5.6899999999999995,55,P21
TEBFOW,C19 H18 N2 S1,1.0,5.12,40,P21/c
CUVFII,C16 H30 O2,1.0,3.7,48,P212121
UDIDAP,C13 H18 N2 S1,1.0,3.7199999999999998,34,P21212
OYORIF,C15 H10 F1 N3 O2,1.0,4.9799999999999995,31,P21/c
FOJDER,C19 H25 N1 O3 S1,1.0,4.42,49,P21/n
PDHTEZ03,C12 H10 N6,1.0,3.27,28,P-1
TOLFIJ,C23 H17 Cl1 N2 O2 S1,1.0,3.95,46,P21/a
MUZWIP,C10 H18 O2 S1,2.0,3.2,31,P21
PEJZIP,"C20 H6 F18 N2,C1 H1 Cl3",1.0,5.4,46,Pna21
GUTYUP,C24 H20 O4,0.5,3.47,48,P21/n
LOFKEZ,C26 H8 F8,1.0,4.130000000000001,42,P21/c
FIPJAQ,C13 H12 F6 N2 O1,1.0,3.92,34,P21/c
COYNIQ,C17 H26 O4,1.0,3.06,47,P212121
OXIMIT,"C8 H6 N4 O5,C3 H7 N1 O1",1.0,6.279999999999999,23,P-1
OVIYUQ,C22 H23 Br1 N2 O4,1.0,3.09,52,P21
AHUQID,C15 H14 Cl3 N3 O3,1.0,5.95,38,P21/c
SOWQAY,C15 H16 N2 O1,1.0,3.95,34,P21/c
BIYDEU,"C4 H12 N2 2+,2(C6 F4 I1 O1 1-)",0.5,2.4,18,P21/n
UTOYEL,C19 H16 Br1 N1 O2,1.0,2.33,39,P21
HOTNIN,C15 H19 N3 O8,1.0,4.75,45,P-1
PETHUV,C22 H18 O2,1.0,3.2199999999999998,42,Cc
DUCVOO,"2(C13 H9 N2 O3 1-),C4 H15 N3 2+",1.0,6.77,27,P-1
ZEHFUR01,C12 H12 F3 N1 O3 S1,1.0,7.46,32,R-3
MAMGOX,C22 H20 Cl1 N1 O4,1.0,3.97,48,P21/c
SANPAB,C19 H19 N1 O2,1.0,6.25,41,P21/a
VAQMIN,C29 H21 N1,1.0,2.6599999999999997,51,P212121
QAXVET,C16 H25 N1 O2,1.0,3.8699999999999997,44,P21
GULWUJ,"C6 H7 Br1 N1 1+,0.5(H2 O1),Cl1 1-",2.0,2.2399999999999998,15,P-1
PHBORA02,C6 H7 B1 O2,2.0,3.4000000000000004,16,Iba2
PROTPN,C20 H19 N1 O5,1.0,4.3,45,P21/n
OSEHUQ,C11 H19 N2 P1 Se1,1.0,1.9100000000000001,34,P21/n
NOHQOR,C18 H24 N2 O1,1.0,6.11,45,Pbcn
SOJFEE,C24 H26 N4 O1,1.0,4.33,55,P-1
AHUKOD,"2(C10 H8 S8),C10 H8 S8 1+,C10 H2 F2 I2,Br1 1-",0.5,4.42,26,P-1
OQAWOT01,C5 H6 F3 N1 O1,1.0,3.7199999999999998,16,C2
EWERAB,"C23 H32 N1 O2 1+,C6 H2 N3 O9 S1 1-",1.0,5.0200000000000005,58,P-1
JILNUN,C27 H29 N2 O3 P1,1.0,4.0,62,P-1
NUPPIX,C11 H16 N2 O5 S1 Si1,1.0,3.4,36,P212121
WUXXAR,C19 H19 N1 O3,1.0,6.619999999999999,42,P-1
XERQET,C10 H14 O5,1.0,3.0300000000000002,29,P212121
YALDUN,"C28 H32 N2 O2,C6 F4 I2",0.5,3.73,64,C2/c
QIGXUD,"C16 H14 F3 N5 O1,C6 F4 I2",1.0,4.05,39,P21
TAQSOX,C15 H20 O2,1.0,3.85,37,P-1
VOMSIZ,C17 H26 O9,1.0,3.1,52,P21/n
PERQIP,C13 H16 N2 O3,1.0,5.38,34,P21/c
GUJGAW,C18 H13 Br1 O2,1.0,4.34,34,P21/c
HEWLOL,C20 H14 N4,1.0,4.68,38,P21/c
KEBCIH,C21 H16 N8 O2,1.0,5.17,47,P21/n
FILSEB,C17 H21 N3 O1,1.0,3.95,42,P21/n
PUCWUJ,"2(C18 H15 Cl4 N2 O1 1+),C10 H6 O6 S2 2-",1.0,6.88,40,P-1
UFOGUU,C11 H13 Br1 N2 O1,1.0,2.8000000000000003,28,Pc
FIBKUW02,C18 H16 N2 O4 S2,0.5,3.27,42,P21/n
ENDIAC,C21 H22 O2,1.0,5.4,45,P-1
EDEJON,"C26 H11 F15 N1 O2 Si1 1+,C1 F3 O3 S1 1-",1.0,5.26,56,P21/c
PUQLUI,C14 H16 N2 O3,1.0,3.64,35,Pbca
IGOZEN,"C14 H12 Cl2 N1 1+,I1 1-",1.0,2.6,29,P-1
ZADVOS,"2(C9 H5 F3 S6),C12 H4 N4",0.5,3.39,23,P21/c
WINJEJ,"2(C4 H8 N3 O1 1+),O4 S1 2-",1.0,3.06,16,P21/c
MAWYIT,C23 H29 N1 O3,1.0,4.42,56,P43212
UFUCEH,C27 H25 N3 O4,1.0,4.4799999999999995,59,P21/c
LUWZUA01,"C9 H20 N1 O1 1+,Br1 1-",0.5,1.77,31,Cmc21
FAQLIS,C28 H25 O3 P1 S2,1.0,5.23,59,P21/n
MAPXIK,"C5 H14 N2 2+,2(C7 H6 N1 O4 1-),2(H2 O1)",1.0,4.3,21,P21
BIXVIP,C15 H16 O4,1.0,3.37,35,P212121
JEGCAD01,C13 H8 I3 N1 O1,1.0,3.6900000000000004,26,P-1
COGTEB,C16 H21 O3 P1,2.0,2.5100000000000002,41,P212121
QUBWIV,C15 H8 O2 S1,1.0,5.04,26,P21/c
VADHOZ,C30 H24 Cl1 N1 O2,1.0,3.5500000000000003,58,Cc
YITKIW,C10 H7 N3,1.0,4.6000000000000005,20,P21/n
PIHDIW,C24 H18 F2 O4,1.0,5.63,48,C2/c
NIFZEK,C10 H7 Cl2 N1 O1,1.0,5.029999999999999,21,P21/c
GEZBUL,C19 H13 N1 O2 S2,1.0,5.16,37,P21/c
LARPON,"C2 H7 N6 1+,N5 1-",1.0,3.52,15,P-1
CXMPYO,C7 H7 N1 O3,0.5,4.3,18,Pbnm
ISEZAL,C23 H18 Br2 N2 O3 S1,1.0,3.11,49,P-1
ELESUM,C19 H17 N2 O1,1.0,5.19,39,C2/c
ERUCOK,C17 H16 O2,1.0,7.3,35,Pbca
UPIHIO,"C25 H21 N3 O4,0.25(H2 O1)",2.0,5.1,53,C2/c
GUQDON,"C20 H16 N4 2+,2(N1 O3 1-)",1.0,5.88,40,P21/n
BAMGUV,C17 H24 F3 N1 O3 S1,2.0,2.4,49,P212121
GEJGAF,C15 H20 O4,1.0,3.93,39,P212121
EVENID02,C24 H18 N2 O2,0.5,4.6899999999999995,46,P21/c
UVIFOV01,C26 H23 F3 N2 O2 S1,1.0,4.48,57,C2/c
HBHEPL10,C10 H12 O4,1.0,5.1000000000000005,26,P21/c
SIFGIX,C12 H8 Cl2,1.0,5.5,22,P21
PEFPAR,C18 H38 B2 N2 P2,0.5,7.19,62,P21/c
LORWUO,"2(C3 H10 N1 1+),Cl6 Te1 2-,Cl2",1.0,4.91,14,Cc
JATXUA,C16 H13 Cl1 O2,1.0,3.83,32,P-1
JUJXOD,C22 H25 N3 O6 S1,1.0,5.72,57,P21/c
DAPTAT,C24 H17 B1 Cl2 N2,1.0,6.69,46,P21/n
UZALAM,C14 H13 N1 O2,1.0,3.05,30,P212121
ZOPXIN,C19 H33 Cl2 N3 Si1,1.0,2.6599999999999997,58,P21/n
XASGAA,C21 H26 O3,1.0,6.69,50,P212121
WEMCIA01,C8 H14 B2 N4,0.5,6.18,28,P21/n
RULFOV,C26 H17 O3 P1,1.0,3.94,47,P212121
OGIPUS,C31 H19 N2 P1 S4,1.0,7.090000000000001,57,C2/c
IQORUC,C17 H21 N1 O8,1.0,4.57,47,P212121
NAXYAN,C16 H17 N1 O2,1.0,3.49,36,P21/n
QITMAK,C9 H14 N2 O1 S1,1.0,5.29,27,P21/n
HOYXOK,"C21 H24 Cl1 F1 N1 O2 1+,C7 H5 O3 1-",1.0,6.4,50,Cc
RARZAL,C17 H24 N2 O1,2.0,3.93,44,P21
TUVZIW,"C17 H18 N3 O3 1+,2(H2 O1),Cl1 1-",1.0,5.63,41,P21/n
KECYBU09,C4 D2 O4,0.5,4.1,10,P21/m
XITTUQ,C26 H25 N3 O8,1.0,4.2,62,P212121
BOSDUJ,C21 H19 N3 O1,1.0,4.9,44,P-1
NUCQOU,"C26 H24 B1 O2 1-,K1 1+",1.0,3.1199999999999997,53,P21
KICVIE,C19 H15 N3 O3,1.0,4.19,40,P21/n
PIVGOT,C14 H18 N2 O2,1.0,4.2299999999999995,36,P21/c
PUVNAW,C28 H24 O4,0.5,6.5200000000000005,56,C2/c
KAMNOC01,C18 H22 N4 O2,0.5,4.08,46,P21/c
MUVBOU,C19 H20 N3 O3 P1,2.0,5.34,46,P21/c
HASFEM,C12 H12 N4 O3,1.0,3.5300000000000002,31,P-1
OGEDIO,C10 H11 N1 O5,1.0,6.49,27,C2/c
GIXDAT,C11 H4 Cl2 F3 I1 N4,1.0,5.37,25,Pna21
VAVJIO,"C11 H18 N1 O1 1+,B1 F4 1-",1.0,3.11,31,P212121
EFOWUR,"C8 H16 P1 1+,I1 1-",1.0,5.88,25,P21/c
CAFCUK01,C14 H24 N4 O4,2.0,4.66,46,P21/c
UPAHUQ,C17 H16 N2 O5,1.0,5.11,40,P-1
IRUFAD,C5 H5 Br2 N3,0.5,2.2800000000000002,15,Pbcn
CIPBIN,C13 H15 N1 O2,1.0,5.47,31,C2/c
YUJWUY01,C25 H15 N1 O3 S1,1.0,4.58,45,P21/c
HIYDUO,C28 H26 O4,2.0,4.9,58,P-1
MONQAJ,C14 H18 F3 Li1 N4 O4,1.0,4.68,44,P21/c
RODFOH,C14 H15 N1 O1,1.0,5.74,31,P21/c
LODGOE,C21 H12 N5,0.5,3.85,38,Pnma
FUHGEV,C20 H22 O4 S2,1.0,3.88,48,P212121
MNAPCD01,C24 H20 O4,1.0,4.64,48,Pbca
ZEWMOH,C18 H29 N3 O1 S1,1.0,3.4799999999999995,52,P-1
VEFNOL,C15 H14 N2 O3,1.0,4.24,34,C2/c
KIYXEZ,C28 H28 O2 S1 Si1,1.0,6.54,60,P-1
QOGCIY,C17 H16 N4,0.25,3.5,37,I41/a
QONCEC,C17 H17 B1 N4,1.0,3.83,39,P-1
ZIDCOI,C20 H26 Cl1 N2 O7 P1 S1,1.0,6.87,58,P21/n
NOFVIQ,C24 H25 N3 O5 S1,1.0,5.46,58,P-1
HEVPON,C23 H29 N1 O11,1.0,5.15,64,P21
SABKEL,C9 H13 N1 O2,1.0,3.9,25,P21/n
UKAGEU,C11 H10 N2 S2,2.0,4.5600000000000005,25,P-1
MAXYAN,"C2 H12 B1 N2 1+,C6 F5 S1 1-",1.0,7.21,17,Pbca
QUZLUW,C15 H20 N1 O3 P1,1.0,3.0,40,P212121
SEWLEO,C13 H12 N2 O2 S1,2.0,6.34,30,Pca21
YISBOR,C15 H6 N4 O8 S5,1.0,3.8000000000000003,38,P212121
AXAHEQ,C19 H29 N3 O5,1.0,2.8899999999999997,56,P212121
VEZCIP,C18 H18 As1 N3,0.3333333333333333,2.33,40,R3c
LIBDIN,"C28 H17 N4 O1 P1 S1,2(C2 H6 O1)",1.0,4.65,52,P21/n
FALBEA,C14 H17 N1 O3,1.0,4.9,35,P21/n
LIZWUO,"C10 H8 N2 O1,C9 H8 O3",1.0,4.62,21,P21/n
COLTAY02,C8 H20 O2 Si1,0.5,4.58,31,Ibam
LIPDOG,C12 H9 N5 O2,1.0,3.62,28,Pna21
RUDHOQ,C23 H24 I1 N1,1.0,2.3,49,P21/c
NOZDUB,C24 H26 O5,1.0,2.82,55,P21
TALWEI,"C8 H17 N1 O4 Si1,C2 H1 F3 O2",1.0,3.9,31,Pbca
BOFRIB,C10 H8 N2 O2,1.0,3.17,22,P212121
AZIBEQ,C14 H22,0.5,4.41,36,P21/c
YEZHUH,C17 H14 N6 O3 S1,2.0,5.12,41,P21/c
CUWZIG,C20 H17 N1 O4,1.0,4.109999999999999,42,P-1
SLFSMD10,C12 H14 N4 O2 S1,1.0,3.6,33,Pca21
RUHDUT,C16 H28 O2 Si1,1.0,3.79,47,P-1
AQIRUO,C23 H24 N2,1.0,3.87,49,P212121
CEZVOW,C16 H16 Be1 Cl2 O4,1.0,3.54,39,P2/c
GUPWUN,"C7 H10 N4 O2 S1,2(C6 H11 N1 O1)",1.0,3.02289,24,P-1
WUSJED,C27 H25 N1 O4,1.0,5.07,57,P21/n
PIFKUL,C6 H4 Cl3 N1 O2 S1,1.0,5.17,17,P21/c
HUSREU,C14 H17 N1 O3,1.0,4.32,35,P21/n
RUCHOO,C18 H12 O4,1.0,5.8999999999999995,34,P21
HEZJAA,"C26 H20 O4,C10 H8 N2,4(C1 H4 O1)",0.5,7.21,50,C2/c
POMRUI,C26 H16 F2,1.0,3.93,44,P-1
DUFVIM,C18 H18 Br1 N1 O4 S1,1.0,2.92,43,I-4
DUMQOS,"C14 H9 Cl2 N3 O3 S1,C3 H7 N1 O1",1.0,4.61,32,P-1
RAWHEE,C14 H15 N1 O2,1.0,4.3500000000000005,32,P21/n
AWUTIW,C11 H7 Cl3 N2 O1,1.0,3.5,24,P-1
HOXWOK,C16 H16 N2 O2,1.0,4.91,36,P21/c
UPANUV,C19 H16 N4,1.0,4.16,39,P-1
ITUPAQ,C18 H26 N3 O1,1.0,4.61,48,P21/c
HOTVOC,C14 H8 Cl1 F1 N4 O1 S1,1.0,3.87,30,P21/c
BEPQOG,"C21 H19 F3 N1 1+,B1 F4 1-",1.0,4.63,44,P21/c
YESYOO,"C12 H10 O2,C7 H7 O3 S1 1-,C6 H9 N2 1+",1.0,4.45,24,P-1
ZURTUD,C13 H11 N3 O2 S1,1.0,4.279999999999999,30,P21/n
SIJZIY,C6 H11 B1 N2,1.0,4.68,20,P21/c
HIHDEI,C21 H28 N2 O7,1.0,3.45,58,P212121
PUTTOR,"C23 H26 N2 O4,2(H2 O1)",1.0,2.8000000000000003,55,P212121
DIYJIE,C20 H28 O3,1.0,4.8,51,P212121
GASVEB,"C12 H36 K2 N2 Si4,2(C7 H8)",0.5,4.5,56,C2/c
ETIXUA,C17 H15 Br1 O4,1.0,5.4,37,P-1
MEKJAN,C11 H29 F3 O7 P2 Si3,1.0,6.23,55,C2/c
SUKVIG01,"H4 B5 O10 1-,C4 H12 N1 1+",1.0,4.95,19,P-1
YOFNOY,C16 H16 N2 O5,2.0,3.39,39,P212121
COPSAB,C25 H24 O1,0.5,3.7,50,Pnma
JOCPEA,C13 H26 B1 F2 N1 O1,2.0,5.11,44,P21
DERHIV,"C28 H19 Br1 N2 O2,C1 H1 Cl3",1.0,5.35,52,P21/c
YIFDIC,C18 H17 F1 O4,1.0,4.49,40,P21/n
MODHAS,C21 H21 N3 O1,1.0,4.17,46,P-1
UNILEM,C14 H18 B10 F2 O1,2.0,7.17,45,P-1
HODQEZ,C13 H13 Br1 N4 O1,1.0,4.5,32,P-1
NINHYD01,C9 H6 O4,1.0,3.8000000000000003,19,P21
IDEDUQ,C23 H26 N2 O6,1.0,5.76,57,P32
POTWAA,C20 H22 O6,1.0,3.4799999999999995,48,P21/c
ROBYEO,C16 H26 N2 O3 S1,1.0,6.569999999999999,48,P21/c
LUNWAW01,"C8 H12 N1 1+,C3 H2 N3 O3 1-",2.0,3.88,21,P21
INAPIZ,"C22 H20 Br1 N1 O5,C1 H1 Cl3",1.0,4.2,49,P21
DUVHOS,"C4 H12 N2 2+,C6 H6 O7 2-,H2 O1",1.0,4.47,19,Pn
KIZYID,"C7 H7 N1 O2,C8 H10 N2 O1",1.0,5.83,21,P21/c
FAWFOC,"C15 H22 O5,0.5(C4 H2 O4)",1.0,3.53,42,P21212
HUXXUU,C16 H15 Cl1 O5 S2,2.0,3.0,39,P21
UNUNOJ,"2(C5 H6 O2),C4 H4 N2",0.5,4.58,13,P21/c
XALKUR,C15 H30 O6 P2 S2,1.0,7.1000000000000005,55,P-1
GIRFAP,C10 H15 N1 O3,1.0,5.73,29,P212121
LEJRUO,C25 H25 N1,1.0,4.13,51,P21/c
CAGMIJ,C20 H22 N2 O2,1.0,2.92,46,P212121
PUQQIC,C17 H12 N4 O6,1.0,6.96,39,P21/c
CEWSIK,C16 H16 N4,1.0,4.25,36,P21/c
AGOYOK01,"C18 H16 O1 Si1,C10 H8 N2",1.0,4.69,36,P-1
GAYLAX,C10 H8 N4 S1,1.0,3.11,23,P-1
ZABHAO,"C22 H17 N1,C3 H6 O1",1.0,5.07,40,P21/c
HCITUL,"C7 H16 N3 O3 1+,Cl1 1-",1.0,6.9,29,P212121
QAXWIY,"C16 H25 N1 O1,H2 O1",1.0,5.6000000000000005,43,P21
WOWGUN,C27 H19 N3 O1,1.0,5.970000000000001,50,P212121
BIQCOX,C20 H32 N2 O1,1.0,6.550000000000001,55,P212121
GIKVUR,C18 H16 N2 O3,1.0,3.3000000000000003,39,Pna21
OCEBAB,C9 H6 Br1 N3 O1 S2,1.0,5.97,22,P21/c
ZUFGAK,"C24 H20 P1 1+,C2 N3 O4 1-",1.0,3.5900000000000003,45,P21/n
YETNAP,C21 H28 O4,1.0,2.86,53,P212121
COBYUN,"C8 H13 N2 O1 1+,Cl1 1-",1.0,2.5,24,P212121
FEXYOW,C18 H16 O5,1.0,3.8000000000000003,39,P21/c
CUBQOH01,C18 H11 B1 O2,1.0,4.859999999999999,32,P21/c
LUPJOX,C26 H21 F3 O2 Si1,2.0,4.54,53,P21/c
QUTMUR,C10 H6 O5,1.0,6.3,21,P21/c
GUZXII,C18 H24 N9 P3,1.0,3.6,54,P21/n
OXALOH58,"C2 H2 O4,2(H2 O1)",0.5,1.82,8,P21/c
BUWRIY,"C15 H15 F3 N1 S1 1+,F6 P1 1-",1.0,3.46,35,P21/c
ZEHSIQ,C7 H20 B10,1.0,5.15,37,Pbca
ZEWXAE,"C15 H17 B9 N1 O2 1-,C8 H20 N1 1+,C2 H3 N1",1.0,6.460000000000001,44,P-1
CUZYAY,C20 H34 O2 Se2,1.0,5.22,58,P21
FAYGIW,"C8 H10 N3 S1 1+,Cl1 1-,H2 O1",1.0,2.32,22,C2/c
PEMCEP,C8 H13 N1 O1 S2,1.0,4.8,25,C2/c
JOTNIR,C26 H18,1.0,4.41,44,Pbca
UHAMOF,"C4 H6 N8 O2,H2 O1",1.0,3.5100000000000002,20,P-1
VOQNEX,C32 H23 N1,2.0,5.66,56,P-1
IQUTOF,C11 H18 N2 O4,1.0,3.16,35,Aba2
KENCIP,C19 H25 O2 P1,1.0,4.3,47,P21/c
SUPDAM,C20 H22 N2 O3 S1,1.0,6.279999999999999,48,P21/n
DAXWAD,C19 H18 Br1 F1 N2 O1,1.0,2.35,42,P212121
XELSAM,C15 H26 N2 O1,2.0,3.7900000000000005,44,P-1
OZETIY,"C5 H7 N3,2(C7 H5 Cl1 O2)",1.0,2.98,15,P-1
CASQAS,C28 H19 N5 O3,1.0,5.99,55,P21/c
OKAGEM,C27 H30 O2,2.0,3.89,59,P212121
HADHEA,C16 H17 N3,0.5,5.2,36,Cmca
BUZTAV,C19 H14 Cl2 O2,2.0,4.99,37,P21/c
LAHBEF,C21 H23 N1 O4 S1,1.0,4.09,50,P-1
FAXSAC,C22 H24 F1 N1 O1,1.0,2.7,49,P21
PAFYOL,C28 H28 N2 P2 S2,0.5,3.95,62,P21/n
ZUFVAX,C21 H30 O4,1.0,4.0200000000000005,55,P212121
PUBMOQ,C18 H22 B1 O2 P1,1.0,3.36,44,P-1
YAGYUA,C17 H19 N1 O1 S1,1.0,5.8,39,P21/c
BUYDAA,C24 H20 N4 P2 S2,0.5,5.4,52,C2/c
YETLIS,"C4 H5 O5 1-,C6 H8 N1 O1 1+",1.0,3.46,16,P212121
UWOWOU01,C15 H28 B1 F3 N2,1.0,4.01,49,Pna21
DOLRUR,"C6 H12 N2 O4 S1,H2 O1",1.0,2.9,25,P21/n
IKEGAH,C5 H7 N3 O1,1.0,4.28,16,Pbca
IFOPUR,C24 H22 N2 O3,1.0,3.51,51,P-1
IHOQAZ01,C14 H14 N2 O2,1.0,5.08,32,P21/c
BENMIS,C17 H26 O3,1.0,3.4299999999999997,46,P21
XICRIO,C20 H17 Br1 O4 S1,1.0,4.53,43,P21
QUYKAX,C9 H9 Br1 O3,1.0,2.63,22,P21/c
CEDREJ,C7 H9 N3 O1,1.0,5.38,20,Pca21
IRIVAI,C20 H23 N2 O1 P1 S1,1.0,4.1000000000000005,48,P21/c
KAZREI,C22 H26 O7,1.0,7.0,55,P212121
MUVWIN,C18 H13 Br2 N1 O5,1.0,3.2800000000000002,39,P21/n
BONVAE,C13 H19 N1 O7 S2,1.0,2.9000000000000004,42,P21
DEZYIS,"C8 H12 N1 1+,C8 H7 O3 1-",1.0,3.5900000000000003,21,P212121
KUQTAS,"C6 H8 N2,2(H2 O1)",0.5,3.17,16,Pnma
CEBKON,C14 H21 N3 O2,1.0,4.78,40,P21/c
VESHOU,C21 H13 N3,1.0,3.06,37,P212121
LIDTEB,"C22 H17 Cl1 F3 N9 O2,C4 H4 O4",1.0,4.7,54,P-1
PEDSID,C28 H23 F1 N4 O1,1.0,4.859999999999999,57,P21/n
XESGAH,C28 H27 N3 O1,1.0,6.7299999999999995,59,P21/n
HUHCUK,C23 H15 Br1 O4,1.0,3.4000000000000004,43,P-1
COJGIV,C18 H20 O8,1.0,4.09,46,P21/c
UCASID,"C16 H18 N6 O2,2(C6 F4 I2),C2 H6 O1 S1",1.0,4.54,42,P21/c
PAJYIK,C20 H18 N4,1.0,4.96,42,P-1
WADROK,"C6 H16 N1 1+,C7 H5 O4 1-,H2 O1",1.0,3.7600000000000002,23,P212121
RIJNED,C9 H15 N1 O6,2.0,5.74,31,P21
EXIJAZ,"C20 H26 N2 O2 S1,C2 H6 O1 S1",1.0,7.37,51,P-1
QAQDAN,C12 H17 N5 O2,1.0,7.1000000000000005,36,P-1
GAMHAG,C23 H24 Cl1 N1 O2,2.0,6.17,51,Pca21
KIBZUT,C15 H15 N5 O3,1.0,4.82,38,P21/a
HUNWUI,"C10 H20 O5,C2 H4 N4 O1",1.0,4.87,35,P21/c
FOLKOI,C30 H25 N3 O5,1.0,4.9799999999999995,63,P21/n
CENGIM,"C26 H24 N4 Na1 O2 1+,Br1 1-",0.5,2.6,57,C2/c
ATITOO,C26 H30 N6,1.0,4.68,62,P-1
BOYREM,C21 H26 O5,1.0,5.8,52,P21/c
SORPIB,"C13 H14 N1 1+,0.5(H2 O1),Br1 1-",2.0,6.61,28,Pna21
FARVOM,"C15 H26 N4 2+,2(Cl1 1-)",1.0,4.06,45,P-1
GUWCOU,"C22 H18 Cl1 N4 O1 S1 1+,2(H2 O1),I1 1-",1.0,2.42,47,P-1
JEKLUH,C19 H21 F6 N1 O2,1.0,4.3,49,P-1
KAQREB,C22 H33 N1 O2,1.0,4.51,58,Pbca
WEGZOZ,C7 H9 F1 O3,1.0,4.48,20,P212121
OZEVEW,"C6 H9 N2 1+,C7 H4 N1 O4 1-",1.0,4.95,17,P21/n
AHIQUF,C20 H12 B1 F2 N3,1.0,6.12,38,P-1
MUFBIC,C3 H5 N3 O2,1.0,3.27,13,P212121
KEBCID,C16 H26 O6,1.0,2.84,48,P212121
ZENNIP,C23 H30 O4,2.0,5.0,57,P21
IQUHAH,C17 H20 N2 O3 S1,1.0,6.550000000000001,43,P212121
IDUYEM,"C7 H17 Cl1 N1 1+,Cl1 1-,H2 O1",1.0,3.5,26,P21/n
IQEFUJ,C13 H18 Br1 O4 P1,1.0,2.94,37,P21/c
DAPJOW,C21 H30 O5,1.0,4.6899999999999995,56,P21
DUBJAN,C17 H10 N2 O3 S1,2.0,5.42,33,Pbn21
JIVGUT,C34 H24 N2,2.0,6.35,60,P212121
PEHXIK,C4 H5 N3 O1,1.0,2.57,13,P43
POPGAE,C15 H6 Cl1 F1 N2 O2,2.0,3.49,27,P-1
NUWPUR,C22 H21 N1 O4 S1,1.0,4.01,49,P21/c
KUPMIS,C18 H16 Cl2 N4 O1 S1,1.0,3.64,42,P21/c
DACYEQ,C16 H15 N3 S1,1.0,4.109999999999999,35,P21/n
COMYAI,C20 H20 N4 O4,1.0,4.83,48,P21/c
UHACUF,C23 H32 N1 O4 P1,1.0,4.37,61,P21/n
BUWFIJ,C22 H15 B1 F2 N2 O2,1.0,4.33,44,P-1
LOJWOZ,"C8 H22 N2 O12 P4 2-,H12 Mg1 O6 2+",0.5,2.77,48,P-1
IPAKOA,C18 H16 O2,2.0,4.93,36,P21/c
FAWFUH,C25 H27 N1 O3,1.0,4.18,56,P212121
YONDUB,C21 H18 N2 O4,1.0,4.12,45,P21/c
PULJIR,C20 H18 Br1 F1 N2 O5,1.0,5.11,47,C2
DITTIN,C10 H12 N4 O4 S1,1.0,2.6100000000000003,31,P212121
VEMWUJ,C13 H10 Cl1 N1 O2,1.0,2.9499999999999997,27,P21
GOTFOM,C13 H10 N2 O3,1.0,3.1199999999999997,28,Pna21
PAKPUQ,C25 H28 Br1 Cl1 S2 Si1,1.0,3.1,58,P-1
FOFQAW,C24 H18 N2 O5,1.0,4.16,49,P-1
OGUHEG,C23 H15 Cl1 O2,1.0,4.26,41,Pc
RAMROM,C14 H18 N2 O6 S1,1.0,3.72,41,P-1
SEMCAQ,C19 H17 Cl1 N2 O3,1.0,4.38,42,P21/c
WABGEP01,"C27 H23 Cl2 N4 1+,C14 H10 Cl2 N1 O2 1-,C2 H6 O1",1.0,5.6899999999999995,56,P-1
CUFYUX,C22 H20 O4,1.0,3.1,46,P-1
GOZBOQ,"C12 H8 N5 Se2 1+,I1 1-",1.0,2.4,27,P-1
ROVZIN,C17 H17 Br1 N2 O2 Se1,1.0,3.3000000000000003,40,P21/c
AMULUT,C25 H23 N1 O5,1.0,4.02,54,P21/n
PIHWOS,"2(C2 H8 N1 1+),C10 H8 O4 2-",1.0,6.8,22,Pbca
RAQQUY,C19 H27 N1 O3,1.0,5.19,50,P21/c
RODSUA,"C14 H14 O3,C9 H11 N1 O3",1.0,4.24,31,P21
NEVTIV,"C14 H8 I1 N2 O6 S2 1-,C7 H11 N2 1+",1.0,5.59,33,P-1
LUTXII,C13 H12 N4 O3 S1,0.5,4.54,33,P21/m
RIHZUD,C7 H7 N1 O4 S2,1.0,3.0700000000000003,21,P-1
QIJDEW,C22 H20 N2 O1,1.0,4.6899999999999995,45,C2/c
FUMMEI,C12 H20 N2 O6,1.0,2.5100000000000002,40,P21
ROTDAI,C17 H24 N2 O5 S1,1.0,5.34,49,P21/c
YOYKUW,C30 H25 N1 O2 S1,1.0,3.95,59,P21/n
EGAHAW,C23 H20 B1 F2 N3,1.0,4.3100000000000005,49,P21/c
ULEQIP01,C27 H14 N2 O3,1.0,6.800000000000001,46,P21/n
SAYCON,C9 H11 N1 O2,1.0,5.6899999999999995,23,P21/n
HEYQEI,C14 H12 N4 O2,1.0,4.21,32,P21/n
WAMLUU,C24 H26 F3 N1 O5,1.0,6.1,59,P21/n
JEYTIR,C13 H16 N4 S2,0.5,3.2,35,Pba2
AXUGAD,C27 H26 O2 P2 S2,1.0,3.39,59,P-1
WEVSAV,C18 H18 N2 O3 S1,1.0,4.3,42,P21/c
CABBIR,C20 H29 N2 P1,1.0,3.85,52,Cc
LENBOV04,C1 H2 Cl1 I1,2.0,5.44,5,Pna21
FOLYUA,C15 H19 P1,1.0,7.3,35,P21nb
UKOMOW,C21 H20 Cl3 N1 O3,2.0,4.54,48,P21
GECDUP,C10 H8 Cl1 N3 O3,1.0,3.3200000000000003,25,P21/c
CERXIH,"2(C6 H6 O2),C6 H12 N4",0.5,5.1000000000000005,22,C2/c
JONHEB,C15 H15 N1 O8,1.0,4.63,39,P-1
TUYROX,"C15 H23 N2 1+,I1 1-",1.0,2.76,40,P21/c
VAGMEZ,"C13 H14 N3 O3 1+,H2 O1,Cl1 1-",1.0,3.15,33,P21/c
NICGIP,C16 H26 N4 O2,1.0,5.53,48,P-1
IQINUV,"C10 H10 N2 2+,H2 O1,2(I1 1-)",1.0,2.82,22,P21/c
FUGPAA,C18 H39 N4 P1 Se1,1.0,2.94,63,Pbca
VEBWAC,C24 H27 N3 O5,1.0,4.07,59,P21
INUBAW,C16 H11 N1 O2,2.0,5.06,30,Pna21
SENDEY,C10 H16 O3,1.0,3.32,29,P21
ITAVUV,C19 H21 N2 P1 Se1,1.0,2.92,44,P-1
EDEWEQ,C26 H23 N1 O3,1.0,7.140000000000001,53,P21/c
ROFNUY,C18 H12 O3 S2,1.0,5.83,35,P21/c
SUCACB08,C4 H6 O4,0.5,4.54,14,P21/c
TEHJAT,C5 H10 Cl2 N3 O4 P3,1.0,5.03,27,P21/c
OFIQUR10,C8 H14 N2 O2,1.0,3.8,26,P21/c
SEGRUU,C13 H9 Br1 N2,2.0,3.35,25,P-1
IYIYEY,C22 H20 N2 O2,2.0,3.55,46,P21
JOKTAE,C17 H26 O3,1.0,3.8000000000000003,46,P21/a
EGIFAB01,C22 H22 O6,0.5,6.15,50,C2/c
BUSRIS,C10 H15 Be1 I1,2.0,3.06,27,P21/c
MELMEV,C25 H30 N2 O5,1.0,2.96,62,P212121
ACUHAK,C11 H6 Br1 F3 N2 O1,1.0,5.64,24,P-1
BEBDOF02,C30 H10 B1 Cl6 I1 N6 O1,2.0,2.55,55,Pca21
PUVJEZ,C12 H17 N1 O1,1.0,6.88,31,P21/c
VICPEE,C13 H14 O5,1.0,4.34,32,P21
VISREU,C15 H16 O8,1.0,4.6000000000000005,39,P212121
EQABIL,C12 H16 F3 N1 O4,1.0,5.58,36,P21/c
MEHXAZ01,"C8 H20 N1 1+,C3 H2 N3 O2 1-",0.5,2.6100000000000003,29,C2/m
YEVSAW,C25 H24 N3 O2 S1,1.0,6.15,55,P-1
KELXUV,"C23 H27 N2 O4 1+,C7 H3 N2 O6 1-,C1 H4 O1",1.0,5.28,56,P212121
ASPARM12,"C4 H8 N2 O3,H2 O1",1.0,3.09,17,P212121
SIZJOD,C12 H8 F3 N1 O3,1.0,4.2,27,P21/c
YEMDAW,C21 H30 O4 S2,1.0,3.44,57,P212121
JOQCAW,C19 H12 Cl3 N3 O2 S1,1.0,5.35,40,P21/c
EJUKOM,C16 H20 Br1 N1 O3,1.0,5.27,41,P212121
GOLYOY,C19 H23 Cl1 N1 O4 P1 S1,1.0,3.06,50,P61
CITRAB,C18 H19 N1 O2,1.0,4.760000000000001,40,P212121
IGAYEX,"C13 H17 N2 O2 1+,C10 H15 O4 S1 1-,0.5(H2 O1)",2.0,5.59,34,P21
YANGAX,"4(C4 H4 I1 N1 O2),C6 H12 N4,4(C1 H2 Cl2)",0.5,3.39,22,P43212
KEBJAD,"C10 H13 N3 O1,3(H2 O1)",1.0,4.29,27,P31
XALFEX,C16 H20 O4,1.0,4.5600000000000005,40,P21/c
YOPKAQ,C10 H8 Cl2 N2 O2,1.0,3.69,24,P-1
GIKZOR,C15 H7 F8 N1,2.0,4.58,31,P21
IQUYUP,C18 H21 Br1 O4,2.0,4.44,44,P21
COPMAZ,C28 H25 N1 O3,1.0,3.09,57,P212121
LOZYII01,C14 H17 N3 O3 S1,1.0,3.74,38,P21/n
PAYBIE,"C20 H27 N1 O11,C3 H8 O1,2(H2 O1)",1.0,4.52,59,P21
RIGKIB,C16 H21 F1 O1 Te1,1.0,3.8000000000000003,40,P21
EXONAK,"C23 H23 N3 O3,C1 H4 O1",1.0,4.8500000000000005,52,P-1
DLALNI17,C3 H7 N1 O2,1.0,4.0,13,Pna21
BOBVIX,C10 H22 N3 O3 P1 S1,1.0,4.8,40,P21/c
QUWFIZ,C27 H21 N1,1.0,6.329999999999999,49,P21/c
DUTVUK,C20 H15 I1 O2 S1,1.0,2.84,39,P21/c
DUXPOE,C33 H27 N1 O2,1.0,6.34,63,P-1
OSICIE,C16 H11 N1 O4,1.0,4.33,32,P21/c
CUTJIO,C11 H4 Cl5 N1 S1,2.0,5.64,22,P21/c
JEDWAT,C21 H16 I1 N3 O1,1.0,2.74,42,P-1
WURVOW,C22 H25 N3 O4 S1,2.0,4.99,55,P21/n
YOWFAS,C22 H14 F2 N2 S2,1.0,5.14,42,I2/a
COBNUC,C15 H14 O3,1.0,5.0,32,P21/c
LONNOT,"C16 H19 N2 1+,C7 H5 O6 S1 1-",1.0,6.21,37,P1
SEFFUF,C19 H16 O4,2.0,4.39,39,P21/c
LUSHIT,"C18 H15 N5 O2,0.5(H2 O1)",2.0,6.54,40,P21/n
EBICEY,C11 H10 Cl1 N3 O2 S1,1.0,5.74,28,P21/c
APUREI01,C16 H12 O4,1.0,4.03,32,P21/a
IQIQOS,"C3 H7 N6 1+,B1 F4 1-",2.0,5.390000000000001,16,P-1
XULSEG,C30 H26 Se2,1.0,3.37,58,P21/n
WAFLOG01,C12 H11 Br1 O2,1.0,2.42,26,C2/c
PAVCEX,C16 H14 N2,1.0,5.0200000000000005,32,P21/c
IVABEM,C23 H30 O4,1.0,5.37,57,P21/n
BUBXAX,C24 H32 O4,1.0,7.0,60,P212121
YUQVOY,C15 H24 N2 S1,1.0,4.38,42,P21/c
SOBNAZ,C18 H32 N2 O3,2.0,5.03,55,P21
MPAZTP,C12 H12 N2 S2,1.0,3.3000000000000003,28,P21/c
XOGFII,C25 H31 N1 O3 S1,1.0,3.04,61,P21
UHIKUR01,C27 H25 N3 O4 S2,1.0,3.96,61,Pca21
TAGYOS,C26 H17 N3 O1,1.0,5.26,47,P21/c
OYUPUV,C9 H11 N1 O2 S1,1.0,2.9000000000000004,24,P21/c
XIPPIY,C20 H19 O4 P1,1.0,2.75,44,P212121
WUKNIB,C13 H7 F4 N1 O1,1.0,6.94,26,P-1
DUPWET,C18 H20 O6,1.0,5.220000000000001,44,P-1
JEXWUI,"C13 H10 N3 O3 1+,H2 O1,Cl1 1-",1.0,6.239999999999999,29,P21/c
UFOREO,C13 H18 N2 O4 S1,1.0,2.59,38,P212121
PUYMUS,"C12 H21 O9 P3,H2 O1",1.0,3.68,45,P21/c
XIRRIC,"C17 H15 N3 O2,H2 O1",1.0,6.08,37,P-1
JOKJOM,C16 H18 N2 O3,2.0,3.92,39,P21
YEHTAJ,C18 H24 O3,1.0,6.64,45,P21/n
JISCIX,"C14 H14 N2 O2,4(H2 O1)",0.5,6.3,32,P21/c
VIRZEC01,C22 H20 N2 O2,2.0,3.6999999999999997,46,P21/n
KELXEG01,C17 H24 N2 O3 S1,1.0,3.64,47,P212121
UBAPIA,C20 H16 Br4,1.0,2.75,40,P212121
XANQAG,"C4 H4 N12 O4 2-,2(C1 H8 N5 1+),2(H2 O1)",1.0,3.41,24,P21/c
YIWYEI,C15 H11 N1 O2,1.0,4.7,29,P21/c
CALBOG,C9 H5 Cl3,0.5,3.0700000000000003,17,Pnma
ISEDES,C13 H16 O6,0.5,4.02,35,Pbcn
JABKIK,C25 H33 N1 O5,1.0,4.19,64,P212121
DEMTCN01,"C8 H18 N1 O1 1+,C12 H4 N4 1-,C12 H4 N4",1.0,4.07,28,P-1
XERSOF,C15 H25 I1 O5,1.0,2.3800000000000003,46,P212121
IPODEA,C21 H32 O3,1.0,3.49,56,P212121
MIFHAO,C13 H12 F3 N1 O3,1.0,7.02,32,P-1
DADDER01,C15 H10 O2,1.0,4.72,27,P-1
PUNJIU,C20 H17 Br1 N2 O3,1.0,4.859999999999999,43,P21/c
DUVSIA,C18 H13 N3 O2,1.0,5.390000000000001,36,P21/n
UPALON01,"C4 H6 N3 1+,H2 O4 P1 1-,H2 O1",1.0,3.97,13,P-1
XUJGAN,C30 H29 O2 P1,1.0,3.7699999999999996,62,P-1
BOTVAI,"C6 H10 N2 2+,2(B1 F4 1-)",0.5,4.7700000000000005,18,P21/c
IZISER,C19 H17 F3 O3,1.0,4.72,42,P21
ASIRUP,"C12 H22 N2,1.5(H2 O1)",1.0,4.25,36,C2
CORWIR,C23 H20 N2 O6 S1,1.0,3.64,52,P-1
NFPHSO,C12 H6 F2 N2 O6 S1,1.0,5.4,29,P21/c
SECZAC,C20 H16 N2,2.0,5.94,38,P-1
XOYLIK,C20 H20 N2 O3,1.0,3.83,45,P21/c
WANWUD,"C12 H17 N5,H2 O1",1.0,4.0,34,I2/c
PEMGAQ,C18 H18 N2 O2,1.0,5.5200000000000005,40,C2/c
XOFJAG,"C18 H13 N5 O6,H2 O1",2.0,6.47,42,P-1
AQUKAZ,C12 H21 Br1 O3,1.0,2.81,37,P-1
NEVGEB,C22 H19 N1 O1 S1,1.0,4.4,44,P212121
ONAQUQ,C25 H22 Cl1 N3 O1,1.0,5.25,52,P-1
COYDOL,C14 H17 N3 O4,1.0,2.59,38,Cc
PUBXUI,C24 H21 N1 S1,2.0,4.08,47,P21
XEJVAN,C26 H22 F1 N3,1.0,4.82,52,P21/c
CEBREK,C19 H21 N1 O6,1.0,4.88,47,P-1
GOJDOA,C21 H18 N2 O4,2.0,4.25,45,Pna21
BOHQOF,C20 H22 N2 O2 S2 Si1,0.5,3.1,49,C2/c
AHEWOZ,"C5 H7 N5 2+,Br1 1-,I5 1-,H2 O1",1.0,3.96,17,P-1
NETHUQ,C22 H20 N2,0.5,4.1,44,P21/n
OSEZIX,C16 H29 B1 Cl1 N1 Si1,1.0,6.069999999999999,49,P21/c
QERYAQ,C16 H14 O4 S2,0.5,3.54,36,P21/c
NEJHAN,C27 H20 N4 O1,1.0,3.73,52,P21/c
QAXWAQ,"C21 H18 N6 O3,0.5(C1 H4 O1)",2.0,5.36,48,P-1
PAVZOF,C9 H16 O4,1.0,5.28,29,C2
RAGZIM,C10 H7 B1 F3 N1 O1,1.0,3.38,23,P21/c
HAMKOX,C21 H19 Cl1 N2 O1 Se1,1.0,3.74,45,P21/c
XUZJEH,C17 H24 Cl1 N1 O1 S1,2.0,4.8,45,P21/n
CIPDUE,C21 H12 Cl1 F1 N2,1.0,4.12,37,P-1
WIRVAY,"2(C16 H36 N1 1+),H3 B12 Cl9 O3 2-,2(C2 H6 O1)",1.0,6.1,53,P21/c
GEPHEO,C18 H18,1.0,4.9,36,P21/n
SICRIH,C14 H8 O2 S3,1.0,2.44,27,Pca21
CYLPHN,C18 H18,0.5,3.1,36,P3121
XANHAX,C15 H16 Br1 N1 O3,1.0,2.57,36,P21/c
AZOKIL,"C28 H28 P1 1+,I3 1-",0.5,4.44,57,Fddd
UXOQIK,C19 H20 O4,1.0,4.04,43,Pna21
UQOGAJ,C20 H22 O6,1.0,3.9,48,P212121
QUTFUG,C11 H16 O2,1.0,3.9,29,P21/c
KIMGEV,C15 H12 O6,1.0,3.2099999999999995,33,P-1
ROMHUA,C18 H15 F3 O1,2.0,5.13,37,P-1
GUTHIN,C14 H20 N6 O2 S1,0.5,4.73,43,Fdd2
FEZKOL,C21 H22 N2 O9,2.0,6.09,54,P-1
PESLAC,C21 H30 O4,1.0,4.77,55,P21
KUGXIT,C18 H19 O3 P1,1.0,4.2,41,P21/n
BUVWEX,C12 H15 N1 O3,1.0,3.62,31,P212121
SASLEF,C22 H30 O5,1.0,4.95,57,P212121
SEGKOG,"C6 Cl4 O2 1-,C2 H3 N1,H4 N1 1+",0.5,7.03,12,P21/m
GODXEF,C15 H22 O4,1.0,5.08,41,P21/c
LAPLUJ,C17 H24 B1 N1 O2 Si1,2.0,4.1,46,P21/c
YEVBOU,C20 H30 Li2 O4,1.0,3.4099999999999997,56,C2/c
FEQLEV,C14 H15 N3 O1,1.0,5.29,33,P-1
WEGYEM,C6 H13 N1 O3,1.0,3.7800000000000002,23,C2/c
HERBOL,C17 H24 O5,1.0,6.3,46,P212121
PURHUH,"C4 H7 N5,C6 H4 Cl2 O1",1.0,3.32,16,P-1
BOYHUV,"C15 H15 N2 1+,C12 H4 N4 1-,C12 H4 N4",1.0,4.3,32,P-1
BAKVEQ01,C21 H30 O4,1.0,2.7,55,P212121
DMXBZO,C16 H16 O4,1.0,7.0,36,Pcab
VEFDER,C20 H19 Cl1 N2 O6,1.0,5.5,48,P21/c
YALPIP,C21 H20 O1,2.0,5.13,42,P21/c
BUSYUL,"C14 H19 Cl3 N5 O2 1+,C1 H4 O1,Cl1 1-",1.0,3.4299999999999997,43,P-1
IHIVED,C17 H13 Cl2 F3 N2 O1,2.0,2.8400000000000003,38,P212121
TUWNOO,C10 H14 Cl2 O2 Te1,1.0,2.0,29,Pbca
YAGMID,C16 H17 Cl1 N4,1.0,4.91,38,Pccn
KOFROP,"C23 H27 Br1 N4 O2,0.5(C2 H4 Cl2)",2.0,5.76,57,P21/n
SECSOK,C13 H16 N4 O2,1.0,4.03,35,P21/c
FAHYEW,C23 H16 N2,2.0,5.91,41,Pna21
SOVGIT,C12 H19 N3 O3,1.0,6.3,37,P21/n
MAMCUZ,C10 H12 N2 O4,1.0,4.82,28,P21/c
IMIDEQ,C17 H23 N1 O1 S2,1.0,4.2299999999999995,44,P-1
ZOJNAR,C17 H16 Cl1 N3 O3 S1,1.0,4.44,41,P21/c
OXALDH17,"C2 H2 O4,2(H2 O1)",0.5,0.8999999999999999,8,P21/c
ZUGQOH,C19 H21 N3 O2,1.0,3.3000000000000003,45,P212121
XODLOU,"C21 H27 N2 O4 1+,Cl1 1-",1.0,3.6700000000000004,54,Pna21
DPHDTE04,C12 H10 Te2,1.0,5.970000000000001,24,P212121
POJZIB,C20 H21 N1 O3 S1,1.0,4.390000000000001,46,C2/c
CUKPII,C20 H28 N2 O8,1.0,3.64,58,P212121
GEHSES,C8 H4 I1 N1 O2,1.0,2.0100000000000002,16,P21/c
NAKKOB,"C22 H15 Br2 N2 O8 S4 1-,C16 H36 N1 1+",0.5,5.55,53,C2/c
RAXWIA,C26 H24 N6 O2 S2,0.5,4.34,60,P-1
FUGMEC,C17 H10 Br2 N2 O1,1.0,4.37,32,P21/n
EFUYAH,C20 H21 Br1 O1,1.0,3.27,43,P212121
AFUJEQ,C22 H19 N2 P1,1.0,3.9,44,Pna21
ROGGEA,C10 H15 N1 O4,1.0,5.23,30,P21
PEVFUR,"C14 H16 O2 P1 1+,Cl1 1-",1.0,3.8000000000000003,33,Pna21
XONDIN,C18 H30 O5 Si1,1.0,6.13,54,P21/c
KUGGIC04,"C60,C10 H24 N4",1.0,5.9,60,P21/n
KETYUH03,C20 H23 B10 N1,2.0,5.19,54,P21/c
VIGFEX,"0.5(C4 H4 N2 O3),C6 H7 N1 O1",2.0,5.16,15,P-1
YIPCIM,C20 H21 N1 O5 S1,2.0,5.53,48,P212121
SIGBAL,C5 H8 N2 O5,0.5,6.1000000000000005,20,C2/c
DOBKUB,C15 H25 O4 P1,1.0,2.54,45,P21
DUJYOX,C3 H18 B3 N3,1.0,4.5,27,Cc
JINBAJ,"C18 H17 N1 O6,2(H2 O1)",1.0,5.1000000000000005,42,P21/c
NOHFIB,C20 H28 N2 O2 S2,1.0,5.57,54,P21/n
IXOJAG,C26 H23 Br1 N4 O6,2.0,4.3500000000000005,60,P1
LUSBUX,"C2 H6 Cl1 1+,C1 H1 B11 Cl11 1-",0.5,2.45,24,Pbcm
SLFNMB17,C10 H11 N3 O3 S1,1.0,3.8600000000000003,28,C2/c
SIZKOD,"C3 H8 N1 O2 1+,C4 H1 O4 1-,0.5(H2 O1)",1.0,3.3099999999999996,14,C2/c
XEBQEC,"C13 H30 N5 O1 1+,C24 H20 B1 1-",1.0,4.09,49,P21/n
CIRNAU,"C13 H11 N3,C7 H6 O3",1.0,4.74,27,P-1
ZAPDON,C23 H22 N4 O2 S1,1.0,4.109999999999999,52,Pbca
LIXTOE,C16 H10 O1,2.0,4.72,27,P21
AKAFOL,"2(C5 H11 N2 O1 1+),C4 H4 O6 2-",1.0,4.2,19,P212121
QONJEJ,C31 H26 N2 O1,1.0,6.42,60,P21
FOLMOM,C7 H6 F2 N2 O3,1.0,3.93,20,P212121
KEXZET01,"C4 H10 N1 O1 1+,I1 1-",1.0,2.0100000000000002,16,P21/c
ZEXCEO,C15 H19 N1 O5,1.0,5.21,40,P21/c
OLAPUP,C30 H19 F6 I1 O2,1.0,5.74,58,P21/n
EVOHIH,C22 H28 N2,0.5,4.73,52,P21/c
ZAPCOK,"C4 H10 N1 O2 1+,N1 O3 1-",2.0,3.93,17,P21/c
KAMZEH,"C22 H20 N4 O4,H2 O1",1.0,6.08,50,P212121
FOCBUY,"C23 H19 N2 1+,I1 1-",1.0,2.44,44,Pna21
BUFPAV,"C16 H26 N1 O2 1+,Cl1 1-",1.0,3.8,45,Cc
MUZPAA,C11 H11 Cl2 N1 O2,1.0,3.7199999999999998,27,Fdd2
BAZLIX,C20 H28 O2,1.0,3.8000000000000003,50,P212121
TPPHSE01,C18 H15 P1 Se1,2.0,4.8,35,P-1
OKOZAQ,"C14 H20 N2 O3,C7 H8 O1 S1",1.0,4.64,39,P212121
DUMKII,C24 H17 N3 O3,1.0,3.9600000000000004,47,Pn
FOMREI,"C3 H2 N7 O3 1-,H4 N1 O1 1+",1.0,3.4099999999999997,15,P-1
GIWLII01,"C20 H22 Cl1 N3 O1,C3 H8 O1",1.0,4.33,47,P-1
MIFMIB,C17 H16 N2 O3,1.0,3.75,38,P-1
EHOMAP,C12 H13 Br1 O2,1.0,5.23,28,P212121
ZOTSIO,C28 H23 Cl2 N1 O2 S2,1.0,6.77,58,P21/c
EZIVAL,C15 H24 O2,1.0,6.640000000000001,41,P212121
LIWNIO,C13 H12 N2 O3,1.0,6.97,30,P21/c
MEMQIH,C13 H12 N4 O2,2.0,3.35,31,P21/c
KAPDUD,C20 H13 F7 N2 O1,1.0,5.45,43,P21/c
VOGCAX,C23 H28 N2 O3 S1,1.0,7.31,57,P-1
IZILAE,C13 H10 O3,1.0,5.5,26,Iba2
RUNJIW,C23 H21 N1 O4 S1,1.0,4.64,50,P-1
ZUTGIE02,C10 H14 N4 S1,2.0,4.16,29,P-1
BABFUH,"C14 H30 N4 O10 P2,4(H2 O1)",1.0,3.8000000000000003,60,P21/c
UBISUX,"C7 H9 N2 O2 1+,Cl1 1-",1.0,2.5700000000000003,20,P212121
VIWPEZ,"C4 H12 N8 2+,2(C1 H1 O3 1-),2(H2 O1)",0.5,3.65,24,P-1
ZEBPIJ,C13 H12 N4 O1,1.0,3.9899999999999998,30,P21/n
GUMPUB,"C20 H16 Cl2 N4 O2,C2 H4 O2",1.0,6.7,44,Pbca
VOCTIU,"C19 H16 Br2 P1 1+,C4 H9 N1 O1,Br1 1-",1.0,2.9499999999999997,38,R-3
REKDIV,C24 H16 N2,1.0,4.65,42,C2/c
CEBWEN,C15 H10 F1 N1 O1,1.0,4.78,28,P21/a
DAKZIZ,C18 H28 O4,1.0,5.9,50,P2/n
KISNIJ,C14 H20 N6 O2 S1,1.0,4.6000000000000005,43,P-1
JIFNIV,C14 H16 Br1 N1 O3,1.0,3.9,35,P43
DOGZAD,C21 H14 N4,1.0,5.3100000000000005,39,P21/c
EVINEC,C10 H10 N2 O2 S1,2.0,4.1,25,P21/c
XISLER02,"C12 H14 N2 2+,2(B1 F4 1-)",0.5,4.03,28,P21/c
DPANTR10,C26 H18,1.0,4.72,44,P21/a
IWIHIH,"C15 H19 N5 O5,3(H2 O1)",1.0,3.8699999999999997,44,P21
EQUNUB,C26 H18 N6 O1 S1,1.0,5.01,52,P-1
OBADEF,"C12 H9 I1 N1 O1 1+,C1 F3 O3 S1 1-",1.0,6.72,24,P-1
ZIMWUP,C24 H29 N1 O2 S1,1.0,4.61,57,P-1
PORYOO,C27 H15 B1 F2 N2 S2,1.0,3.2199999999999998,49,P-1
DURTIX,C22 H29 N1 O3 Si1,1.0,6.69,56,P21/c
MIHTAB,C17 H16 N4,0.5,4.53,37,C2/c
LAWDOG,C16 H17 F3 N2 O2 S1,1.0,6.02,41,P21/n
SAWXEW,"C5 H8 N1 O3 1-,C4 H10 N1 O1 1+",1.0,4.36,17,P-1
JODTEB,C14 H11 Cl2 N1 O2,1.0,4.9,30,P-1
ZEZRAX,"C18 H18 B1 N1 2-,2(C6 H16 Li1 N2 1+)",1.0,4.6000000000000005,38,Cc
TXCTDD,C10 H16 O4,0.5,4.7,30,P21/c
PAMVIJ,"C7 H8 N1 O1 1+,Cl1 1-",1.0,7.28,17,P21/c
FAJMUB,C28 H19 N3 O2,1.0,4.67,52,P-1
MAMVUT,C16 H18 O1 S1,1.0,3.94,36,Pbca
DILNOE,C21 H21 P1 S3 Se1,1.0,2.6,47,P21/c
RITFUW,C17 H29 N1 O1,2.0,4.36,48,C2
QIYJOY,"2(C3 H10 N1 1+),C8 F4 O4 2-",0.5,3.45,16,C2/c
DUKNIJ,C22 H18 N2 O4 S3,1.0,3.54,49,P21/c
IWUSAX,"C18 H12 N2 S2,2(C7 H6 O3)",0.5,4.33,34,P-1
TUHYUU,C22 H23 N3 O1,1.0,4.26,49,P-1
VAFWOQ,"C21 H23 Br1 N2 O3,0.5(C3 H6 O1)",2.0,4.14,50,P212121
RUTREF,"C15 H12 N3 O3 S3 Si1 1+,2(C1 D1 Cl3),Cl1 1-",0.3333333333333333,3.6999999999999997,37,P213
ZZZSQK04,"C10 H20 O2,H2 O1",1.0,2.67,32,Fdd2
HEBTAM,C21 H15 I1 O3 S1,1.0,3.61,41,P21/n
ZEFQIO,C11 H13 N1 O7,1.0,3.93,32,P-1
TUSHAT,"C25 H19 O2 P1,C2 H6 O1",1.0,4.08,47,P21/n
KEXREN,C14 H15 N3 O3 S1,1.0,3.64,36,Pbca
IDOFEQ,C15 H9 F1 O2,1.0,3.9,27,P21/n
MUNZEC,C16 H19 Br1 F1 N1 O5,1.0,4.03,43,P32
YIDRAE,C21 H31 N1 O3,1.0,4.2,56,P212121
KUXPIC,C20 H19 N1 O4 Si1,1.0,4.71,45,P21/n
HOSTIU,"2(C7 H7 N1 O3),F1 1-,C16 H36 N1 1+",1.0,3.83,53,Pc
JOWGEL,"C16 H20 I1 Si1 1+,C1 F3 O3 S1 1-",1.0,5.99,38,P-1
YIZRIL,C18 H12 F2 O1,2.0,4.2299999999999995,33,Pc
CENCUU,C19 H19 N1 O4 S1,1.0,5.73,44,P-1
MAKRAW,C28 H24 N4 O6 S1,1.0,3.17,63,P212121
VOXDOB,C18 H22 N4,0.5,5.2,44,P21/c
AWANIV,C17 H20 O1,1.0,4.67,38,P21/n
LOVDUX,C15 H12 N2 O2,1.0,3.15,31,P21
LIQYOC,"C11 H22 N2,2(H2 O1)",2.0,5.7,35,C2/c
HAMXUQ,"C15 H14 N4 O3,0.5(C3 H6 O1)",1.0,5.91,36,C2/c
PTRPHE09,C18 H15 P1,1.0,4.42,34,P21/c
DIMNIY01,C12 H9 Br2 N1 O2 S1,1.0,4.41,27,P-1
NAGRUM,C28 H27 N1 O4,1.0,4.99,60,P-1
KAYLAB02,C33 H30 O1,1.0,5.18,64,P21/n
GALFAE,C22 H17 Br1 O4,1.0,5.0200000000000005,44,P21/n
QUSRII,C11 H14 F1 N3 S1,1.0,3.5900000000000003,30,P-1
SOFVUG02,C6 H4 Br2,2.0,3.3099999999999996,12,P212121
DOKYAD,C7 H8 N2 O1 S1,1.0,5.1000000000000005,19,P-1
EFONUK,C20 H14 O2,0.5,4.16,36,P21/n
NIJWIO,C17 H16 Br2 N2 O2,1.0,5.37,39,P21/c
YEVTAY,C8 H3 N3 O3,0.5,3.34,17,Pnma
YUVXOF,C11 H8 Br1 Cl1 N2 O1,1.0,2.36,24,P212121
FOQRAG,"C27 H20 Cl1 N4 1+,Cl1 O4 1-",1.0,7.02,52,P-1
TEMTOY,C34 H23 N3 O1,1.0,4.46,61,P212121
ZEJREO,C15 H17 N1 O3,1.0,3.7900000000000005,36,P-1
ZAXJIU,C16 H14 N1 P1 S1,2.0,3.75,33,P-1
PEKTII,C17 H26 O6,1.0,4.9,49,P21/c
QODJEA,"C14 H16 S8 1+,C14 H16 S8,As1 F6 1-",1.0,3.7600000000000002,38,P1
FEVGAR,C14 H19 N1 O3,1.0,3.9,37,P21/c
QAJPUO,C12 H16 Cl2 O2,0.5,3.11,32,P21/c
KOZHIU,C6 H2 N10 O2,1.0,3.4299999999999997,20,P21/c
YOCZOI,C18 H20 O3,1.0,2.91,41,P212121
VELXOB,"C14 H10 Cl1 N3 O6,C3 H7 N1 O1",1.0,5.38,34,P212121
UXAGAE,C17 H15 B1 F2 N2 O2,1.0,4.590000000000001,39,P21/n
FAHYIW,C32 H29 N1 O1,1.0,4.9,63,P21/n
DAJPUA,"C20 H18 Br2 O2,0.5(C10 H20 O1)",2.0,4.12,42,P21
VOLFUZ,"C8 H20 N1 1+,C4 H8 N1 P2 S6 1-",1.0,5.510000000000001,29,P21/c
QOLVAS,C12 H14 Br1 N1 O3,1.0,2.06,31,P21/c
KUCNED,C21 H21 Br1 O6,2.0,3.82,49,P21/c
PEYFOP,C13 H8 Br1 N1 O3 S1,2.0,4.15,27,Cc
ZEMNIS,"C16 H10 N4,C6 F4 I2",1.0,3.55,30,P-1
SOSNAR,C15 H20 F3 N1 O3 S1,1.0,2.9000000000000004,43,P21/c
BAXSAY,C23 H25 Cl2 N1 O2,1.0,5.04,53,P21/c
YOGJOW,C28 H26 N2 O2,1.0,6.239999999999999,58,Pbca
YIZPUT,C15 H14 N4 O3,1.0,3.94,36,P21/n
ZALWOC,"C12 H10 I1 N2 1+,I3 1-",1.0,2.33,25,P-1
MAWKUT,"C9 H16 N1 O1 1+,B1 F4 1-",1.0,5.7299999999999995,27,P21/c
ZADDOX,C21 H20 O6,1.0,6.1000000000000005,47,P-1
YUFJOY,C13 H11 Cl2 N1 O2,2.0,3.2,29,P21/c
QIHPOM,"C6 H3 N2 O6 1-,Cs1 1+",1.0,1.93,17,P-1
IDUNOO,C21 H24 N2 S1,0.5,4.95,48,Pbcn
CAQTIX,C10 H12 B1 N1 O1 S2,1.0,4.6000000000000005,27,Pbca
RUXLEE,C18 H14 B1 F2 N1,2.0,4.32,36,P21
OTEQOV,C14 H15 F3 O1,1.0,3.75,33,P21/n
ABUMOZ09,C6 H4 Cl2,2.0,3.35,12,P21/c
DOHDOW,C20 H20 N2 O1,1.0,3.04,43,P212121
GIKHIS,C13 H17 N3 O2 S1,1.0,5.69,36,P-1
FECTOX,C15 H28 B10 N2 O3 S1,1.0,3.31,59,P21
VEBCEK,C14 H20 I4 N4 S6,0.5,3.71,48,C2/c
EBOXUS,"C12 H18 N1 O1 1+,Cl1 1-",1.0,3.9,32,P-1
CODCAA,C14 H21 N1 O5,1.0,4.65,41,P212121
OBANAK,C17 H15 Cl1 N2 O3 S1,1.0,5.9799999999999995,39,P-1
BUTGAA,C8 H10 O4,1.0,4.3,22,P21
WOTYUC,C9 H8 N4 O7,1.0,3.9699999999999998,28,Aba2
FIQNEZ01,C12 H11 N1 O2 S1,1.0,2.94,27,P21/c
PIXHIR,C13 H13 N1 O1,2.0,4.5,28,P-1
CAGHUP,C10 H9 B1 Br2 F2 O6,1.0,3.37,30,P21/c
AYUFUZ,C15 H16 O3,1.0,2.64,34,P212121
DETBAA02,C8 H12 N2 O3,0.5,5.2,25,C2/c
DIXMUS11,"C32 H16 Li1 N8,I1",0.125,3.95,57,P4/mcc
YIQDAG,C16 H38 N2 P2,1.0,4.49,58,P-1
DAXLOD02,C7 H6 As1 Cl1 S2,2.0,3.11,17,P-1
POVNUL,C32 H26 N2 O1,2.0,7.049999999999999,61,P-1
CEQTIF,C18 H23 Cl1 O2,1.0,2.35,44,P212121
UCEWUY,"3(H4 B4 O9 2-),5(Rb1 1+),Na1 1+",0.16666666666666666,2.54,17,R32
LAWQUV01,C18 H2 B1 F15 O1,1.0,4.29,37,P21/n
BOPMAU,C12 H10 N4 O2,0.5,5.2,28,C2/c
NODJUL,C15 H24 O3,2.0,4.09,42,P21
DUVDAA,C7 H7 Cl1 N2 O1,1.0,4.93,18,P21/c
RIVMOC01,"C30 H32 N2,C6 H12 N2",1.0,5.26,64,P21
OBIVIH,C9 H12 Cl1 N5 O3,1.0,4.109999999999999,30,P21/c
FUTCUS,C20 H30 O2,1.0,3.2,52,P212121
SEMZAM,C11 H9 N5 O2,1.0,4.75,27,P21/n
JIZKEL,C22 H17 Br1 O2,1.0,2.02,42,P212121
YOLKUJ,C18 H13 N1 O2,1.0,3.18,34,P212121
HUHTOX,C31 H26 N2 O2,2.0,5.55,61,P212121
TACFAF,"C13 H17 N2 1+,C20 H17 O8 1-",1.0,6.8500000000000005,45,P212121
DOLBIR31,C2 H5 N1 O2,1.0,3.62,10,P31
MBPIQL,"C12 H14 N2 2+,C6 H6 O2,2(I1 1-)",0.5,3.6,28,P21/c
XUKGUG,"C16 H19 N4 O1 1+,Cl1 1-,2(H2 O1)",1.0,3.81,40,P21/n
RASPAG,C4 H3 I2 N3 O2,1.0,2.55,14,P21/c
ABUYIJ,C19 H19 N1 O2,1.0,5.64,41,P21/c
BISDOY,C14 H12,0.5,4.15,26,Pnma
YAWLIV,C14 H13 N1 O1,2.0,4.21,29,P-1
CISHOD,"C14 H18 N3 1+,C7 H7 O3 S1 1-,2(H2 O1)",1.0,3.46,35,P-1
ATRYMA,C14 H17 N3 O2,1.0,4.9,36,P21/a
PUSHOD,C3 H3 N5 O6,1.0,5.489999999999999,17,C2/c
CUGMUO,C10 H5 N1 O1 S4,1.0,3.15,21,P21/n
PAKRIE,"C16 H16 N5 1+,Cl1 1-",1.0,4.3100000000000005,37,P-1
IDAFID,C21 H20 O1 S1,1.0,5.9,43,Pc21b
KACTIU,"C9 H17 N2 1+,I1 1-",1.0,1.81,28,P21/c
TELJEB,C9 H11 N1 O1 Se1,1.0,2.83,23,P21/n
LORJAD,C11 H14 N6 O7,1.0,6.2,38,P21/c
ACMGHX,C18 H15 Cl1 N2 O5,1.0,5.1000000000000005,41,P-1
AFAYUD,C16 H19 Cl1 N4 O3,1.0,7.1,43,P21/c
KOKPOQ,C18 H19 N1 O1,1.0,3.66,39,P21/n
PENCIV,C12 H8 As1 I1 S3,0.5,3.47,25,Pnma
QIHCAL,"C12 H10 N2,C6 F4 I2",0.5,2.38,24,P-1
PUGDIF,C16 H18 Cl2 N4 O3 S1,1.0,5.26,44,P-1
QORROF,C3 H5 N9 O6,1.0,3.54,23,Pna21
EVEKEZ,C10 H6 N8 O12,1.0,5.88,36,P21/c
ZEHHUP,C17 H12 N2 O1,1.0,4.6000000000000005,32,P21/c
PERYTO04,C5 H12 O4,0.25,2.3000000000000003,21,I-4
WUKGIT,C15 H13 N1 O3,1.0,6.05,32,P21/c
OTIMUB,C13 H17 N1 O1,1.0,5.17,32,P21/n
JEYNAF,C30 H20,1.0,4.84,50,P21/n
PITQUH,C23 H24 N4 O4,1.0,6.98,55,P-1
AFACAP,C14 H9 F3 O1 S2,1.0,3.39,29,P-1
KOPGON,C19 H27 N2 O3,1.0,6.569999999999999,51,P21/c
MOVYOO01,"C7 H12 O4,C5 H5 N3 O1",1.0,3.08,23,P-1
GEWQEI,C17 H20 N4 O2,1.0,3.5000000000000004,43,P21/n
VEYXUT,C9 H14 O1,2.0,4.58,24,P21/c
AJEHIH,C24 H32 N2,0.5,6.4,58,P21/c
ISOVAR,C16 H14 N2 O2,1.0,4.18,34,P21/n
SULCOT,C8 H9 Cl1 N4 O3,2.0,2.91,25,P-1
XEHRAF,"C17 H26 N1 1+,Cl1 1-",1.0,3.47,44,P21
NUFGEB,C13 H13 N1 O1 S1,1.0,4.32,29,P21/n
BEYYOX,C27 H19 F3 N2 O3,1.0,4.47,54,Pbca
REBZED01,C18 H30 S4,0.5,4.46,52,P21/c
URUNUU,C15 H22 F3 N1 O4,2.0,6.25,45,P-1
LEDSOC,C20 H24 O9,1.0,6.4,53,P212121
PUSSII,C20 H22 N2 P2 S2,0.5,5.72,48,P-1
LUQTOI,C17 H20 N8,1.0,5.050000000000001,45,P-1
JOKXIR,C12 H16 O3,2.0,4.39,31,P-1
RORNAP,"C6 H6 B1 Br1 O2,C10 H8 N2,H2 O1",1.0,3.32,20,P21/n
GIFXIG,C28 H30 O2 Si1,1.0,4.73,61,P212121
MOMWEU,"C16 H20 B11 N2 O5 1-,Cs1 1+",1.0,2.73,54,P21/n
HETQIG,C18 H14 S4,1.0,5.54,36,P21/c
HUNTIX,C13 H17 I1 O1,1.0,6.279999999999999,32,P21/c
IRUTUO,C21 H24 N2 O2,2.0,3.52,49,P21
HUGGAV,C15 H16 N4 O5,1.0,5.37,40,P-1
LANVUT,C10 H12 O5,1.0,4.24,27,P21/c
SUQKEU,C3 H9 As1 Cl1 N1 O4 S2,1.0,2.89,21,P21/n
GUXDOV,C21 H16 N2 O2,1.0,5.25,41,P21/c
QOZWIM,"C24 H30 B1 N4 1+,I1 1-",0.5,2.69,59,P21/m
TAJYEI,C14 H18 B1 F5 N2 S1,0.5,4.2,41,C2/c
KHDFRM04,"C1 H1 O2 1-,C1 H2 O2,K1 1+",1.0,3.3000000000000003,5,Pbca
WEXPEY,C27 H24 Br1 N1 O2,1.0,3.52,55,C2
ETOZUK05,C21 H15 N3 O1,1.0,3.9899999999999998,40,P212121
LULGUU,C27 H27 N1 O8 S1,1.0,4.4,64,P21
QEDSAV,C24 H26 O2 Si2,0.5,4.33,54,P3221
WIJMOV,C20 H32 O3,1.0,6.03,55,P21
XEGHIC,"C12 H14 Cl1 N4 1+,C6 H9 O4 1-",1.0,4.94,31,P-1
VOMSEV,C15 H14 Cl1 N1 O1,1.0,4.9,32,P21/c
CILSIB,"C16 H20 O7,1.5(H2 O1)",1.0,3.61,43,C2221
OMUTIC,C36 H26 N2,1.0,3.82,64,P21/c
NUPZOO,C14 H13 Cl2 N1 O2 S1,1.0,5.3100000000000005,33,C2/c
GUQYID,C18 H16 N2,1.0,4.46,36,P-1
ZOPTEH,C17 H15 N3 S1,1.0,3.7600000000000002,36,P21/n
KUKTUH,"C15 H21 N1 O7,H2 O1",1.0,3.39,44,C2
BUVZEA,C23 H31 N1 O3,1.0,4.22,58,P212121
OXOFMB,C10 H12 N4 O6,1.0,4.3,32,P212121
SUJQEW,C23 H28 B1 F2 N3 O1,1.0,4.99,58,P-1
JECREO,C21 H25 N1 O2 S1,2.0,4.6000000000000005,50,P21
MABBOK,C28 H22 N2 S2,1.0,4.21,54,P212121
OPEDAP,C29 H20 O3,1.0,5.41,52,C2/c
MESYIS,"C12 H18 N2 O6,2(H2 O1)",2.0,4.47,38,P1
YOVNUV,C26 H32 O3 Si1,1.0,3.53,62,P-1
YAVSIZ,C14 H16 Cl1 N1 O1,2.0,4.29,33,Pc
PEPXIT,C23 H36 B1 N1,1.0,5.89,61,Pbca
DEJYAU,C18 H19 N1 O5 S1,1.0,4.94,44,P21/c
OXALCH18,"C2 H2 O4,2(H2 O1)",0.5,2.25,8,P21/c
SAMGAO,"C7 H4 Cl1 N1 O2 S3 2-,2(K1 1+),2(H2 O1)",1.0,3.2,18,P21/a
LUGPIQ,C16 H20 O7,1.0,3.9699999999999998,43,P1
OYEWIZ,C9 H9 F1 N2 O2,1.0,4.94,23,Pna21
SOXYIP,C26 H28 N2 O4 S1,1.0,3.55,61,P21/c
ZUGGEQ,C12 H22 O4,1.0,4.53,38,P212121
XUDFUX,"H4 N1 1+,C12 H19 O9 S1 1-",1.0,5.43,41,P212121
BILFOU,C11 H9 N1 O3,1.0,3.6999999999999997,24,Pna21
JUZCEQ,"2(C8 H12 N2),2(C6 H6 O2),C6 F4 I2",0.5,4.83,22,P21/n
FUHKEZ,"C6 H10 N3 1+,C2 H2 Cl1 O2 1-",2.0,5.46,19,P-1
JAWYOY,C14 H10 Br2 N2 O3,1.0,4.74,31,P21/c
BOZBUR,C23 H13 Br2 N3 O1,1.0,6.88,42,R-3c
ICIRUK,C13 H16 N2 O2,1.0,4.91,33,P21/n
EMEKOX,C12 H12 Cl2 F12 N4 O6 P4,2.0,7.25,52,P21
BASRIY,C21 H21 N1 O2,1.0,5.69,45,P-1
VUJDOX,"C4 H6 N3 1+,H2 O2 P1 1-,H2 O1",1.0,4.83,13,P-1
RAXREO,C22 H19 N3 O3 S1,1.0,3.99,48,P-1
REMWOV,"C14 H15 N4 O1 1+,C8 H6 N3 O1 1-",1.0,3.89,34,P-1
OBAJUY,C14 H15 N1 O3,1.0,4.07,33,P-1
CUWDIL,C18 H20 O2,1.0,5.029999999999999,40,P21/c
DEPWED,C23 H25 F1 N2 O3,1.0,2.96,54,P21212
OYULAY,"C17 H17 N2 Se1 1+,C1 N1 Se1 1-",1.0,4.2,37,P21/c
PIRKEJ,C14 H18 O4,1.0,2.58,36,Pna21
RIHRUY,C19 H17 N1 O3,1.0,4.42,40,P21/c
JUTDIL,C19 H24 O6,1.0,5.33,49,P21/n
QQQESP03,C18 H20 O2,1.0,3.71,40,R-3
XUXDIG08,C22 H19 F1 N2 O1,1.0,4.279999999999999,45,Pna21
BUDREA,C24 H12 F5 N7,1.0,4.9,48,P21/c
EFAYIV,C18 H15 Br1 Cl1 N1 O2,1.0,5.15,38,P-1
EJIFEJ,C14 H14 N2 O1,1.0,4.61,31,P21/c
CEDROS,C9 H16 N2 O2,1.0,5.0,29,P21/c
VOQHEQ01,C10 H13 N1 O1,1.0,3.9800000000000004,25,P21/c
EROGEY,C12 H17 N1 O3 S1,1.0,5.9,34,P1
XOQFOB,C29 H30 O4 S1,1.0,4.05,64,P21/n
FIHVEY,C17 H29 N1 O5,1.0,6.01,52,P-1
PAVTUF,C32 H22 Cl2 N3 O2 P3,1.0,4.16,64,P21
SENMEF,C12 H9 N3 O1 S1,1.0,4.31,26,P21/c
GANTOF,C27 H21 N3 O3,1.0,3.2,54,P21/n
BASXIF,C19 H14 N2 O1,1.0,6.09,36,P21
PIMSOV,C24 H6 F18 N2 S2,1.0,4.45,52,P-1
HOCKAN,C16 H21 N1 O4 S1,1.0,3.6999999999999997,43,P-1
AFABIW,C19 H22 O7,1.0,4.14,48,P212121
GAFJUV,"C13 H14 N4 O1 S1,H2 O1",1.0,3.84,33,P21/c
XAGWIN,C16 H23 N3 O2,1.0,5.0200000000000005,44,P21/c
CUGHIW01,C18 H20 N2 O4,2.0,6.76,44,Pc
YAWCIK,C16 H19 N1 O2,1.0,4.16,38,P-1
FEQPAV02,C6 H7 F2 N3 O3,1.0,4.08,21,P21/c
XIBKIC,C28 H29 N1 O3,1.0,6.3500000000000005,61,P21
MSULIN47,C11 H10 O2 S1,1.0,1.2,24,P212121
FETCOY,"C15 H28 N2 O2 2+,2(Cl1 1-)",1.0,4.67,47,P212121
DUZNIZ,C24 H22 I1 N1,2.0,2.06,48,P21
HEABZQ01,C10 H14 N2 O4,0.5,4.02,30,P21/n
ZINWAU,C15 H26 O2,1.0,5.0,43,P43212
BOJQAU,C15 H20 O4,1.0,3.34,39,P212121
CIBMEH,C23 H20 Cl1 N3 O4,1.0,4.05,51,P21/c
MAYWUG,C13 H13 Br1 O2,1.0,2.06,29,P21/n
DEGYOG,C14 H19 B10 Cl1,1.0,4.52,44,C2/c
ROLNIP,C11 H17 N1 O6,1.0,3.88,35,P21
SOQNOC,"C2 H4 N6 O2,H2 O1",1.0,3.56,14,P21/n
BIXYIR,C23 H26 O6,1.0,3.0,55,Pna21
YODDUR,C13 H8 Cl3 N1 O1,1.0,2.74,26,Pca21
RAYCIG,C21 H23 N1 O1,2.0,6.5436,46,P-1
XAYQUL,C17 H17 N3 O2 S1,1.0,4.49,40,P212121
TGLYSU38,"2(C2 H6 N1 O2 1+),C2 H5 N1 O2,O4 S1 2-",1.0,2.82,11,P21
JIZTEU,C22 H19 N1 O3,1.0,5.46,45,P21/c
TUDZOI,C18 H29 N3 O11,1.0,4.36,61,P212121
JAMLER,C18 H23 N3 O3 S1,1.0,4.34,48,P21/c
KAKJEM,C20 H21 N1 O5 S1,1.0,4.29,48,P21/c
ABADOY,"C6 H9 N2 O2 S1 1+,N1 O3 1-",1.0,2.49,20,Cc
ENIVEC,C28 H16 Br2,1.5,6.42,46,C2/c
IYIZOH,C14 H11 Br2 N1 O2,1.0,4.44,30,P21/c
ACILEH,C31 H26 B1 N1 O2,1.0,6.15,61,P21/n
HUQQER,C28 H22 O1 P2,1.0,4.590000000000001,53,P21/c
FAPXIF,C23 H20 N2 O2,1.0,4.24,47,P21/c
USUZER,C21 H23 N1 O1,1.0,3.5999999999999996,46,P212121
DOTDOG,C20 H16 O3,1.0,4.3500000000000005,39,P21/c
UVOVUX,C8 H14 N2 O1,1.0,4.03,25,Pna21
WUKFIU,"C13 H12 N1 1+,C2 H1 O4 1-",1.0,6.2700000000000005,26,P-1
COYRIR,C13 H16 N2 O2,1.0,6.5,33,P21
CEZPED,C19 H13 Cl2 N1 O1,1.0,5.5,36,Pbca
EZOYAX,"C15 H11 Br2 N2 1+,B1 F4 1-",0.5,1.68,30,C2/c
SAVSOX,"C3 H7 N1 O5 P1 1-,C3 H10 N1 1+",1.0,2.16,17,P21
GIMXOS,"C16 H19 F1 N3 O3 1+,C19 H15 Cl1 N1 O4 1-,H2 O1",1.0,5.029999999999999,42,P21/n
KEQKUN,C35 H24,1.0,3.6,59,Pca21
INUQAM,"C32 H23 N1 O5,0.5(C3 H6 O1)",2.0,4.01,61,P21
ZOHQAS,C17 H11 N5 O11,1.0,3.02,44,P21
MUZDES,C19 H12 N2 O3,1.0,4.83,36,C2/c
CETNIB,C17 H21 N1 O4 S1,1.0,3.4299999999999997,44,P21/n
EZOMEL,C29 H22 O1,1.0,4.79,52,P21/c
XIFBIB,C14 H17 B1 N2 O3,1.0,3.4099999999999997,37,P-1
TOVSOO,C12 H21 B1 N1 P1,1.0,3.83,36,P212121
AWUSOA,C29 H16 N4,1.0,6.640000000000001,49,P21/n
VUVKEG,C24 H24 O4,0.5,3.92,52,P21/c
SEMHAU,C18 H14 O5,1.0,4.24,37,C2/c
NECMIS,C17 H26 O2 S1 Si1,1.0,3.86,47,P21/n
LENDOB03,"C7 H11 N2 1+,C8 Cl2 N2 O2 1-",1.0,5.489999999999999,20,P21/n
POBBEN,C4 H6 Cl3 N1 O5 S2,2.0,3.1,21,P21/n
LAHQAO,"C17 H12 O4,H2 O1",1.0,5.41,33,P21/n
SUMYAA,C21 H26 N2 O8,1.0,3.84,57,P-1
DOFZEH,C29 H26 N2 O1,1.0,4.19,58,P-1
WISCUA,C17 H16 O1,1.0,4.17,34,C2/c
EQIDAN,C20 H19 N1 O3,1.0,6.59,43,C2/c
TOTXAB,C10 H14 I4 N4 S2,0.5,5.05,34,C2/c
BANQMO10,"C10 H6 Br1 N1 O2,C1 H4 O1",1.0,4.5,20,P21/c
ZIPJER,C24 H24 N2 O4,1.0,5.41,54,P-1
ZOFPOC,"C20 H16 O8,H2 O1",1.0,3.38,44,P21
QUFLAH,"C4 H8 N3 O1 1+,H2 B1 O3 1-",1.0,4.95,16,C2/c
QIHYAL,C8 H24 B4 Br2 N4,2.0,6.710000000000001,42,P21/c
HOTBEA,C15 H14 O2,1.0,4.89,31,Pbca
TIMPAI,C15 H12 O3,1.0,4.18,30,Pna21
XUCWAW,C22 H17 Cl1 N2 O3,1.0,2.9000000000000004,45,Pna21
CUXKOZ,C22 H13 F4 O2 P1,2.0,4.51,42,P21/c
PERSUD,"C6 N8 O8 2-,2(C1 H7 N4 1+)",0.5,4.130000000000001,22,P2/n
NEJJIX,C19 H16 N2 O5,2.0,5.19,42,P-1
ZUFYEG,C12 H12 O2,0.5,3.5700000000000003,26,P21/n
CAKFAV,"C10 H18 N2 O6,H2 O1",1.0,2.5,36,P21
IBEWIA,C21 H23 N3 O3,1.0,3.88,50,P21/n
ADIPOT,C8 H11 N1 O4,1.0,3.23,24,P212121
MIFVUT,C13 H13 N5,1.0,5.76,31,P-1
QILSUB,C19 H24 O9 S1,1.0,4.21,53,P21221
SAWCAV,C28 H24 N2 O5,1.0,4.22,59,P31
DEJDAB,"C4 H2 N8 2-,2(H4 N1 O1 1+)",0.5,3.5900000000000003,14,P-1
IKODIZ,C14 H8 F3 N1 O1 S2,1.0,4.38,29,P212121
ZESYUT,C16 H18 N4 S1,1.0,5.86,39,P21/n
SEDTUQ20,C2 H4 N4 O4,1.0,3.34,14,P21/n
XAMFEA,C13 H10 N4 O6,1.0,5.319999999999999,33,P21/c
DIRQIE,C12 H14 N2 O4,1.0,4.86,32,P21/n
SUCSIW,C16 H24 O7,1.0,2.67,47,P21
MUDZAN,C22 H16 Br1 N1 O1,1.0,3.8000000000000003,41,P212121
LUCXEP,C20 H19 N1 O4,1.0,2.48,44,P212121
XISGIR,C17 H15 Cl1 N4,1.0,5.27,37,P21/n
KENCIQ,C16 H10 N2 O1,1.0,3.79,29,Pca21
DPACTM,C14 H13 N1 O1,1.0,5.9,29,Pbca
IYUVUW,C12 H13 Br1 O3,1.0,1.83,29,P21
ERAVEY,"C6 H6 N1 O2 1+,C6 H5 N1 O2,I1 1-",0.5,4.3500000000000005,15,C2/c
NUQQUN,"2(C2 H7 N4 S1 1+),C3 H2 O4 2-",1.0,4.31,14,C2
SAKPEC,"C23 H29 F1 N3 O5 1+,C18 H28 O7,F6 P1 1-",1.0,3.66,61,P21
EYIFEZ,C10 H12 N4 O3,1.0,3.42,29,Pca21
VEMMAE,C15 H26 O2,1.0,5.8999999999999995,43,P21
SACRAP,C22 H28 O3,1.0,3.5,53,P212121
QQQDIA01,C6 H4 O3 S2,1.0,3.3300000000000005,15,P-1
FAZZIR,C9 H11 N3 S2,1.0,4.32,25,P-1
OKOLEJ,C19 H14 N2 O2,1.0,3.34,37,I2/a
QEMXAL,C10 H11 N1 O3,1.0,1.31,25,P21/c
NODBEP,C26 H23 N1 O6,1.0,5.17,56,C2/c
GAQZAB,C17 H18 N2 O4,2.0,5.37,41,P21
IKAXAW01,C10 H12 N2 O4,0.5,3.55,28,P21/c
CUSHOO,C15 H17 N1 O4,1.0,5.83,37,P21
EYOSIY,C22 H24 F2 N2 O3,1.0,6.78,53,P-1
PEHQUS,C21 H20 O4,2.0,5.55,45,P21
ALITOL01,C6 H14 O6,0.5,4.0,26,P21/c
OKOWOD,C25 H24 Br1 N5 O5,1.0,4.05,60,P212121
CIVLAU02,C11 H14 O6,1.0,3.3000000000000003,31,Pbca
ENIBUZ,"C14 H13 N3 O4 S2,C5 H8 O4",1.0,3.38,36,P-1
LUQJOY,"C13 H11 N2 O3 1+,Cl1 1-",1.0,3.64,29,P-1
EKAZUO,C14 H10 F1 N1,1.0,6.18,26,P21/c
ZILJOX,"C24 H34 N4 O2,C24 H34 N4 O2,H2 O1",1.0,4.8500000000000005,64,P-1
BOPQUU,C13 H14 N2 O4,1.0,4.92,33,Pca21
OHEDIR,C12 H15 I1 O2,1.0,5.1499999999999995,30,P212121
CIQKUJ,C9 H7 N1 O1,1.0,4.23,18,P21/n
GASQIE,C14 H11 Br1 Cl1 F1 I1 N1 O2,2.0,3.44,32,Pca21
DIBENZ06,C14 H14,0.5,4.2,28,P21/n
WINLAK11,"C4 D8 O2,2(Cl1 I1)",0.25,4.31,14,C2/m
EHAREL,"C22 H32 O6,H2 O1",1.0,3.72,60,P21
SIWBIK,C26 H8 F15 N1 O1 Si1,1.0,3.44,52,Pbca
QAGROK,C14 H18 O4,1.0,3.9,36,P21
VECKIY,"C8 H20 N1 1+,C8 H4 F3 O2 S1 1-",1.0,5.3,29,P21/c
NUMJOW,"C6 H6 Br1 N1 O2 S1,C5 H9 N1 O1",1.0,3.4799999999999995,17,C2/c
WUNKOJ,C21 H26 O5,1.0,2.6599999999999997,52,P212121
LOQXEX,"C8 H1 F4 O4 1-,C6 H8 N1 1+",1.0,4.279999999999999,17,P212121
EDAVEK,C15 H10 F6 N2 O2,1.0,5.86,35,C2/c
UHECES,"C18 H24 N2 O3 S1,2(H2 O1)",2.0,4.760000000000001,48,Pn
UZOWAI,C11 H8 O3,0.5,4.78,22,C2/c
FICZEA,C29 H27 N1 O3 S1,1.0,4.54,61,P21/c
XOWKEB,"2(C15 H15 N1 O2),C10 H8 N2",0.5,4.06,33,P-1
XETZAZ,C8 H8 N4 O2,1.0,3.3000000000000003,22,P21/n
PAVFID,C14 H13 N1 O2,1.0,3.69,30,P21/c
EYESIM,C24 H21 O4 P1,1.0,3.17,50,P21/c
TUNYIM,C5 H7 N3 O3,1.0,4.74,18,P21/n
MAKSEW,C19 H19 N3 O4,1.0,4.0,45,P21/n
OXALDH87,"C2 H2 O4,2(H2 O1)",0.5,1.39,8,P21/c
HUFQOQ01,C20 H31 N1 O1,1.0,6.460000000000001,53,P21/n
ELUKIG,C25 H31 N3 O3,1.0,4.67,62,P-1
LANWEE,C21 H20 O3,2.0,6.2,44,P-1
VUYWUI,C12 H10 N2 O3,1.0,5.32,27,P21/c
UVEGUY,C19 H21 Br1 N2 O2,1.0,4.99,45,P21/c
TANQUY,C18 H18 N2 O3 S1,1.0,6.02,42,P21/n
UBAVEA,C16 H16 O5,1.0,5.48,37,P21/n
TARTEL,C5 H8 Cl2 N3 P1,1.0,2.56,19,P21/n
KUHJIJ,C21 H17 N1 O1,1.0,4.79,40,Pbca
AXIKUO,C12 H19 I1 O2,1.0,3.9,34,P21/c
VAYTOE,C15 H12 N2 O2,1.0,3.45,31,P21/c
TESMAG,C11 H18 O3,1.0,3.91,32,C2/c
CUKCAM01,C7 H4 N2 O6,1.0,4.2,19,P21/c
DUCXUX,C22 H21 N1 O3 S1,1.0,4.22,48,P21/c
TIYZAE,C22 H32 O2,1.0,2.86,56,P21
WUPVIQ,C20 H18 N2,1.0,4.19,40,C2/c
TCMAPZ10,C6 H18 Cl3 N6 P3,1.0,5.1000000000000005,36,P21/a
CIBQEN,"C27 H20 F3 O1 S1 1+,C1 F3 O3 S1 1-",1.0,2.67,52,P-1
OMUNOA,C20 H13 N1 O2,1.0,5.72,36,P21/n
FETNAX,C21 H21 F3 N2 O1 S2,1.0,3.84,50,P-1
ETOGOM,"C18 H36 K1 N2 O6 1+,C28 H21 N2 1-",1.0,5.13,63,Pbca
CIVRUV,C10 H10 N4 O1,1.0,4.3,25,P21/n
QOYROP,C16 H11 Br2 N1 O1,2.0,4.8500000000000005,31,C2
HILSAX02,"C8 H4 O4 2-,2(C3 H5 N2 1+)",0.5,4.3,16,P21/n
DOSKIG01,"C22 H25 N2 O1 1+,F6 P1 1-",1.0,3.62,50,P212121
AGIKIN,C11 H12 B2 Br2 N2 O2,1.0,2.09,31,P21/c
IPIBOB,"C25 H21 N1 O4,C4 H8 O1",1.0,4.130000000000001,51,P32
CARYIH,C33 H19 N1 O2,1.0,4.33,55,Pbca
FOZWEY,C23 H20 N2 O2,1.0,5.8500000000000005,47,P21/c
UWAWOH,C13 H14 N2 O3 S1,1.0,3.73,33,P212121
KUNGEF,C26 H22 O2,0.5,4.4,50,P21/n
EHMPYX10,C14 H18 N2 O3,1.0,6.8,37,P21/c
JOXXEZ,C19 H23 N1 O4,1.0,3.71,47,P212121
QEYQUI,C14 H9 Cl1 N4 O2,1.0,3.5900000000000003,30,P21/n
CYHCAC12,C8 H12 O4,0.5,3.52,24,C2/c
MUHDAX,C14 H16 O4,1.0,4.2700000000000005,34,P21/c
EJIWID,"C18 H10 Cl2 O2,2(C6 H18 N3 O1 P1)",0.5,3.25,32,P-1
MIKTUY,C16 H19 F3 I1 N1 O1,2.0,3.1199999999999997,41,P212121
EYEQOR,"C23 H14 N6,C4 H8 O2",1.0,4.3,43,P21
UWEJUC,"C4 H2 N12 O4 2-,2(H4 N1 1+),2(C2 H6 O1 S1)",0.5,4.0600000000000005,22,P-1
SEBGUF,C30 H16 F2 N2,0.5,3.9,50,P-1
GUMFUS,C5 H10 O2 S1,2.0,3.01,18,P-1
TASDEA,C16 H16 O4 S1,1.0,5.12,37,P21/n
GOWSAQ,C30 H27 N1 O2 S1,1.0,3.58,61,P21/n
XULHUJ,C17 H16 N2 O5,1.0,5.0200000000000005,40,P21/c
POLCEY,"C17 H20 N1 O1 1+,Cl1 1-",1.0,4.9,39,P-1
TIDDAL,C15 H30 N8 O3,1.0,5.8,56,P-1
MORBOK,C22 H40 P2,1.0,5.14,64,P-1
WEPZEA,C15 H16 N4 O5 S1,1.0,5.07,41,P21/c
BEZLUO,C22 F14,0.5,6.4,36,P21/c
WULTOQ,C26 H31 N3 O1 S1,1.0,6.17,62,P21/c
SOFVUG01,C6 H4 Br2,2.0,5.140000000000001,12,P212121
SOQSAV,C24 H32 Br1 N3 O2,1.0,5.11,62,P21/n
KUXLEY,C16 H12 Cl2 N2 O2,1.0,4.42,34,P21/n
JOBVON,C12 H8 Br1 Cl1 N2 O3,1.0,3.39,27,P21/c
OCIDOV,C16 H23 B10 Br1,1.0,3.25,50,P21/n
JIZGUU,C14 H20 Cl2 O3,1.0,4.12,39,P212121
VURYEQ,C12 H18 B10 N2,1.0,3.53,42,P21/c
PEXZAU,C18 H16 Br1 N3 O2,1.0,3.5500000000000003,40,P21/n
ETEBOW,"2(H4 B1 1-),Sr1 2+",0.5,4.38,5,P41212
HABREL,C24 H20 N2 O1,2.0,5.8999999999999995,47,P21/n
OVETAO,"C12 H12 N2 2+,2(Cl1 1-)",0.5,3.0300000000000002,26,P-1
DIQBUD,C19 H19 I1 N2 O2,1.0,6.34,43,P212121
MIGDIP,C19 H19 N1 O7,1.0,5.26,46,P21/n
NBZOAO06,C7 H5 N1 O4,1.0,4.95,17,P21/c
REXGOS,C14 H24 F3 N1 O6 S1,1.0,4.55,49,P21212
ESUTIZ,C7 H5 Cl4 N1 O1 Se1,1.0,2.29,19,P21/n
UBUTAM,C25 H34 N2 O2 S1,1.0,4.29,64,P212121
KARCUC,C14 H24 O4,0.5,5.04,42,P-1
KOPBAV,C23 H19 F3 O3 Se1,1.0,4.52,49,P21/c
ASULEG,C27 H22 O7,1.0,4.01,56,P-1
WIFBAR01,C12 H20 O5,1.0,7.290000000000001,37,P21
SOWPUS,"C24 H20 B1 1-,C9 H18 N3 O2 S1 Si1 1+,C6 H6",1.0,3.55,45,P212121
DUQGIJ,C19 H18 N2 O3 S1,1.0,6.78,43,P-1
PUYWIP,C16 H16 N2 O1 S1,1.0,5.3100000000000005,36,P21/c
VUDTUM,C16 H18 B2,0.5,4.73,36,P-1
YIVBUC,C20 H24 P2 S2,1.0,3.18,48,P21/c
BUTSAL,C11 H14 N2 O1 S1,1.0,3.88,29,P21/c
ACABUG,C10 H13 N7 O2,1.0,4.65,32,P21/c
AZURIY,"C25 H22 P1 1+,2(C2 H6 O1 S1),Br1 1-",1.0,6.15,48,P-1
HORTIR,C12 H18 N2 O2 S2,1.0,5.28,36,P21/c
AKAZIZ,C20 H18 N2 O2 S2,1.0,3.58,44,P-1
WOYPEH,"C7 H7 N1 O2,C6 H7 N1",1.0,3.8,17,Pc
SUYKEG,C26 H20 N2 O1,1.0,6.4,49,P21/c
JIMHAP,C14 H18 O4,1.0,2.67,36,P212121
WETWEX,C25 H31 N1 O5,1.0,4.7,62,P21
TAJGAP,C23 H17 Cl2 N1 O1 S1,1.0,4.61,45,P-1
ROJSOB,C17 H18 Cl2 N2 O1,2.0,4.54,40,Pca21
KOYPIB,C19 H26 B1 F1 N2 O1,2.0,3.7600000000000002,50,P-1
XIMKUA,"C4 H2 N3 O4 1-,H4 N1 1+",1.0,5.39,13,P-1
NAJSID,C28 H21 O3 P1,1.0,3.2199999999999998,53,P-1
APUDAR,C24 H26 Br1 N1 O6,2.0,2.58,58,P31
HUVZOP,C15 H24 N2 O9,0.5,5.1,50,C2
REJNOJ,C21 H20 N2 O4,1.0,5.5,47,C2/c
COKYEI,C14 H12 N8 S2,1.0,3.9,36,P21
NELQEA01,C12 H18 O6,2.0,6.24,36,P21
VOCTAK,C12 H12 N2 O1,2.0,3.7800000000000002,27,P-1
NUXPOP,C12 H7 Br1 Se1,1.0,2.76,21,P21/c
XADBUC,"H4 N1 O1 1+,C6 H2 N5 O4 1-,H2 O1",2.0,4.01,17,P21
NISROX,C10 H10 Cl2 N2 O2,1.0,3.52,26,Pbca
CUCSOJ,C15 H25 N1 O3 S1,2.0,4.54,45,P41
OYOQEA,C15 H18 N2 O4 S1,1.0,2.3,40,P21
RADTEW,C16 H8 Br2 N2,1.0,2.59,28,P-1
FOWLEI,C18 H15 B1 O3,1.0,4.1,37,P21/n
FAXJAP,C19 H17 N1 O2,1.0,3.9,39,P21/c
TUZMEJ,C5 H5 I2 N1 Te1,1.0,2.86,14,P21/n
PUZRIP,"C2 H4 N4 O1,H4 N1 O1 1+,N5 1-",1.0,3.5700000000000003,11,C2/c
YEBMOJ01,"C8 H11 N2 1+,Br1 1-",1.0,2.4299999999999997,21,P21/n
ERAPEW,C15 H10 Cl1 N1 O1,1.0,2.83,28,P212121
QEHKUM,C29 H24 Cl2 N2 O6,0.5,4.1000000000000005,63,P21/m
QEVZOG,C15 H18 O4 S2,1.0,4.5,39,C2/c
CIZRAE,"C13 H11 N3 O1,H2 O1",1.0,3.4,28,Pbca
IMEWOQ,"C34 H16 N4 S4,2(C1 H4 O1)",1.0,6.15,58,P-1
WAVJUC,C18 H22 F3 N1 O4,1.0,6.4399999999999995,48,P21/n
FICBEA,"C8 H14 O4,2(C8 H8 N2 S1)",1.0,5.5,26,P21/c
GOZBUU,C33 H23 N5 P2,1.0,6.2700000000000005,63,P-1
NADMIS,C16 H16 S2,1.0,2.53,34,P21/c
HUKJUS,C16 H20 N4 O2,1.0,3.91,42,C2/c
PIQSUF,C28 H27 N1 O3,1.0,3.29,59,P212121
RABXUS,C19 H12 N2 O1,1.0,3.7900000000000005,34,P-421c
INEFEQ,C14 H15 N3 O1,1.0,3.58,33,P21/n
DIHGEG,C22 H24 N2 O4,1.0,3.7,52,P21/c
SAWQAM,"C23 H18 O6,C2 H3 N1",1.0,5.29,47,P-1
QUVKOK,C16 H17 Cl1 N2 O4,1.0,4.32,40,P21/n
VISRIY01,C15 H16 O8,1.0,5.0,39,P212121
VAMYUH,C36 H20,1.0,3.5999999999999996,56,P-1
MIWLIP,C29 H27 N1 O4,1.0,4.75,61,P-1
MEKMAT,C16 H20 N2 O2,1.0,4.5600000000000005,40,P21/c
ESUSIX,C16 H14 F2 O3,1.0,6.9,35,P21/n
KONWER,C19 H20 N4 O2,1.0,6.58,45,P21/c
TUNVUT,C22 H32 Si2,1.0,4.26,56,P-1
OWOJIV,"C3 H8 N2 S1,C4 H9 N1 O1",1.0,3.2099999999999995,15,P-1
EQULEK,C15 H12 O2 S1,1.0,3.6700000000000004,30,C2/c
QAKXOQ,C10 H15 N1 O2,1.0,3.97,28,P212121
VAWHUY,C13 H15 Cl1 N2 O2,2.0,5.57,33,P21/n
IPAPUO,C18 H24 N2 O1,1.0,5.82,45,Pna21
VOXFAP,C17 H17 N3 O2,1.0,3.1,39,P212121
YIHYEX,C20 H18 F3 N1 O4,1.0,3.5700000000000003,46,C2/c
RIZDUA,C18 H18 O2 S1,1.0,5.05,39,Pna21
MUYROO01,C12 H8 F2 N2 O2,1.0,7.38,26,P-1
RABVID,C23 H11 Br1 O3,1.0,3.0,38,P21/c
TOHMIQ,C14 H13 Br1 O3,2.0,2.26,31,P21
XINBIG,C10 H14 N4 Se1,1.0,1.77,29,P-1
ZIBBAR,"C23 H20 N2 O2 S1,0.5(H2 O1)",1.0,4.8,48,C2/c
HOXZAV,C14 H13 N2 P1 S3,1.0,3.46,33,P21/n
JANPIB01,C18 H22 N4,0.5,5.81,44,P21/c
ZIPHEO,"C6 H6 N2 O1,C8 H8 O3",1.0,4.03,19,P21/c
GEPWED,C17 H22 N2 O2 S1,1.0,6.3,44,P21/n
SMALAT10,"C4 H2 O4 2-,2(Na1 1+),H2 O1",1.0,3.3000000000000003,10,C2/c
KOTYOH,C22 H24 O4,1.0,5.0,50,P21
IJETEW01,"C6 H4 S4,C18 H7 N5 O8",1.0,6.5200000000000005,38,P21/n
HUGDIX,C16 H16 N2 O6 S2,0.5,3.2,42,P21/c
HISZIV01,C16 H12 N4 O3,1.0,3.8899999999999997,35,P21/c
INESAV,C17 H21 N1 O3 S1,1.0,5.03,43,P21/n
SABPIV,C11 H13 N3 O1,1.0,4.21,28,P21/c
EYULUJ,"C22 H23 N2 O2 1+,Br1 1-",0.5,4.42,49,P2/c
SOYMEZ,C12 H17 N1 O4,1.0,6.6000000000000005,34,P-1
BAMMUB,"C14 H2 F8 O4,2(C4 H10 O1)",1.0,4.37,28,P21/c
BIZYUH,"C6 H6 N12 O12,2(C6 H6 N4 O6)",0.5,5.6000000000000005,36,C2/c
KEWREN,C7 H10 O3 S1,2.0,2.55,21,I2
XIVBUB,C18 H15 N3 O3,1.0,4.67,39,P21/c
XAXFUA,C30 H19 F6 N1,1.0,4.16,56,P-1
KEQMAW,C23 H18 I1 N1 O1,1.0,2.57,44,P21/c
URUJAW,C27 H24 F3 N1 O2,2.0,6.36,57,Pca21
TEFRUV,C15 H11 N5 S1,1.0,4.8500000000000005,32,Pbca
RACXIH,C16 H8 N4 S1,1.0,3.5700000000000003,29,P21/c
EYABIP,C18 H20 N1 O3,1.0,4.57,42,P212121
ESICEO,C22 H22 S1,1.0,4.04,45,P21/c
WUFLOB,C13 H18 F3 N1 O3 S1,1.0,2.4699999999999998,39,P212121
BECPOS,C7 H5 B1 F2 O2,1.0,6.13,17,P21/c
SAPLEB,C14 H15 N1 O2 S1,1.0,4.43,33,P21/c
IBANEJ,"C20 H20 P1 1+,C4 H12 N1 O7 P2 1-",1.0,2.96,41,P-1
NSTYRO02,C8 H7 N1 O3,1.0,4.47,19,P21/c
TEJJAU,C18 H20 N2,0.5,4.3,40,P21/n
OBENUH,"H12 Mg1 O6 2+,2(C8 H6 N1 O4 1-),2(H2 O1)",1.0,4.279999999999999,19,P21/n
POSSOG,"C18 H23 N6 1+,I3 1-",1.0,2.65,47,P21/n
MOFWEN,"C5 H7 N8 O2 1+,0.5(O4 S1 2-),H2 O1",2.0,6.21,22,P-1
XIYXOT,C14 H12 Cl1 N1 O1,1.0,4.24,29,P43
YIMVAV,C11 H15 N1 O5 S1,2.0,4.1000000000000005,33,P-1
SIRGUY,C19 H11 N3,1.0,3.0,33,Pbca
WIGBOF,"C12 H14 N2 2+,C8 H6 O8 2-,2(H2 O1)",0.5,4.109999999999999,28,P-1
MUCLIH,C19 H24 O5,1.0,6.069999999999999,48,P21/c
YUYHEH,C19 H19 N3 O7,1.0,4.17,48,P21
HINBOY,C13 H10 N2 O2 S3,1.0,5.949999999999999,30,P21/c
LOPRIS,C24 H31 N3,1.0,5.5600000000000005,58,P-1
RAZKUA01,C32 H18 O2,0.5,4.96,52,P21/c
TUPZUD,"C22 H22 N4 2+,2(F6 P1 1-)",0.5,4.5600000000000005,48,P-1
HINJEX,"C12 H9 N3 O1,C7 H4 F2 O2",1.0,6.79,25,P-1
KECKIP,"C12 H10 N4 O1,C3 H4 O4",1.0,3.7900000000000005,27,P-1
VIVFUE,C28 H25 N1 O2,1.0,6.12,56,P2/n
UPERIT,"2(C16 H22 B1 O1 P1),C16 H19 O1 P1",1.0,6.58,41,P21/c
AZUXEC,"C5 H8 N7 1+,Cl1 O4 1-,H2 O1",1.0,2.67,20,P21/n
ZEXSIE,C14 H16 O5 S1,1.0,4.96,36,P21/c
RIRQOA,C18 H19 N1 O4 P2,1.0,3.74,44,P-1
ZOVQUA,"C16 H23 N2 1+,C1 H3 O3 S1 1-",2.0,2.68,41,Pca21
QEVRAN,"C14 H8 O6,C2 H6 O1 S1",1.0,4.38,28,P21/c
RASZAQ,"C6 H14 N1 O2 1+,C7 H7 O3 S1 1-,H2 O1",1.0,3.1199999999999997,23,P21
NILCIV,C6 H10 O6 S1,1.0,3.0100000000000002,23,P212121
GUDLIE,"C11 H12 O5,2(C2 H4 N4)",1.0,5.92,28,P-1
FUWMEQ,C21 H13 Cl1 N2 O2,1.0,5.01,39,P21/c
SEYBUT,"C12 H24 K1 O6 1+,C18 H14 F5 Si2 1-",1.0,3.4,43,P1
XIGTUF,C15 H18 O6,1.0,6.329999999999999,39,P21
YANQOV,"C14 H10 O4 Se2,2(C5 H3 N3 Se1)",0.5,2.67,30,P2/n
XINYIG,C25 H17 N1,2.0,5.19,43,P-1
JAKFIK,C15 H16 O3,1.0,4.5,34,P-1
ECEWEO,C21 H28 O4,1.0,4.2,53,P1121/b
DAWDIS,C21 H25 N1 O1 S1,1.0,4.05,49,Pna21
HUWWIJ01,"C6 H16 N2,7(H2 O1)",0.5,2.53,24,C2/c
UBUWOG01,C12 H11 N3 O1,1.0,5.510000000000001,27,Pna21
UMINEJ,"C12 H10 N2,C6 H10 O4",2.0,5.46,24,P-1
WUNKAR,C14 H10 F6 N2,2.0,4.0,32,P-1
MOZNIZ,"C21 H16 N3 O2 1+,Cl1 1-",1.0,6.24,42,P21/c
MOBYOR,"C6 H16 N2 2+,2(C4 H5 O5 1-)",1.0,4.1,24,P1
CAPPOB,C25 H25 Br2 N1 O6,1.0,5.99,59,Pbca
CUKJOJ,C18 H22 N5 P1,1.0,2.88,46,P21/c
JUWYIM,C8 H10 N8 S2,1.0,2.23,28,Cc
QEWSAN,C26 H22 O4 S2 Si2,0.5,4.98,56,P21/n
PILJIE,"C18 H18 N2 O2,C1 H4 O1",1.0,4.3100000000000005,40,P21/n
AVEYAD,C24 H16 Cl2 F4 N3 P3,1.0,4.14,52,P21/c
ZARTIY,C19 H24 N2 O2 S1,1.0,3.9899999999999998,48,P21
IJUXIV,C18 H20 Cl1 N3 O2,2.0,7.46,44,P-1
XIFLII05,C12 H12 N4 O3 S1,2.0,4.71,32,P-1
NENSAC,C14 H11 Cl1 N2 O1,1.0,5.07,29,Pbca
JALDEI,"2(C29 H22 N2 O1),C10 H2 N4",0.5,7.02,54,P21/c
ZODVUN,C4 H4 F4 N8 O10,0.5,3.3000000000000003,30,C2/c
DAKYEU,C18 H17 N1,1.0,4.32,36,C2/c
NIBHOX,C31 H20 Br2,0.5,5.8500000000000005,53,P41212
MAKVUS,C18 H15 Cl1 N2 O2,1.0,3.46,38,P-1
YICLOP,C20 H22 N2 O3,2.0,5.48,47,P21
VUQBEP,C20 H22 O2 S4,1.0,3.44,48,P21/n
BORQAB01,C24 H18 N2 O2,1.0,3.62,46,Pbca
NEXWIW,"C20 H22 O7,0.5(H2 O1)",2.0,4.6000000000000005,49,P1
CUMNEE,"C16 H10 O8,2(C12 H10 N2)",0.5,6.04,34,C2/c
DULLIG,C25 H19 N2 P1,1.0,3.67,47,P21/c
FURLUD,C13 H14 Cl1 F7 O1 S1,1.0,4.3999999999999995,37,P21/c
NETLOP,C16 H22 N2 O3,1.0,4.92,43,P21/n
MSULIN36,C11 H10 O2 S1,1.0,1.51,24,P21/c
JOTNOV,C20 H16 O4 S2,1.0,4.4,42,P21/n
ZUNNUV,C18 H19 N1 O3 S1,2.0,4.35,42,P21/n
BEQVIG,C13 H22 O2 Si1,1.0,4.44,38,Pbca
VAVROA,C23 H24 N4 O4,1.0,3.1,55,P212121
NUQKUG,C15 H13 Cl2 N1 O1 S1,1.0,3.8000000000000003,33,P-1
YIRJIT,C14 H11 Cl1 O2,1.0,3.44,28,P21/c
WOHREU,C22 H26 O4,1.0,3.9899999999999998,52,P212121
RENKAY01,C15 H19 N3 O2,1.0,3.65,39,P21
NILCAN,C6 H10 O4 S1,1.0,2.41,21,P212121
ROCMAY,C11 H16 O2,1.0,3.94,29,P21
KORKIN,C17 H13 N1 O3 S1,1.0,5.84,35,Pc
TISFIO,C9 H6 F1 N1 O1,1.0,3.3000000000000003,18,P21/c
FAFWER,C17 H14 F2 N2 S1,2.0,3.37,36,P21/c
PUDGON,C28 H20 Br1 N1 O1,1.0,5.43,51,P21/c
AZOBEN40,C12 H10 N2,1.0,7.22,24,P21/c
NACFII,C14 H19 N3 O1,1.0,6.2700000000000005,37,P21/c
WOJWID,C16 H11 Cl1 N4 O1 S1,1.0,3.8,34,P-1
PYRTNB03,"C16 H10,C6 H3 N3 O6",1.0,4.41,26,P-1
UMIDAX,C2 H2 N12 O4,0.5,3.2,20,P21/n
BADJUO,C19 H28 N2 O5,1.0,2.92,54,P212121
HAMROG,"C10 H12 F1 N2 1+,Cl1 1-",1.0,4.109999999999999,25,Pbca
SULLOA,"C16 H12 Cl2 O5,C4 H10 O1",1.0,4.2,35,P-1
FAKKIM,C21 H21 I3 N3 P3,1.0,3.2,51,P-1
BEBZAN,C21 H19 Br2 O1 P1,1.0,6.3,44,P21/n
XOWGEV,C23 H20 O3,1.0,6.88,46,P-1
PIGGIV,C21 H16 S1,1.0,3.2,38,P212121
HOVRIT,C16 H18 N2 O4 S1,1.0,3.9,41,P21/c
UPUXIO,C15 H4 F10 S3,1.0,5.57,32,P-1
RELHUL,C15 H24 N2 O3,1.0,4.82,44,P212121
LALWEB,"C6 H13 N2 1+,Cl1 O4 1-",2.0,6.88,21,Pccn
ZIWHIA,C10 H7 Cl1 F1 N1 O1,1.0,3.18,21,Pna21
OCEJEP,C15 H11 N1 O2,1.0,4.06,29,P21/n
YOLXUV,"C23 H19 N3,C7 H8",1.0,3.95,45,P21/n
GORXAM01,"C7 H4 N2 O7,C4 H8 O2",1.0,5.68,20,P-1
SAHKOD,C14 H10 F1 N1 O2,1.0,6.23,28,P21/n
GIHQAR,C14 H10 N2 S1,1.0,3.05,27,P21
ACPHQU10,C20 H20 O4,1.0,6.0,44,P21/c
NOYVIG,C21 H24 O4 S1,1.0,3.83,50,P21/c
PIHRII,"C8 H16 Mg2 O16,6(H2 O1)",0.5,4.5200000000000005,42,Pban
VILSOC,C27 H32 N2 O2,2.0,6.43,63,P212121
WIDJAX,C20 H17 N1 O4,1.0,3.9899999999999998,42,P212121
WONDIQ,C16 H11 Cl3 N2 O1,1.0,4.279999999999999,33,P21/n
ROQKOB,C21 H30 N2 O6,1.0,5.54,59,P21/c
NEZXAT,"2(C14 H11 N1 O3),C10 H8 N2",0.5,5.93,29,C2/c
MOVFOT,C21 H18 Cl1 N3 O3,1.0,4.9,46,P21
KOTCOL,C7 H8 N2 O3,1.0,3.8000000000000003,20,P21/n
KOQWIZ,C28 H15 Br1 O3,1.0,4.9799999999999995,47,P21/c
LUYWAD02,C10 H17 N1 O2 S1,1.0,2.77,31,P212121
XITSUS,C17 H23 F3 N2 O1,1.0,3.2199999999999998,46,P212121
IKICIO,C23 H28 N2 O2,1.0,6.78,55,P-1
RENKUQ,"2(C8 H10 N1 O2 1+),O4 S1 2-,H2 O1",1.0,4.3,21,P21
DATPIZ,C15 H19 N1 O5,1.0,2.5,40,P21
WITJIS,C16 H21 N2 O5,1.0,4.42,44,P21/c
OMODEZ,C17 H19 N1 O1,1.0,4.3500000000000005,38,P212121
VOVTUV,C22 H33 N1 O2 S1,1.0,3.86,59,P212121
POBPIG01,C32 H16,2.0,3.58,48,P-1
ADISIQ,C21 H14 O2,1.0,3.91,37,P212121
XATDUS,C18 H18 O4,1.0,3.96,40,P21/c
MAFPEQ,C12 H13 Cl1 N2 O3,1.0,3.5700000000000003,31,Pbca
KAHVEU,C12 F10 S1,0.5,7.3,23,P43212
XIYXUB,C37 H24 N2,1.0,6.3,63,P21/c
ZEZQUU,C19 H15 N5,1.0,3.53,39,P21/c
JITXOA,C22 H23 N3 O6,1.0,5.42,54,P21/n
IMIJUL,"C15 H19 N4 O1 1+,Cl1 1-",1.0,3.8,39,P21
QUSVAC,C25 H29 N3 O6,1.0,3.62,63,P21
GACNIL,C12 H26 N2 O4 Si2,0.5,3.11,46,C2/c
OSAFIA,C23 H14 Br2 N2 O2 S1,1.0,5.11,44,P21/n
WUPVIN,"C12 H4 O12 2-,2(C9 H14 N1 1+),4(H2 O1)",1.0,3.7800000000000002,28,P21/n
DZOXAM,C18 H15 Cl1 N4 O3,1.0,5.1000000000000005,41,Pbca
CIQVIL,C19 H19 N1 O1 S1,1.0,4.18,41,P212121
OXALBH75,"C2 H2 O4,2(H2 O1)",0.5,1.9300000000000002,8,P21/c
TUPJUL,C16 H10 F8 N2,1.0,3.51,36,P21/c
ZELNUZ,C19 H14 N2 O2,1.0,4.0,37,P21/c
UKUVUT,C12 H18 O7,1.0,3.92,37,P21/n
CUMJIF,C18 H27 B1 O2,1.0,5.779999999999999,48,P21/c
WOHDUW,C28 H30 N2 O2,1.0,5.0,62,P21/n
EFATOW,C10 H9 N3 O2,1.0,3.43,24,P-1
POTFRM01,"C1 H1 O2 1-,K1 1+",0.25,3.58,4,Cmcm
CIYTEN,C20 H18 N2 O1,1.0,4.3,41,P21/n
IBOVEA,C18 H20 N4 O4,2.0,4.53,46,P21
SICPUR,"C24 H14 N4 O2,2(C2 H4 O2)",1.0,4.2700000000000005,44,P-1
DOFJEP,C25 H28 O3,1.0,3.2099999999999995,56,P212121
NOQRAQ,C6 H4 N6 O1,1.0,5.18,17,P-1
LECDII,C11 H9 N3 O4,1.0,3.77,27,P212121
SEVSIW,C20 H16 N2 O1,1.0,5.49,39,P21/c
ASUYOF,C35 H17 F3,1.0,6.04,55,C2/c
SPTZBN,C16 H19 N3 O1,1.0,6.2,39,P-1
QOGGOK,C23 H19 F1 N2 O3,1.0,4.64,48,P212121
OVIROB,C16 H24 O1,1.0,4.08,41,P21/c
CUSJUW,C15 H18 O2,2.0,4.68,35,P-1
JUFGEA,C20 H36 P2,0.5,3.91,58,P-1
YOXXUE,C18 H39 N3,1.0,6.41,60,Pbn21
QICNEV01,C32 H25 N2 P1 S1,1.0,4.3,61,P21
OBEZAZ,C17 H16 N2 O3,1.0,4.37,38,P21/n
CUCGEO,"C3 H9 B12 Cl11 N1 1-,C3 H10 N1 1+,3(C2 H3 N1)",1.0,2.6599999999999997,36,P212121
BOMRAY,C23 H25 N1 O4,1.0,5.43,53,P-1
LIFBUZ,C25 H24 N2 O11,1.0,4.83,62,P-1
NEWGOO,C13 H12 O3,1.0,5.2,28,P21/c
XENREN,C13 H20 O4,1.0,5.44,37,P212121
SEYCOO,C21 H30 O3,1.0,4.9,54,P212121
HELJAL,"C7 H7 O3 S1 1-,C1 H8 N5 1+",1.0,2.27,18,P21/c
SIBFAK,"C21 H19 N4,C12 F4 N4",1.0,4.1,44,P-1
YAQZUM,C6 H4 Br1 N1 O2,1.0,3.2,14,P21/n
KIRPOQ,C16 H16 O2 S1,1.0,4.99,35,P21/c
COZTES,C19 H21 N1 O1 S1,1.0,5.8999999999999995,43,Pbca
PIQHAA,C11 H11 Br1 N2,1.0,3.1199999999999997,25,P212121
SORWUT,"C8 Br4 O4 2-,2(C5 H9 N2 1+)",0.5,3.47,16,P-1
ZICGOH,"C9 H16 N1 1+,Cl1 1-",2.0,4.44,26,Pca21
RENPAE,C15 H13 N3 S2,1.0,3.63,33,P-1
IHIDAI,"C17 H20 Br1 N2 O1 1+,C6 H6 Br1 N1,C2 H3 O2 1-",1.0,4.64,41,Pbca
HONMAB,C12 H9 Cl1 N4 O2 S1,1.0,2.77,29,C2/c
KUYDER,C9 H21 B3 O6,1.0,4.95,39,P-1
VUHKAN,C28 H28 O8,1.0,4.33,64,P21/c
UNUXIL,C16 H19 O6 P1,1.0,5.37,42,P21/n
MULKOW,"C7 H4 Br1 N1 O3 S1,C7 H9 N1 O1",1.0,2.88,18,P21/c
YACMIC,C12 H14 F3 I1 N2 O2,1.0,4.03,34,P21/c
GIWZEV,C24 H22 F6 O4,0.5,3.75,56,C2/c
NEZXEX,"C14 H16 N1 1+,C14 H10 N1 O3 1-",1.0,5.53,31,P21/c
PAYWAR,C16 H10 Cl1 F3 N2,1.0,6.93,32,P21/n
WUPFOD,C20 H24 Cl1 N5 O2,1.0,4.7,52,P21/c
HOMNOO,"C18 H20 N4 2+,2(C6 H2 N3 O7 1-),2(H2 O1)",0.5,4.9,42,P-1
TUQXIP,C23 H22,1.0,5.2299999999999995,45,P21/n
CABPEC,C10 H16 N2 O3,1.0,5.59,31,P212121
QITMOV,C22 H22 N2 O4 S1,1.0,5.98,51,Cc
GAGZIZ,C17 H25 N1 O2,1.0,2.63,45,P21
DOPHEW,C24 H28 N2 O6 S1,1.0,5.07,61,P43
KOZBAG,C28 H22 N1 O2 P1,1.0,4.16,54,P-1
NOQXID,"C26 H26 N1 Si1 1+,C1 F3 O3 S1 1-",1.0,5.029999999999999,54,P21/c
YUKDER,C17 H4 Br4 Cl6 N1,1.0,2.59,32,Pna21
DARNUF,C30 H24 O3,1.0,7.5,57,P1
YIMBAX,C30 H24 Li2 N6 Se2,0.5,4.5,64,P21/n
NOBFUJ,C30 H21 O1 P1 S1,2.0,4.9799999999999995,54,P-1
IJUBIY01,C7 H12 N2 S1,1.0,5.71,22,P21/c
JEKZAE,C13 H26 O4,1.0,3.19,43,P212121
AKURAA,C16 H21 N3 O5,1.0,3.86,45,P21/c
BUNHEZ,"C10 H8 N2,2(C7 H5 Br1 O2)",1.5,6.03,20,P21/c
TATJED,C27 H18 O1,1.0,6.58,46,P21/n
RIXXAZ,C17 H20 O4,1.0,4.15,41,P21/n
HIYKAB,C22 H29 N1 O4,1.0,4.7,56,P21/n
YOGJIP,"C10 H10 N6 2+,H2 O1,2(Cl1 1-)",1.0,4.760000000000001,26,P21/n
CIPMET,C26 H32 N2 O4,1.0,4.0,64,P21
MIJMAX,C22 H26 O2,1.0,2.94,50,P212121
TUFYAU,C18 H19 N1 O5,1.0,5.96,43,P-1
VONJEQ,C19 H18 N2 O3 S2,1.0,3.4000000000000004,44,Pbca
QATSEN,C11 H14 N1 O2 P1,1.0,2.27,29,P212121
VOPSEA,"C4 H8 N10 2+,2(N1 O3 1-)",0.5,4.8,22,P21/n
FOXHAD,"C10 H9 N2 1+,C7 H3 N2 O7 1-",1.0,5.76,21,P212121
COGTID01,C11 H14 O3,0.5,3.74,28,P21/m
OYUTIN,C21 H21 Cl1 N6,1.0,4.22,49,P21/c
SIVPUM,C13 H14 O5,1.0,2.83,32,P212121
NAMVAZ,C21 H21 N5 O5 S2,1.0,4.09,54,P21/c
MUGZAS,C19 H13 Cl1 O3 Se1,1.0,2.78,37,P212121
MAGPOC,C22 H16 N2 O2,1.0,3.56,42,C2/c
CETYUX,C19 H28 O2,2.0,4.2299999999999995,49,P-1
CODQAP,C13 H21 B1 N3 O1 P1,1.0,4.34,40,P21/c
FOCHIP,C26 H18 N4,2.0,4.17,48,Pa
TEWXEB,C29 H24,2.0,5.71,53,P21/c
OJAHAK01,C6 H3 Cl1 N2,1.0,2.6100000000000003,12,P21/n
JUCJAS,"C12 H17 N3 O8,H2 O1",1.0,6.53,40,P21
DUYLOZ,C18 H15 N3 O1 S1,1.0,5.33,38,P21/c
JUDGIB,C21 H18 I2 N2 O2 S1,1.0,4.16,46,P-1
BOYGAB,C23 H15 N1 O1 S3,2.0,3.39,43,P21/n
ZIFXUJ,C23 H14 O3,1.0,4.6899999999999995,40,P-1
MEVXOA,"C19 H23 N2 O1 1+,C4 H5 O6 1-,4(H2 O1)",1.0,4.6000000000000005,45,P21
GAVHIV,C20 H21 N5 O9,1.0,6.47,55,P21/c
FODKUI,"C14 H8 N4,C10 H10 N2",1.0,5.8500000000000005,26,P-1
BADBIU,C27 H27 N1 O4 S1,1.0,3.9,60,P21
QUBPAF01,C22 H28 Cl2 N4 O4,0.5,3.65,60,P21212
EXAVEH,C15 H20 O5,1.0,4.02,40,C2/c
WAXDIL,C21 H16 Cl2 O3,1.0,2.37,42,P212121
HUKJAC,C16 H10 F6,1.0,4.18,32,P41212
QUPXUX,C20 H13 N1 O1,1.0,4.91,35,P21/a
CEJJOS,C7 H11 N5 S1,1.0,3.59,24,P-1
APAPUD,C15 H20 O4,2.0,4.69,39,P21
KIRWAK,C4 H28 B6 Mg1 O2,1.0,3.47,41,Pca21
VOBFAX,C19 H18 Cl1 N1 O3,1.0,4.44,42,Pbca
BAQZEZ,C17 H16 N3 P1,1.0,5.66,37,P21/c
BUFGUI,C27 H23 N1 O3,1.0,6.5600000000000005,54,P-1
OXTHDC01,C12 H24 O4 S2,0.5,3.86,42,C2/c
DEXXAH,C27 H26 Br1 N3 O5 S1,1.0,3.55,63,P-1
BEFWIT,C10 H12 O3,1.0,5.65,25,P-1
WAWMOX,"C9 H14 N1 1+,N1 O3 1-",1.0,4.25,24,P21/n
HOQVOC,C21 H12 Cl3 N1 O1,1.0,3.9,38,P21/n
LADQOB,C27 H20 N2 O1 S2,1.0,4.24,52,P21
YORBUD,C30 H11 B1 F15 P1,1.0,3.7800000000000002,58,P21/c
LTHREO41,C4 H9 N1 O3,1.0,2.19,17,P212121
PAGXIJ,C17 H23 N1 O2 S1,1.0,3.9800000000000004,44,P21/c
WOXKUS,"C19 B1 F15 N1 S1 1-,C7 H13 N2 1+",1.0,3.17,37,P212121
JUSSEY,C9 H15 B10 N1,1.0,4.96,35,P21/n
JIJHIT,"C31 H27 N1 O5,2(C2 H3 N1)",1.0,5.5,64,P21/c
FUHZIU,C26 H23 F1 N2 O1,1.0,3.5999999999999996,53,P-1
OXALOH65,"C2 H2 O4,2(H2 O1)",0.5,1.8599999999999999,8,P21/c
HICFAE,C26 H19 N3 O1,2.0,6.0600000000000005,49,P-1
VICGOE,C11 H17 N1 O2,1.0,4.39,31,P21/c
PIYFAE,"C11 H22 N6,C16 H12 N2 O3",1.0,5.7,39,P21/c
JOLGAV,C18 H12 N2 O1,1.0,3.44,33,Pbca
YUPHEA,C16 H20 B2 Br4 S2,1.0,4.32,44,P-1
LUWBAK,C19 H19 N5 O2,1.0,3.44,45,P21/c
LUPWEY,C19 H19 N3 O1,1.0,5.03,42,P21/c
KEZZIA,C17 H18 O1 S1,1.0,3.4099999999999997,37,P21/c
YAJGAW,"C15 H14 N2 O5,H2 O1",1.0,3.32,36,C2/c
QUSVAF,C10 H11 F5 O4 S1,1.0,3.32,31,P21/n
AWADAG,C21 H21 N1 O5,1.0,6.36,48,I2
LABSEM52,"C2 H6 N1 O2 1+,H2 O3 P1 1-",2.0,3.73,11,P21
AYOPUA,C19 H29 N1 O4,1.0,4.48,53,P212121
BOZMIQ,"C18 H17 N3 O4,C1 H4 O1",1.0,6.6000000000000005,42,P21/n
JOKYUG,"C10 H9 Cl1 N4 O2 S1,C5 H6 N2",1.0,5.76,27,P21/n
HEVQEF,"0.5(C4 H12 N2 2+),C7 H4 N1 O4 1-,C7 H5 N1 O4,H2 O1",1.0,4.34,18,P-1
CAWJOA,C14 H11 N1 O4,1.0,4.3100000000000005,30,P21/c
DOMKID,C19 H17 N1 O5 S1,1.0,2.26,43,P1
EMISAW,C21 H20 N2 O5,1.0,5.0,48,P21/c
CEJFAA,"C12 H26 Li1 N4 O1 1+,Cl1 O4 1-",2.0,4.86,44,Cm
VIPMUE,"C14 H23 N2 1+,C2 N3 1-",1.0,4.83,39,P21/n
JADMOU,C24 H36 N4,1.0,4.02,64,P21/c
IGAZOH,C18 H19 N1 O4,1.0,6.15,42,P21
LAHSUM,C17 H19 N1 O3,1.0,6.1899999999999995,40,P21/c
IPELOI,"C21 H22 P1 1+,I1 1-",1.0,2.46,44,Pbca
ULACIU,C10 H5 F5 N2 O1,1.0,3.45,23,P-1
NIBNOE,C24 H23 N1 O5,1.0,4.2299999999999995,53,P21/n
GETYIR,"C20 H24 F3 N5 O4 S1,C4 H8 O2",1.0,7.1499999999999995,57,P-1
BCACEN,C3 Br1 N1,0.5,4.7,5,P21/m
MIPXUE,C20 H26 N2 O2,0.5,3.7,50,C2221
OTUSUV,C19 H26 O6,1.0,4.279999999999999,51,P-1
TOWFEU,"C8 H11 N1 O1,C8 H4 Br1 N1 O2",1.0,2.11,21,Ic
RAXDED,C17 H16 N2 O2,1.0,4.859999999999999,37,P21/c
PATPIN,"C14 H19 N2 1+,Cl1 1-",1.0,5.52,35,P-1
DIHLOZ,"C19 H18 P1 1+,C10 H5 N2 O8 S1 1-",1.0,5.779999999999999,38,P-1
VUZMOT,"C17 H16 N2 O4 S2,H2 O1",1.0,4.7700000000000005,41,Pbcn
AHUDOW,C17 H23 N1 O5,1.0,3.98,46,P21/c
FUNFAZ,C28 H29 N1 O5 S1,1.0,4.19,64,P-1
TIGQOQ,C20 H18 N4 O4,2.0,4.44,46,Cc
JUZRON01,"C18 H15 O1 P1,C6 F3 I3",1.0,2.64,35,P21/c
MEYYUO,C13 H19 N5 O2 S1,1.0,6.8500000000000005,40,P-1
MIVPEO,C21 H16 F5 N3,1.0,4.5,45,C2/c
ABABIS,C19 H18 O4,1.0,2.8000000000000003,41,P212121
XEFLID,C18 H23 N1 O2,1.0,5.42,44,P21/n
OKAJAM,C13 H4 F4 N4,1.0,4.36,25,P21/c
WIXDOY,"C21 H18 Cl1 N1 O6,C6 H6 N2 O1",1.0,6.79,47,P21
YURFOJ,C20 H19 N1 O1,1.0,4.0,41,P21/c
BIXLUR01,C9 H7 N1 O4,1.0,3.9800000000000004,21,P212121
POTZAZ,C7 H16 O5 P2,1.0,3.6,30,C2/c
VEYVAW,C12 H15 N1 O8,1.0,4.2,36,P212121
QECMAM,C17 H16 N2,1.0,6.51,35,P21
AXIYOY,"C20 H29 N1 O3,H2 O1",1.0,4.95,53,P212121
DOJBEL,"C16 H14 N3 O1 1+,Cl1 1-",1.0,3.3300000000000005,34,P-1
ZEDLUS,C18 H22 N4 O5,1.0,6.03,49,P-1
BOKGOB,C12 H13 N1 O2 S1,1.0,5.36,29,P21/c
KIRNEI,C22 H20 Cl1 N1 O4,1.0,3.5700000000000003,48,Cc
LOCYIO,"C24 H16 F12 O2 P1 1+,C2 F6 N1 O4 S2 1-",1.0,5.9799999999999995,55,P-1
CUCRAX,"C16 H18 Br1 N4 O4 S1 1+,H2 O1,Cl1 1-",1.0,4.3999999999999995,44,P-1
ULOBOO,C10 H10 N4,0.5,3.74,24,P21/c
UHUTEY,C21 H32 N2 O5,1.0,4.8500000000000005,60,P21
WAGDOA,C28 H22 N2 O5 S1,1.0,3.6799999999999997,58,P-1
UZEGIT,C27 H21 F6 N3 Te1,1.0,3.11,58,P21/c
HEFLUD,"C12 H10 N4,C7 H8 O2",1.0,6.279999999999999,26,P-1
MASGUM,C18 H20 N4,1.0,3.39,42,P21/n
XIQDIK,C20 H20 O3,1.0,4.47,43,P21/n
ETEXOS,C14 H15 N1 O4,1.0,6.2,34,P21/a
IPEBEO,"C7 H11 N2 1+,C3 H1 N4 O4 1-",1.0,5.04,20,P21/n
EGIBOL,C18 H19 N1 O6 S1,1.0,3.3000000000000003,45,P212121
MAVTOS,"2(C20 H18 N2 O3),C6 H12 O3,2(C1 H4 O1)",1.0,5.1000000000000005,43,P212121
FUQDUQ,C12 H9 F1 N2 O2 S1,1.0,3.88,27,P21/n
XOLBAF,"C5 H3 N11 O4,H2 O2",1.0,4.33,23,P21/n
WUGTEZ,C16 H12 Br1 N1 O1,2.0,4.569999999999999,31,P212121
DHOADS10,C10 H11 N5 O2,1.0,4.5,28,P212121
VUWJOP,C13 H6 Br1 N1 O5,1.0,2.75,26,P21/c
VAVNAI,C18 H9 N9 O3,1.0,5.13,39,P-1
LOMDUN,C27 H23 N1 O1,2.0,4.61,52,P21/c
OGEGUD,C16 H13 N1 O2,1.0,4.1,32,P-1
YORGET,"C28 H22 O1,C14 H12 O1",1.0,4.61,51,P21/c
PUCXAO,C19 H17 N3 O1,1.0,4.6899999999999995,40,P21/n
KIZRAM10,C24 H16,1.0,3.69,40,P212121
KAZMON,C15 H24 Br1 Cl1 O3,1.0,6.1000000000000005,44,P21
MUTCAI,C18 H12 F1 N1 O2 S1,1.0,3.2300000000000004,35,P21/c
ZZZBSD01,C21 H21 O1 P1,1.0,3.49,44,Pca21
EDUYUZ,"C5 H12 N3 O1 1+,C3 H5 O3 1-",2.0,5.0,21,P21/n
AYITIN,"C14 H11 N2 O2 S1 1+,Cl1 1-",1.0,5.19,30,P21/c
TUVMIK,C15 H15 N3 O1,1.0,3.82,34,P-1
LELCIP,C30 H14 F12 O8,1.0,3.16,64,P21
TOPPET,C16 H25 Br1 N2 O4,1.0,4.9,48,P-1
WUDMAK,"C19 H29 F3 N4 O2 S1,C4 H8 O2",1.0,4.93,58,P212121
LALQUK,"C28 H20 Cl1 N2 O2 P1,C3 H7 N1 O1",1.0,5.7,54,P-1
FUPWES,C18 H20 N2 O5,1.0,6.5,45,P212121
JAMVAY,C21 H17 F1 N2 O3,2.0,7.090000000000001,44,P-1
CUZVUP,C27 H26 N2 O2,2.0,5.53,57,P21
VUYHAC,C26 H19 N1 O1 S1,2.0,3.8899999999999997,48,P21/n
KAYTAI,C16 H25 N1 O3,1.0,6.859999999999999,45,P21/c
FIBNOT,C16 H13 P1,0.5,3.8000000000000003,30,Pnma
GAFYIX,C15 H9 N3 O2,1.0,5.73,29,C2/c
ZIKTUL,C15 H9 Cl2 F3 N2 O1 S1,1.0,4.49,33,P-1
NEQXIS,C24 H29 N1 O4,1.0,5.44,58,P21/c
QEJGOF,"C21 H16 N2 O4 Se1,C2 H6 O1 S1",1.0,5.87,44,P21/n
XOVKIF,C10 H18 B10 F1 N1 O1,2.0,6.5,41,P21/c
XIGHUR,C19 H24 O3,1.0,3.7600000000000002,46,P21
UGOWOD,C20 H31 N1 O4,1.0,3.12,56,P21
CODVOH,C25 H21 F1 O1 Si1,1.0,4.79,49,P-1
ONAQON,"C26 H23 N1 O2,C1 H1 Cl3",1.0,6.25,52,I2/a
HIWVES,C27 H20 N2 O2 S1,1.0,2.44,52,P212121
PIMHOL,"C17 H25 N5 O2 S2,0.5(C4 H8 O2)",2.0,3.25,51,P21
EGUHOE,"C7 H10 N1 O1 S1 1+,C10 H15 O4 S1 1-",1.0,3.19,30,P212121
PUVNEC,C6 H8 Cl1 N3 O2,1.0,5.970000000000001,20,P21/n
GEKLUE,C22 H25 N1 O1,1.0,3.22,49,Pca21
CACJID,"C15 H28 N1 O1 1+,I1 1-,C1 H2 Cl2",1.0,1.76,45,P21
AZULUE02,"C22 H24 P1 1+,I3 1-",1.0,5.3100000000000005,47,P21/c
SULZUV,C8 H14 N2 O2,1.0,5.33,26,P-1
MIXQAN01,C21 H15 N3 O1 S1,1.0,3.9600000000000004,41,P-1
CEBWUF,C20 H15 Br1 N2 O4,1.0,4.36,42,P21/n
YUSXEQ,C20 H14 N2,1.0,3.7600000000000002,36,P21/n
UCALAO,C24 H22 N4 O2,1.0,6.239999999999999,52,P21/n
UPOWUT,C11 H13 N1 O1,1.0,2.52,26,P21
LUKMIN,"C15 H11 N3,0.5(C6 F4 I2)",1.0,2.56,29,P21/c
FAZWUB,C13 H10 N2 O2,1.0,6.15,27,Pca21
QEHFOB,C20 H14 Cl1 N3 O2,1.0,4.279999999999999,40,P21/n
FICWIB,C13 H10 N2 O2,1.0,4.34,27,P-1
QEVJAF,C24 H30 N2 O2,2.0,5.75,58,Pbca
FIFTUJ,C18 H25 N3 O2,1.0,4.7,48,P-1
POBJIA,C15 H16 O5,1.0,3.9,29,P212121
NILWIO01,C11 H13 N1 O2 Si1,1.0,5.05,28,P212121
HASQIB,C6 H22 B10 O1 Si2,0.5,4.48,41,Pnma
QAVXOD,C23 H18 O2 S1,1.0,4.07,44,P21/n
JASCAI,"C8 H20 N1 1+,C10 H7 I4 Te1 1-",1.0,3.79,29,P21/c
NAQTUX,C16 H15 I1 O4,1.0,2.16,36,P21
YUZJOW,C30 H32 O2,1.0,5.17,64,P-1
JAXFEX,C21 H19 N1 O5,1.0,3.8,46,P-1
INEXOR,"C24 H19 N4 O3 1-,C9 H17 N2 1+,1.5(H2 O1)",1.0,4.2700000000000005,50,P-1
MESQUA,C18 H13 N1 S2,1.0,5.4399999999999995,34,P21/n
XIBJOI,"C31 H22 N4 S1,C4 H8 O1",1.0,4.9,58,P-1
GEWJAX,C14 H14 N2 O2,1.0,5.28,32,Pna21
BANHEG,C23 H15 Cl2 N1,1.0,5.81,41,C2/c
GUKKUW,C11 H5 F5 O1 S2,1.0,4.07,24,P212121
WUSVIQ,C16 H19 N1 O7,1.0,4.63,43,Pbca
DOGVAA,C27 H24 B1 P1,1.0,4.68,53,P-1
EWEBOB,C20 H23 Br1 N2 O1,1.0,3.63,47,P212121
QUMMUK,C7 H10 N6,1.0,4.47,23,P21/c
QOJQEM,C20 H28 N2,1.0,4.48,50,P21
ODAVEV,C8 H7 N3 O3,1.0,4.1,21,Cc
EHOWIH10,C6 H6 N2 O1,1.0,3.9,15,P21/c
MORFUU,C22 H23 N1 O4,1.0,3.15,50,P212121
XONJUJ,"C20 H24 N2 O2,C8 H8 O3",1.0,6.04,48,P212121
FUPNIQ,C23 H21 N1 O9,1.0,4.9799999999999995,54,P-1
SUNKUK,C27 H18 O4,1.0,4.8,49,P212121
RENTIN01,C12 H13 N5 O1,1.0,3.3000000000000003,31,P-1
COGJOZ,"C15 H11 N1 O1,C6 H1 F5 O1",1.0,3.9800000000000004,28,P21
UMAVAH,"C28 H26 O10,C3 H6 O1",1.0,4.14,64,P21/n
VAMPEG,C17 H23 N3 O3,2.0,6.05,46,P21/n
ISIKEC,C21 H18 N2 O4 S1,1.0,4.22,46,P-1
FOGXUV,C28 H24 N2 O4 S1,1.0,4.7,59,P21/c
WAXCIL,C18 H17 N2 P1,1.0,3.3000000000000003,38,P-1
NIDKAN,"C18 H14 O8,C4 H8 O1",1.0,5.26,40,C2/c
DADSAD02,C21 H22 Br4 N2,1.0,4.29,49,P21/n
BIZQEJ,C19 H12,1.0,3.63,31,P21/c
GADSOX,C18 H16 N2 O3,2.0,2.62,39,P-1
FEBDOH,C12 H17 N1 O3,1.0,3.02,33,P212121
QEVJIO,"C24 H28 N3 O4 P1 S1,H2 O1",1.0,7.19,61,P-1
DOZMEN,"C21 H24 Cl1 F1 N1 O2 1+,C6 H3 N2 O5 1-,H2 O1",1.0,4.3,50,P-1
XAHKAV,"C12 H7 O3 1-,H2 O1,Cs1 1+",1.0,4.78,22,Pna21
EWEVIM,C7 H6 N2 O4,1.0,4.2,19,P21/n
ZESHIQ,"C2 H6 N1 S1 1+,As1 F6 1-",1.0,2.69,10,P21/c
DBTHPS04,C12 H8 O2 S1,0.5,3.1399999999999997,23,C2/c
BAFTEH,"C10 H8 N2 O2,C1 H4 N2 O1",1.0,4.2,22,P212121
BEXDIV,C9 H13 N3 O2,1.0,4.17,27,P21/n
YOQWEI,C19 H28 O4,1.0,3.58,51,C2/c
UQOYAD,C30 H21 N1 O2,1.0,6.370000000000001,54,P21/n
YEMQOA,C21 H17 Cl1 F2 N4 O1,1.0,4.38,46,P-1
ALIBAB,C12 H11 Cl1 N2 O1 S1,1.0,2.78,28,P21/c
FUNXOB,C12 H10 O3,1.0,4.78,25,P212121
XAZWEC,"C6 H7 Cl1 N1 1+,Cl1 O4 1-",1.0,4.57,15,P21/c
ASICUD,C25 H26 N2 O1,1.0,4.71,54,P21/n
MEKNOI,C12 H9 N9,1.0,6.11,30,P21/n
EZOTAO,"C13 H18 N1 O2 1+,Cl1 1-,C1 H4 O1",1.0,2.85,34,C2
MOZPOJ,"C12 H26 N3 1+,Cl1 1-",1.0,3.3099999999999996,41,P21/n
FIFTOD,C17 H12 N2 O1 S1,1.0,3.4,33,P21/n
ROJZEX,C10 H15 N1 O7,2.0,3.1399999999999997,33,P212121
OVOPUL,C20 H28 O2,1.0,6.63,50,P21
PUHHOQ,C6 H8 N6,1.0,3.63,20,P21/c
ASAQUJ,C22 H15 N1 O3,1.0,3.9,41,P21/c
GOCHAK,C20 H15 N1 O8,1.0,5.33,44,P-1
KUMHOP,"C36 H20 O2 S4,2(C2 H6 O1 S1)",0.5,4.6000000000000005,62,P21/n
EYATIL,C13 H11 N1 O3,1.0,3.39,28,P21
HXPTMC01,C19 H22 O2,1.0,3.55,43,P21/n
GOKROO,C15 H20 N2 O2,2.0,3.91,39,P21/n
OPUNIA,C17 H15 Cl1 N4 O1,1.0,5.43,38,P-1
EDOSOF,"C21 H25 N1 P1 1+,C24 H20 B1 1-",1.0,4.42,48,P21/n
REWCUR,C17 H19 N3 O6 S1,1.0,5.4,46,P-1
RUCRIR,C13 H14 N2 O4,1.0,6.25,33,P-1
NIRNAE,C15 H15 Cl1 N4 O3,1.0,4.5,38,P21/c
AXEKIY,C18 H21 N1 O6,1.0,6.09,46,P21/c
CECFOH,"C25 H20 Cl1 N1,0.25(C6 H14)",2.0,4.55,47,P-1
QIRBIG,C28 H23 F2 N1 O2,1.0,4.42,56,Pbca
JECVEW,C12 H11 Cl1 O5,1.0,4.63,29,P212121
JIPHOF,C19 H16 N2 O3,1.0,5.1000000000000005,40,P-1
MUGCUO,C17 H19 N3 O3 S1,2.0,4.67,43,P-1
VOTVUZ,C17 H26 O3 Si1,1.0,5.66,47,P-1
NALKOD,C22 H23 N3 S1,2.0,5.0,49,P21/n
KOVZOO,"C16 H28 Ba1 O17,C16 H28 Ba1 O17,6(H2 O1)",1.0,2.56,62,P212121
BAZPIB,"C15 H24 O4,0.5(H2 O1)",2.0,5.0,43,P21
IQEPEB,C26 H20 Br1 N3,1.0,3.04,50,C2/c
ZESRUN,"Cl1 I1,C11 H8 Cl1 N1 Se1",1.0,2.6100000000000003,22,P-1
UNAKIG,C15 H29 N1 O3 Si1,1.0,4.5600000000000005,49,P212121
MAMVEE,"C13 H16 N2 2+,2(C8 H5 O5 1-)",1.5,4.47,31,Pbcn
PODRUW,C14 H11 N3 O4,1.0,4.18,32,P21/n
SELYUG,C24 H26 F8 O4,1.0,4.87,62,P21/c
NUPKOY,C8 H5 Cl4 N1 O1,1.0,3.49,19,Pbca
SIZCOT,C14 H16 O5,1.0,5.6000000000000005,35,P21/n
VEKNUY,"C19 H24 O8,C1 H4 O1",1.0,5.58,51,P212121
BIWTOQ,C13 H14 O5,1.0,3.3000000000000003,32,C2/c
RUDDAY,"C29 H27 N3 O2,H2 O1",1.0,3.6700000000000004,61,P21/c
HUJNEJ,"C8 H6 N4 S2,2(C3 H3 N3 S3)",0.5,2.26,20,C2/c
HOFGIT,"C27 H18 N4 O1,2(C1 H4 O1)",1.0,6.13,50,P-1
PYMDAN23,C10 H2 O6,1.0,6.69,18,P21/c
ROKCUP,C16 H28 O2 Si1,1.0,4.43,47,P21/n
TFMSUL01,"C1 F3 O3 S1 1-,H3 O1 1+",1.0,4.6000000000000005,8,P21/c
MEFMAN,C14 H13 N3 O2 S1,1.0,5.3,33,Pna21
GIRQOQ,C9 H12 O2,1.0,3.64,23,P21/c
YANTUF,C12 H20 B10 N2 O2,1.0,4.4799999999999995,46,P21/c
HOPMAC,C24 H19 N1 O2,1.0,4.14,46,P21/n
TUHNEP,C24 H22 O4 S2,1.0,5.3,52,P21/c
IVEVOU02,C18 H26 O6,1.0,6.550000000000001,50,C2/c
ARUGUR,C17 H13 F3 O2,1.0,3.9800000000000004,35,P21/c
YEPVUN,C13 H23 N1 O7 Si1,1.0,2.3,45,Pna21
CUCSIF,C20 H15 N3 O2,1.0,6.4799999999999995,40,P-1
EXEZEN,"C5 H6 Cl1 N3,C7 H5 Cl1 O2",1.0,5.09,15,P21/c
WITNUM,C24 H32 O6,2.0,6.370000000000001,62,P212121
SOHKEJ,"2(C16 H36 N1 1+),C6 N6 O6 S3,2(Cl1 1-)",1.0,5.72,53,P21/c
GUWYIK,C18 H13 N1 O5,2.0,2.12,37,P21
OQEBEV,C13 H7 F3 O2,1.0,2.97,25,Pca21
QEYTUN,C13 H21 B2 N1 O6,1.0,5.59,43,P21/n
AYOJUW,C24 H25 N3 O4,1.0,4.18,56,P21
HUQFUX01,"C8 H2 I1 N3 O2,C2 H6 O1 S1",1.0,3.6799999999999997,16,P-1
MORYEY,"C27 H28 N3 O1 1+,B1 F4 1-",1.0,4.04,59,P212121
ZONFAL,C18 H24 F1 N1 O4 S1,1.0,4.67,49,P21/c
YALLUU,"C4 H12 N1 1+,C5 H2 N3 O5 1-",1.0,4.41,17,C2/c
EVAXAB01,C17 H14 N2 O4,1.0,4.04,37,P21
RODNEF,C16 H11 B1 F2 N2 O4,1.0,3.8699999999999997,36,P-1
OXOWOQ,C21 H12 Cl1 F1 N2 O1,1.0,3.6900000000000004,38,P21/c
HAXVIN,"C8 H18 N1 1+,C9 H7 O2 1-",2.0,6.04,27,P21/c
XODBAW,C20 H28 O2,2.0,5.04,50,P-1
YAQYUN,C27 H30 N2 O4 S1,1.0,7.3,64,P21/c
NENVOT,C15 H18 F1 N3 O9,1.0,3.1,46,P212121
CEFJUS,C10 H14 N2 O6,2.0,2.8000000000000003,32,P212121
AJIXIA,C15 H13 Cl1 N4 O1,1.0,3.9,34,P-1
LANZAB,C26 H15 Cl1 N2 O1,1.0,3.6,45,I2/a
JIKTEF,C20 H14 N2,0.5,4.49,36,Pbcn
YEFNON,C15 H17 N5 O3,1.0,6.53,40,P21/c
LIBBAC,C17 H28 O6,1.0,3.6999999999999997,51,P212121
WUFXIH,C22 H20 F1 I1 O3,1.0,2.92,47,P21/n
OCATUI,C8 H11 N1 O3,1.0,4.6000000000000005,23,Pbcn
DEYFOD,C5 H11 N1 O2 Se1,2.0,5.54,20,P21
VEVVAV,C6 H16 O4 Si2,0.5,4.16,28,C2/c
YUXTIX,C28 H29 N3 O1,2.0,4.29,61,P21/c
KACZOE,C12 H20 Cl4 Si2,0.5,6.5600000000000005,38,P21/c
CAHNEH,C22 H18 O4,0.5,4.34,44,P21/n
LCARVX,C10 H15 N1 O1,2.0,3.9,27,P21
YUNPEF,"C10 H8 N2 O6 P2 2-,2(C2 H6 N5 1+)",0.5,4.84,28,P21/c
PAXQUC01,C8 H6 N4 O3,1.0,2.93,21,Pca21
HOXHIP,"C16 H36 N1 1+,C4 H13 B10 N2 1-",1.0,5.16,53,P21/n
KUYCUE,C33 H25 N3 O2,1.0,4.03,63,P21/n
GUHDIY01,C27 H25 N1 O4,1.0,4.130000000000001,57,P-1
KETYAK,"C27 H18 O6,0.5(H2 O1)",0.67,4.54,51,R3c
LIDCAE01,"C5 H4 N2 O4,C3 H6 N6,H2 O1",1.0,3.88,15,P-1
EFUJIZ,C13 H21 N2 O4 P1 S1,1.0,4.11,42,P21/n
CAKBEY,C21 H18 O4,1.0,6.58,43,C2/c
YATJIP,C18 H11 O3 P1,1.0,4.2700000000000005,33,P-1
APUGAV,"C10 H7 O4 S6 1-,C10 H9 N2 1+",1.0,7.48,27,P21/a
LIWYOH,C18 H20 Cl3 N1 O3,1.0,5.19,45,P212121
MEMFIX,C21 H21 N5,1.0,4.51,47,P212121
TELCAS,"C19 H26 N1 Si1 1+,Cl1 1-",1.0,3.6700000000000004,47,P21/n
XISROH,C10 H11 Cl2 N1 O1,1.0,3.64,25,C2/c
BODYEA,"2(C16 H13 N2 O2 1+),C12 F4 N4 2-",0.5,4.04,33,P-1
COQDES,"C9 H14 N1 O1 1+,C18 H13 O8 1-",1.0,4.01,39,P212121
CIHPIU,C30 H18 Br1 N1 O3,2.0,6.08,53,P21/a
BIBDIB02,C26 H32 N2 O2 S2,0.5,3.5999999999999996,64,P21/c
OPURUO,C19 H12 O4,2.0,5.07,35,P-1
MOLKEE,"C15 H14 N2 O4,C3 H7 N1 O1",1.0,3.79,35,P21/c
JEMHIS,C2 H6 F2 N1 O3 P1,1.0,5.3,15,P21/n
VOWYAL,C21 H25 N1 O1,2.0,4.1000000000000005,48,P212121
LEDRIY,C28 H22 N2 O6 S2,1.0,7.03,60,P-1
RUGKUA,C11 H21 N3 O5,1.0,3.5700000000000003,40,P41
HYFURC,C10 H14 O4,1.0,4.1,28,P21/n
TORZOR,"C4 H10 N10 2+,C2 N12 O4 2-",0.5,3.56,24,P-1
DCDHNQ,C10 H4 Cl2 O4,1.0,4.9,20,P21/c
PODQOR,C15 H14 N2 S1,1.0,4.77,32,P21/c
OVIYIF,C14 H11 Cl2 N1 O2,1.0,5.62,30,P21/c
YIMPEQ,C24 H20 O2,0.5,4.74,46,P21/c
FEYHIB,"C22 H11 B1 F15 N1,0.5(C1 H2 Cl2)",2.0,4.48,50,P1
ZEWTED,C11 H14 O6,1.0,2.35,31,P21
GUZKOC,"C17 H13 N4 1+,Cl1 O4 1-",1.0,3.69,34,P21/n
UWUPOT,C23 H17 N1 O1,1.0,3.7600000000000002,42,P21/n
FEFJOR,"C16 H10 N4 O4,2(C2 H6 O1 S1)",0.5,4.1,34,P21/n
SOGSIU,C20 H17 N3 O3 S1,1.0,4.92,44,P212121
WOLZIJ,C10 H11 N1 O3 S1,1.0,4.569999999999999,26,P21/n
OQAZEP,C14 H7 Cl1 F4 O2,1.0,4.130000000000001,28,P-1
HURLEM,C20 H30 O5,1.0,3.48,55,P212121
ERATUN,C20 H20 Br1 N1 O5 S1,1.0,4.41,48,P212121
VOPZOT,C15 H14 O2 S1,1.0,4.02,32,Pbca
DUSVIX,C10 H7 Br5 O2,1.0,2.5,24,Cc
NAVNAC07,"C10 H8 N4,C6 H2 Br4",0.5,3.1300000000000003,22,P-1
ULIDID,"C9 H7 N5,H2 O1",1.0,6.63,21,P21/c
NAJYOR,C15 H18 N2 O2 Si1,1.0,4.49,38,P21/c
BZPHOT01,C6 H7 O3 P1,1.0,5.8,17,Pbca
VUKLIY,C23 H27 N4 P1,2.0,6.890000000000001,55,P-1
WIWVIL,C7 H5 Br2 N1 O2,2.0,2.5100000000000002,17,P21/c
ETABUW,C16 H10 F9 N3 O3 S1,1.0,4.84,42,P-1
ZAXVON01,C9 H9 Cl1 N2 O1,1.0,2.92,22,P21/c
GLYCIN75,C2 H5 N1 O2,1.0,0.9400000000000001,10,P21/c
IJEJUF,C11 H10 I1 N1 O1,1.0,5.8999999999999995,24,P21
NIXDAD,C17 H13 Cl1 N2 O2,1.0,4.95,35,P21/c
NOHQOS,C18 H20 O6,1.0,4.08,44,Pbca
HOYHAI,C29 H20 Cl2 O2 S1,2.0,4.06,54,P21/c
WUNHAP,"C20 H16 Cl2 N4 Se2 2+,2(C1 F3 O3 S1 1-)",0.25,4.26,44,I2/m
OVESOZ,C18 H17 Cl1 N2 O5,1.0,6.7,43,P212121
AXOLIJ,C22 H23 Cl1 O5,1.0,6.37,51,P-1
NOFZOX,C9 H11 N5 O3,1.0,3.8000000000000003,28,P21/n
IWEROV,"C8 H11 N4 O1 1+,H2 O1,Br1 1-",1.0,1.9800000000000002,24,P21/c
XIVLOD02,"C12 H24 O6,6(C8 H6 O5),10(H2 O1)",0.5,4.14,42,P-1
UHIFOI,C16 H17 N3 O6,1.0,6.01,42,P21/n
PUKGEH,C14 H21 N1 O7,1.0,5.6000000000000005,43,P21
VEXLES,"C20 H24 O4,H2 O1",1.0,3.01,48,P212121
CIWJEY,C5 H2 O1 S4,2.0,4.34,12,Pbca
USUNUS,C14 H16 Cl2 O6 S2,0.5,3.65,40,C2/c
AGEQUY,C19 H26 S1,2.0,5.42,46,P21/c
OBUGOJ,C19 H26 O2,1.0,3.69,47,P21
NAJJOC,C16 H22 O6,1.0,3.5999999999999996,44,P21/n
CAWXOP,C20 H15 O1 P1 S2,1.0,5.37,39,P-1
RAMTIL,C20 H24 N2 O4,1.0,4.07,50,P212121
ULIZOG,C21 H21 N5 O1 S1,1.0,5.83,49,P-1
LEFCUY,C30 H20 N2,1.0,5.06,52,Pbca
LACLUW,C15 H18 O3,1.0,5.0,36,P1121/a
NUXGIZ,"C13 H11 N1 O4,H2 O1",1.0,4.87,29,P21/c
EXUVUP,C11 H16 O4,1.0,3.95,31,P21/c
JECRIW,C5 H8 N6 O3,2.0,3.9800000000000004,22,P-1
XELSUG,C16 H25 N3,2.0,4.97,44,P-1
UDIGIY01,C20 H17 N1,2.0,5.84,38,P21/n
OGUVER,C18 H21 N1 O1,2.0,5.72,41,P21
IJENAM,C14 H12 Cl1 N1 O2,1.0,5.01,30,Pn21a
POWSUS,"C11 H10 N5 1+,3(H2 O1),Cl1 1-",1.0,2.98,26,P21/c
CAHMOR,C24 H8 Br4 O2,1.0,5.82,38,Pna21
REQMEH,C12 H10 O1 S6,1.0,3.6900000000000004,29,C2/c
BUKNIG,C18 H23 N1 O5 S1,2.0,4.36,48,P1
WEMRUD,C16 H37 N4 P2 Te1,1.0,5.54,60,C2/c
IYAXIT,C18 H20 F3 N1 O1,1.0,3.64,43,P21/c
QOWSAX,C30 H20 Li1 N7 O1,1.0,5.51,59,P21/n
DALVIW,"C11 H10 F8 N1 1+,Cl1 1-",1.0,2.69,30,Pbcn
QIBMIY,C13 H14 N2 O1 S2,1.0,3.63,32,P21/c
UKEZAO,C22 H22 F3 N1 O3,1.0,5.63,51,P212121
QAGTOK,C6 H10 F1 O7 P1,1.0,2.27,25,P21
PONQUF,"C12 H10 Cl1 N2 1+,I1 1-",1.0,2.72,25,P-1
CIHBUS01,C18 H18 N4 O3,1.0,3.55,43,P21
GIMDEO,C22 H10 F6 O8 S2,1.0,3.6900000000000004,48,P-1
MOXNAS,"C25 H24 N4 O1,0.5(C4 H8 O2)",1.0,4.75,54,P-1
YUQVOW,"C4 H12 N1 1+,C7 H5 O3 1-",1.0,5.65,17,P21/c
XEJYAN,C8 H7 N5 O1,1.0,3.96,21,P21/c
YACQOL01,"C14 H18 N2 O1,2(C6 H6 O2)",1.0,2.92,35,P-1
ACOJOU,"2(C5 H6 N1 O1 1+),C6 Cl2 O4 2-",0.5,2.75,13,P21/c
LAVBIT,C23 H18 N2 O1,1.0,3.8000000000000003,44,P21/c
WIXYIO01,C20 H32 B2 O4,1.0,4.16,58,P-1
WECTOQ,C8 H10 O7,2.0,4.37,25,P21
TEZJOZ,C25 H23 Br1 N2,2.0,7.4399999999999995,51,P-1
TUTPEG,C4 H24 Ca2 N12 O18,0.5,3.62,60,P-1
REZXEC,C18 H24 Br2 O6,0.5,1.96,50,P-1
FOGBOT,"C21 H22 O5,0.5(C6 H6 O2)",1.0,5.7,48,P-1
NEPGAS,C20 H10 S4,0.5,4.8,34,P21/n
NAXDIZ01,C14 H10 N2 O1,1.0,3.4,27,P21/c
WEYBUX,C13 H6 F3 N1 O4,1.0,4.6000000000000005,27,P21/n
IGADOK,C13 H16 F1 N1 O1,1.0,3.5500000000000003,32,P21
UVOTUY,C16 H18 Cl1 N3 O6,1.0,6.9,44,P-1
DIKWAW01,C6 H8 N2 O2 S1,1.0,6.25,19,P-1
APAKEI,C9 H13 N5 S2,1.0,4.5,29,P-1
VUXXAP,"C12 H12 N2,2(C9 H10 O3)",0.5,3.7900000000000005,26,P-1
GEZXUH,C24 H24 O2 S1,1.0,5.74,51,P21
LEGPUI,C19 H22 N2 S1,1.0,4.2,44,Pbca
FIXGAU03,C10 H13 N5 O4,2.0,3.7,32,P21
BAGSOW,C12 H28 N2 O4 P2 S2,0.5,3.11,50,P-1
JAYPUU,"C6 H16 N1 1+,Cl1 1-",1.0,3.0,23,P212121
PUDBUO,"2(C19 H20 N1 O1 1+),C6 Br2 F4,2(Cl1 1-)",0.5,5.18,41,C2/c
MAXWAL,C9 H16 B1 N1 S1,1.0,2.63,28,Cc
IYOZIJ,C14 H14 N2 O2 S1,1.0,3.1300000000000003,33,P212121
GAMCEF,C12 H16 Br2 N2 P2,0.5,1.9300000000000002,34,P21/n
UXIJOD,"C10 H7 F17 O2 P1 1-,C11 H21 N2 1+",1.0,3.09,37,P212121
KIZMAI,C13 H16 N2 S2,1.0,2.88,33,P21212
NACWOI,C20 H21 N1 O1,1.0,4.75,43,P212121
PEDSOI,"C25 H26 N6 O2,1.5(C3 H6 O1)",2.0,7.23,59,Pbca
FOCZED,C16 H10 N4,0.5,3.59,30,P21/n
CISPUP,C14 H10 O2 S2 Te1,0.5,2.7,29,C2/c
RUTFIV,C17 H22 O5,1.0,4.68,44,P212121
ILOGAU,C12 H18 N2 O2 S1,1.0,2.91,35,P21/n
MORMEP,C18 H17 Br1 N4 O2,1.0,3.63,42,P212121
XOQHOD,C19 H19 N1 O6 S1,1.0,3.75,46,P-1
TTDSHD10,C12 H20 S4,0.5,2.5,36,P-1
IBOZIM,"C18 H16 N1 O1 1+,C6 H4 Cl1 O3 S1 1-",1.0,3.36,36,P1
MEDDOQ,"C8 H12 N1 O1 1+,C7 H4 F1 O2 1-",1.0,3.8200000000000003,22,P21/c
TAHQED,C13 H14 N2 O4,1.0,2.22,33,P21/n
GIMDIT,C21 H20 N4 O1,1.0,4.47,46,P21/n
HITJOM08,C26 H16 N2 O1,1.0,5.54,45,P21/c
EKIMEQ,C15 H14 Cl1 N1 O4,1.0,3.9,35,P21
NALQOL,C13 H11 Cl1 N2 O4,1.0,4.21,31,P21/c
DEYHAT,"C18 H16 N3 O2 1+,C6 H3 N2 O5 1-",2.0,7.470000000000001,39,P-1
HIYDIG,C9 H11 N3 O2,1.0,6.819999999999999,25,P-1
NUKNOW,C23 H18 O2,1.0,5.42,43,P-1
UXANIT,"C3 N6 O4 2-,2(H4 N1 1+)",1.0,6.61,13,P-1
HMHTMC10,C18 H20 S6,2.0,3.3000000000000003,44,Pca21
FURNEP,C32 H23 Cl1 N2 O3,1.0,4.88,61,P21/c
CAGFUL,C18 H15 Cl1 O4 S1,1.0,6.0,39,P21/c
NASXUB,C26 H21 N1 O3,1.0,4.89,51,P-1
RESFUR,"C7 H10 N1 1+,0.5(C4 H2 O4 2-),0.5(C4 H4 O4)",1.0,4.97,18,P21/n
EDOYUU,C26 H26 O2,1.0,3.15,54,P212121
JAGGOQ,C13 H14 Cl1 N3 O2,1.0,4.88,33,P21/c
SILXAP,C10 H6 O6,0.5,4.93,22,C2/c
HAYJUN,C17 H16 Br1 N1 O4,1.0,4.54,39,P21/n
COHFUA,C21 H31 N1 O2,1.0,3.9,55,P21
VUQVAG,C23 H34 O4,1.0,3.9600000000000004,61,Pbca
RITLIR,C16 H8 F6 N2,1.0,5.4,32,P-1
JOGVOS,C19 H19 N1 O1 S1,1.0,4.37,41,P-1
ESAXAA06,"C8 D1 F4 O4 1-,C1 H1 D4 N2 1+",1.0,6.09,16,P21/c
QUSREE,C12 H17 N3 S1,2.0,4.9399999999999995,33,C2/c
RAYKAH,C24 H21 Br1 N2 O5,1.0,6.68,53,P-1
KUVGIU,"C16 H12 Br1 N2 O2 1+,Cl1 1-",1.0,1.7399999999999998,33,P-1
EVESEG,C21 H20 O3,2.0,4.71,44,P-1
DIDSIW,C9 H9 Br1 Cl1 N3 O2 S1,1.0,3.1399999999999997,26,P21/c
WETQOC,"C5 H9 N2 O7 P2 1-,2(H2 O1),H3 O1 1+",1.0,3.31,25,P-1
IGAZIB,C18 H19 N1 O4,1.0,3.94,42,P21/n
COBVEU,C15 H23 N1 O5,1.0,3.5,44,P21/n
CICLAC,C8 H5 Br1 N2 O6,1.0,5.24,22,P21/n
QUCQAH,"C17 H33 O1 Se1 Si1 1+,Br1 1-",1.0,4.65,53,P21
DENSUN,C14 H16 O4,1.0,6.710000000000001,34,P21/n
WUQVIP,C17 H19 N3 O1,1.0,3.19,40,P21/c
DAJXES,C24 H20 N2 O1 S1,1.0,3.7,48,P-1
EBONIV,"C7 H9 N1 O2,C4 H4 O4",1.0,4.47,19,P-1
QAJMAR,C18 H21 Br1 O1,1.0,5.09,41,P21/n
MITTUF,"C8 H20 N1 1+,C24 H16 B1 O4 1-",2.0,4.21,45,P21/n
UVIZOR,C19 H18 Br1 N1 O2,1.0,6.41,41,P21/c
QOVHOZ,"2(C10 H8 O1),C12 H10 N2",0.5,4.07,24,P21/c
TIFDIX,"C11 H25 N2 O1 1+,Cl1 1-",1.0,4.6,39,P-1
VOCMUZ,C20 H17 N3 O3 S1,1.0,5.0,44,P21
DOGWIF10,"C13 H23 N2 O1 1+,C6 H2 N3 O7 1-",2.0,6.3,39,P-1
JABXOD,C23 H32 B1 P1,1.0,4.5,57,P212121
MAKTAX,C18 H19 N3 O2 S1,1.0,2.23,43,P21
OTERAK,C22 H26 N4,1.0,3.7900000000000005,52,C2/c
MIWJAH,C13 H16 N2 O2 S1,1.0,3.1,34,P21/n
KUBDAM,C11 H12 O5,1.0,4.7,28,P21/n
OLOHIG,C13 H9 Cl1 O2,1.0,3.4,25,P21/c
NUTVIH,C15 H12 N2 O1 S1,1.0,3.5,31,P21/n
GIDRUI,C21 H37 N3 Si1,1.0,4.16,62,C2/c
APEYED,"C6 H14 N2 2+,2(Br3 1-)",1.5,4.8500000000000005,22,C2/c
BAJYOA,C16 H14 Cl2 O4,1.0,3.9,36,P21/c
SIRNOX,C8 H11 N1 O2 Se1,1.0,6.99,23,P21
WIBKOI,C13 H16 O3 Si1,1.0,5.76,33,Cc
NOCCUD,C14 H17 N1 O1 P2 S3 Si1,1.0,4.76,39,P21/n
WOJXEY,"3(C6 H3 N3 O6),C24 H18",1.0,5.13,42,P-1
JUKRAI,C11 H15 Cl1 N2 O5,2.0,4.1,34,P21
CEZMUQ,"C15 H18 O6,0.5(C3 H6 O1)",2.0,3.7,39,P212121
UWOHIY02,C24 H18 B1 F10 N1,1.0,1.6,54,P-421c
GAFDIC,C22 H40,0.5,4.2,62,P21/c
BUWBUU,"C16 H18 N1 1+,I1 1-",1.0,3.63,35,P21/c
LUGCAT,C14 H16 N4 O4,1.0,5.76,38,P212121
JAFRUI,"C9 H7 Br1 N1 1+,B1 F4 1-",1.0,5.76,18,C2/c
LICCIM,C18 H20 N2 S2,1.0,6.38,42,P21/c
FANHIM,C26 H28 O5,1.0,6.7,59,Pbca
NIMYUD01,C18 H34 N2 O2,0.5,4.43,56,C2/c
TAMXEK,C11 H13 N5 O2,2.0,4.41,31,P21
TERZIC,C12 H11 N1 O2,1.0,3.46,26,P21/n
FUJZIT,C18 H26 N2 O2 Si2,0.5,4.2,50,Pbca
FODKOA01,C24 H14 N4 S4,1.0,3.73,46,C2
CALWAR,C20 H18 O3 S2,1.0,7.19,43,Pbca
YICJUQ,C14 H10 Cl2 N2 O3,1.0,3.89,31,P21/c
JIDPIZ,"C10 H10 N1 1+,Cl1 1-",1.0,2.5,21,P-1
OGETEC,C32 H14 F4 N2,0.5,3.71,52,P-1
GIZGIG,C17 H16 O3 S1,1.0,3.69,37,P21/n
GUKSAH,"C2 H10 N2 2+,C2 H7 N1 O6 P2 2-,3(H2 O1)",1.0,4.48,18,P212121
PEPPAD,C16 H12 N2 O4,0.5,3.3000000000000003,34,P21/c
DFTNBD,C4 H4 F2 N4 O10,0.5,3.0,24,P21/c
WICRIN,C17 H22 N2 O2,1.0,4.42,43,P-1
VULLUM,C19 H19 Cl1 N2 O3,1.0,4.36,44,P21/n
AZFOXM,C2 H4 N4 O2,0.5,4.3,12,P21/c
ETIDUG,"C10 H10 N3 1+,N1 O3 1-,H2 O1",2.0,6.7700000000000005,23,P-1
JOTJUX,C20 H20 Br1 N1 O3,1.0,2.8000000000000003,45,P21
LUWHUJ,"H12 B12 2-,2(H4 N1 1+),2(H3 N1)",0.3333333333333333,1.2874,24,P31c
EKECOM05,"C6 H12 N4,C11 H20 O4",2.0,3.8200000000000003,35,P21/c
QEMVAI,C22 H25 N1 O1,1.0,5.7700000000000005,49,Fdd2
SIVMUH,C20 H14 N2 O3,1.0,3.56,39,P21/c
ZANBIZ,"C7 H8 Cl2 N3 1+,Cl1 1-",1.0,4.05,20,P212121
OTINIP,"C24 H24 N4 P1 1+,C7 H11 O2 1-,2(C1 H4 O1)",1.0,4.2,53,P21/c
TILHEF,C22 H31 N3 O1 S1,2.0,5.800000000000001,58,P-1
BUKJEA,C20 H15 N1 O1,1.0,3.9,37,P21/n
ALULIG,C4 H4 Cl2 I2 N2,0.25,1.7000000000000002,14,I2/m
RIHKOK,C18 H14 B1 F2 N1 O1,1.0,3.4799999999999995,37,P21/n
PAZNIP,C25 H22 Cl2 O2,1.0,5.16,51,C2/c
YATKIP,Cl2,0.25,3.48,2,Cmca
OSOWUP,C15 H24 Cl1 F1 N5 O4 P1,1.0,2.96,51,P212121
UHAVEF,C19 H17 N3 O3,2.0,3.9,42,P21/c
RIHCUK,C13 H15 F1 O4,2.0,5.54,33,P21/c
BENBUT,"C6 H3 Br1 Cl2 N1 O2 S1 1-,K1 1+,1.5(H2 O1)",1.0,3.72,16,C2/c
TUZHIJ,C16 H20 N4 O4,2.0,6.909999999999999,44,P-1
SEJJUQ,C23 H14 F1 N1,1.0,5.88,39,P-1
DEGSIU,"C7 H14 N1 1+,C6 H2 Cl2 N1 O3 1-",1.0,3.36,22,P21/c
SICDER,C19 H17 N1 O2,1.0,5.0200000000000005,39,P-1
PAXNUX,"C22 H20 O8 S4,C1 H1 Cl3",1.0,4.91,54,P21/c
FOQGUO,"C12 H12 N2 O4,2(H2 O1)",2.0,6.7700000000000005,30,P21/c
HEJBEF,"C22 H32 O1,C1 H4 O1",1.0,3.64,55,C2
EPUFEE,C11 H12 Cl1 N3 O3 S1,1.0,4.130000000000001,31,P212121
MIYLUD,C21 H29 N1,1.0,4.390000000000001,51,P21/n
OLAWAC,"C13 H33 S1 Si2 1+,C3 H9 B12 Cl11 N1 1-",1.0,3.66,49,P21/c
PYMDAN14,C10 H2 O6,0.5,3.39,18,P42/n
APASAP,C21 H21 B1 F2 N6,1.0,3.5700000000000003,51,P21/n
IJODER,C5 H7 Li1 N2 O4,1.0,4.69,19,P21/c
NOQYUP,C19 H16 N4 O2,1.0,3.7800000000000002,41,P-1
RONBAA,"C12 H14 N4 O2 S1,C13 H10 N2 O3,H2 O1",1.0,5.2299999999999995,33,P21/c
HXPHIM,C8 H7 N1 O2,1.0,4.9,18,P-1
FONWOX,C26 H18 Cl1 O1 P1 S1,1.0,3.9600000000000004,48,P-1
MPZTSA,C14 H19 N3 O2 S1,1.0,5.1000000000000005,39,P21/c
POFQIL,C14 H16 N2 O6,0.5,4.8,38,P21/c
EYOYIE,C21 H21 N3 O2,1.0,6.710000000000001,47,P2/n
XOJJEN,"C11 H12 N3 S2 1+,N1 O3 1-",2.0,5.57,28,P21/n
OKADAJ,C20 H32 O2,1.0,3.5700000000000003,54,P212121
CLOPNB,C22 H22,1.0,4.3,44,Pbca
NUDWER,C19 H16 N2 O3,1.0,5.34,40,P21/n
TOWZIQ,C30 H32 Te2,1.0,2.22,64,P-1
PIXPUI,C12 H24 I2 O2 Te3,1.0,6.57,43,P212121
RIQJAG,C29 H28 N1 O1 P1,1.0,2.54,60,P212121
YIQTAX,C14 H15 N1 O4,1.0,4.99,34,P21/n
GETYUA,C12 H13 N1 O4,1.0,5.5600000000000005,30,P212121
HOVPEO,C9 H16 N6 O2,1.0,6.75,33,P-1
BEYZAG,C19 H21 N1 O6,1.0,5.8,47,P21/c
ZOWXAM,C23 H18 F2 N2 O3 S1,1.0,4.1000000000000005,49,C2/c
UDOBIY,C16 H14 N4,1.0,4.7700000000000005,34,P21/n
BBCPEO01,C19 H14 Br2 O1,0.5,5.2,36,Abm2
VELQAE,C11 H12 N4 S2,1.0,4.75,29,P21/c
TISSOH,C16 H12 O3,1.0,4.05,31,Pbca
YELTOZ,C17 H24 O5,1.0,3.06,46,P212121
QQQFNG02,C6 H5 N3 O4,1.0,5.3,18,P21/c
JAGLUY,"C18 H27 O9 S1 1-,H3 O1 1+,H2 O1",1.0,4.4,55,P21/n
SAKJOG,C19 H24 O3,2.0,3.88,46,P212121
JAWQAZ,C12 H14 B2 N8,1.0,3.54,36,Pbca
WOBXUI,C26 H19 N1 O5,2.0,5.140000000000001,51,Pc
HAJFOP,"C17 H20 N4 O2,H2 O1",1.0,4.54,43,P-1
FEPFAL,C16 H17 N1 O1,1.0,4.73,35,P21/c
RIXVED,"C6 H12 N2,2(C3 H3 N3 O3)",0.5,4.29,20,C2/c
KUDMON01,C13 H9 Br1 O3,1.0,3.46,26,P21/n
XAYYON,C21 H19 Br1 N2 O1 S1,1.0,2.71,45,P21/c
PIBSUP,C14 H17 N2 O5 P1,1.0,6.640000000000001,39,P21/c
VORDOW,C21 H17 N3 O2,1.0,7.2700000000000005,43,P21/c
FAZHOG,"C7 H4 N1 O3 S1 1-,0.25(H2 O1),Cs1 1+",2.0,2.75,16,C2/c
MOHHEY,"C8 H11 N4 O1 1+,N1 O3 1-",1.0,4.2700000000000005,24,P21/c
LAYFIB,C14 H14 O2 Te2,1.0,5.97,32,P21/n
GEKWOK,C13 H11 N3 O1 S3,1.0,3.84,31,P21/c
ULUKIZ,C16 H20 Br1 N1 O3,2.0,3.64,41,P212121
SOSLOE,C6 H26 B20,1.0,5.7299999999999995,52,P21/n
PINNOP04,C11 H6 N2 O1,1.0,5.01,20,P21/c
COSNUU,"C23 H14 F6 N4 O2 S2,H2 O1",1.0,5.01,51,P21/n
JAXGUL,C18 H19 N3 O5,1.0,4.7,45,P21/c
REPMUY,"C20 H16 N2 O2,2(H2 O1)",0.5,5.1499999999999995,40,P21/n
EZOHAE,C14 H13 N1 O4,1.0,6.3100000000000005,32,P21/c
RUXKAZ,C26 H24 O4,1.0,3.5700000000000003,54,Pbca
UROXAL02,"C2 H2 O4,2(C1 H4 N2 O1)",0.5,2.0,8,P21/c
NUTMIY,C27 H27 N1 O4 S1,1.0,3.2,60,P21
SUYTEN,C18 H11 N1 O1,1.0,4.46,31,P21/c
LEGYEB,C21 H33 K1 O7,1.0,5.1000000000000005,62,P21/c
BEZDUJ,C26 H23 F3 N2 O3,1.0,4.8500000000000005,57,P21/c
JIQCAQ,C18 H16 O4 S2,0.5,4.95,40,P21/c
SIZMIA,C25 H20 F3 N3 O5 S1,1.0,3.52,57,P21
QUGVIA,"C12 H12 N6,H2 O1",2.0,4.859999999999999,30,P21/n
TIKPEJ,"C12 H12 N2,C18 H15 O1 P1",1.0,4.9,35,P21/c
REHHEU,C24 H26 N4 O4 P2,1.0,4.62,60,Pbcn
OFEGAK,"C24 H16 N2,5(C6 H2 F4 O2)",0.5,5.4399999999999995,42,P-1
QUYJUS,C17 H21 N2 O6 P1,1.0,4.08,47,P21/n
EYEBOC,C19 H14 N2 O1 S1,1.0,3.82,37,Pbca
YIXBOZ,C33 H20 O1,1.0,4.4799999999999995,54,P21/n
NEFMOC,C13 H15 N1 O2 S1,1.0,5.59,32,P21/c
ATOWAK,"C22 H28 N4 2+,2(C8 H4 N1 O6 1-),H2 O1",0.5,5.67,54,P-1
EZAZOY,C25 H25 I1 O3 S1,1.0,2.5,55,P21/c
GUDTOQ11,"C5 H8 O4,C4 H4 N2",1.0,3.91,17,P21/c
RUNFEM,C20 H30 O4 S1,1.0,6.26,55,C2
NEQJAW,C8 H10 N2 O1 S1,1.0,3.47,22,P21/n
KEWFOL,C17 H18 N2 O1,1.0,2.77,38,P212121
QUFHIM,C25 H17 B1 F2 N2 O3,1.0,4.35,50,P21/n
DEGCEY,C16 H13 N1 O4,1.0,3.49,34,P212121
OZEBON,"C12 Br2 F8,C10 H8 N2",1.0,5.54,22,P-1
IXEPIN,"C16 H36 N1 1+,C18 H9 N4 O2 1-",1.0,5.24,53,P-1
YOTSIJ,"C22 H29 N3 O1,H1 Br1",1.0,4.7,55,P212121
XOYKUT,C18 H19 N1 O2,1.0,5.6899999999999995,40,P21/n
CIKBAB,C15 H13 N1 O4,1.0,3.5700000000000003,33,P21/n
FORVUD,C28 H26 O7,1.0,7.5,61,P21/a
YEHWAN,C18 H17 N1 O2,1.0,5.489999999999999,38,P-1
FAGQAF,C23 H25 N3 O2,1.0,5.79,53,P21/n
RIGZIS,C11 H14 N2 O2,1.0,5.65,29,P212121
LAQXAD,C31 H26 N2 O3,1.0,6.21,62,P-1
COZCUT,"C8 H6 Br1 N2 O1 1+,Cl1 1-",1.0,3.5700000000000003,18,P21/c
HOXBOO01,"C12 H10 N2,C8 H6 O4",0.5,3.53,24,P-1
HANCEG,C15 H18 N2 O4,1.0,3.8200000000000003,39,C2/c
PIRJAD,C25 H17 F3 O2,1.0,4.25,47,P21/c
XAGXOW,"C11 H17 N2 O1 1+,C7 H4 Br1 O2 1-",1.0,3.51,31,P212121
JALRIX,C18 H15 Cl3 N3 O3 P3,1.0,5.1000000000000005,45,P21/n
AWUQOZ,C19 H19 Cl1 N4 O1 S1,1.0,3.31,45,C2/c
HEPQEB,C17 H19 N1 O3 S1,1.0,5.48,41,P-1
COVVEQ,C11 H9 F1 N4 O2,1.0,3.4099999999999997,27,P212121
DOTXAM,C19 H29 P1 Si2,0.5,4.15,51,Pnma
SAGLAQ,C13 H14 N6 O3,1.0,4.12,36,P-1
UHEZOA,"C11 H20 N1 1+,C2 H3 N1,I1 1-",0.5,3.2199999999999998,32,Pmn21
ISOWUJ,C17 H12 O3 S1,1.0,5.09,33,P21/n
GATTIE,"C7 H12 B1 F3 N2,0.5(C7 H8)",2.0,5.82,25,P21/n
TIZQEZ,C13 H7 Br1 F4 S1,1.0,3.61,26,P21
VICYIT,C8 H6 B1 Br1 O2 S1,1.0,2.96,19,P21/n
RILVEQ,C14 H17 O1 P1 S1,1.0,2.6599999999999997,34,P21
OCUSUA02,C15 H12 N2,2.0,4.28,29,P21/n
GEHNIQ,C18 H18 N2 O2 S1,1.0,4.5,41,P21/c
MEDCOP,"C8 H12 N1 O1 1+,C7 H5 O3 1-",1.0,3.69,22,P-1
CEJYIC,"C19 H30 O4,C1 H2 Cl2",1.0,5.3,53,P21/n
XEHDOF,C14 H13 N1 O5 S1,1.0,2.77,34,P1
FURBID,C18 H16 Br1 N3 O3,1.0,5.8,41,B112/b
DOYTOE,"C23 H21 F3 O8 Se1,C1 H2 Cl2",1.0,4.05,56,P212121
ZAQZOJ,C18 H14 Cl1 N1 O3,1.0,4.569999999999999,37,P21
SAFBUW,"2(C2 H3 O2 1-),Ba1 2+",1.0,4.2,7,I41/a
PAZHEE,C7 H13 N1 O4,2.0,6.0200000000000005,25,P21
VEKXUE,C24 H20 N3 O2 P1 S2,1.0,4.82,52,P-1
ZEBCOA,C15 H16 N8 S2,0.5,3.46,41,C2/c
SOFLOP,C20 H17 N1,1.0,5.58,38,P21/c
RAYJEK,C9 H13 F3 O4 S1,1.0,2.68,30,I2
GLYCIN79,C2 H5 N1 O2,1.0,0.78,10,P21/c
MIBBOR,"C15 H18 O6,2(H2 O1)",1.0,2.53,39,C2
CADKUS,C26 H23 N1,1.0,4.130000000000001,50,P212121
HEVNAA,C21 H30 O4 S1,1.0,4.37,56,P212121
ABEGUK01,"C18 H18 B2 O6,C3 H6 O1",1.0,3.65,44,P212121
ZOSTEG,C15 H13 N1 O2,1.0,6.9,31,Pbna
GUHDUL,C16 H22 O4,0.5,3.26,42,P21/n
ZILDIL01,"C10 H10 O4,C7 H8 N4 O2",2.0,6.0,24,P-1
BILROF,C23 H31 N5 O5,1.0,5.7,64,P21/c
IFURUY,"C22 H23 N3 O4,5(H2 O1)",1.0,4.74,52,P21/n
WOVREH,C27 H25 Cl1 N1 O3 P1,1.0,3.6799999999999997,58,P212121
OTOPEU,"C14 H24 N4 P1 S2 1+,Br1 1-",0.5,3.47,45,Fdd2
XUQVIO,"C3 H5 N2 1+,C2 H4 O5 P1 1-",1.0,5.0,12,P21/c
BAYCAG,C20 H16 F3 N3 O1,1.0,4.6000000000000005,43,P21/n
ADEZIU,C26 H26 Br2 N2 O3,1.0,3.98,59,P21/c
IBUKAU,C11 H9 N3,1.0,6.890000000000001,23,P21/n
COYPOX,"C12 H19 N4 O7 P2 S1 1+,C1 F3 O3 S1 1-,H2 O1",1.0,3.93,45,P-1
ROZPAB,C17 H24 O7 S1,1.0,2.9499999999999997,49,P21
LUJMIP,C24 H28 N2 O6,1.0,5.4399999999999995,60,P-1
DAFFUO,"2(C24 H20 P1 1+),C2 H12 B10 O1 S1 2-,C2 H3 N1",1.0,5.67,45,P-1
OJERAA,C16 H24 N4 S1,2.0,4.51,45,P21
JOPXER,C22 H32 N2 O4,1.0,2.6,60,C2
JUXZUB,"C19 H3 B1 F15 O2 1-,C9 H20 N1 1+,1.5(C6 H6)",1.0,3.3300000000000005,40,C2/c
QEKPUV,C26 H25 N1 O6 S1,1.0,5.0200000000000005,59,P21/c
KUQDAC,C18 H24 N4 O1,1.0,4.3,47,Pbca
YIXCER,C23 H23 N1,1.0,3.84,47,Cc
DEDLUW,C16 H10 F1 N1 O1 S1,1.0,4.15,30,P-1
ONEHIC,C20 H16 N2 O4 S1,1.0,5.12,43,P21/n
EYOJUY,C17 H18 N2 O8,1.0,3.0300000000000002,45,P21
TREHAL16,"C12 H22 O11,2(H2 O1)",1.0,6.13,45,P212121
WIDWOW,C10 H22 F1 N3 Si1,1.0,6.94,37,P21/c
IJUBOG,C24 H18,1.0,7.4399999999999995,42,P21/n
ZUXTUL,C22 H4 F10 O2 S2,0.5,3.7800000000000002,40,P-1
PIGPAX,"C23 H26 N2 O4,C7 H16 O1",1.0,3.47,55,P212121
AQAYAT,"C10 H18 N2 O4,H2 O1",1.0,4.41,34,P-1
NEYNAK,"C12 H15 N1 O3,0.5(C4 H6 O4)",1.0,4.35,31,I2/c
CAZDEO,"C2 H1 N6 O4 1-,C1 H6 N3 1+",1.0,3.25,13,Pna21
SUYRIO,C15 H14 Br1 N1 O2,1.0,3.0100000000000002,33,Pbca
AQUMUU,"C19 H16 I2 O4,C1 H4 O1",1.0,2.84,41,P21/a
WATBIG,C26 H22 B1 N3,1.0,3.49,52,P21/c
XAYMEP,C8 H6 N4,0.5,4.05,18,P-1
SIZXEG,"C24 H18 B2 F4 N6,C3 H6 O1",1.0,3.7800000000000002,54,P21/c
NIQVUF,C10 H10 N4 O1,1.0,3.49,25,P-1
SAMQII,C24 H30 O4 Si1,2.0,4.78,59,P212121
RAVPAF,"C4 H12 B1 O4 1-,C10 H16 N1 1+",1.0,4.96,27,P42/n
CUGLUL,"C17 H21 N2 O5 1+,C6 H2 N3 O7 1-",1.0,5.1000000000000005,45,P-1
OZORON,C15 H13 N1 O1,1.0,3.5700000000000003,30,Pbca
QUPXIJ,C22 H20 Br1 O2 P1,1.0,4.2700000000000005,46,C2
LATGAQ,"C8 H10 N4 O2,C6 H5 I1 N2 O2",1.0,2.56,24,P21/c
HOFJAP,C10 H8 Br1 F3 N2,2.0,4.67,24,P21
POCZUD,C14 H14 N4,2.0,6.79,32,P21/c
BURFIF,C18 H17 N3 O5,1.0,4.08,43,P212121
IWIZIA,C23 H33 N1 Si2,1.0,3.61,59,P21/c
NOLKUW,C13 H12 Br1 N1 O1,1.0,4.68,28,P21cn
NOSFUA,C20 H14 N3 P1,1.0,2.18,38,P1
EPEPOG,C32 H18 O2,0.5,5.050000000000001,52,Pccn
TUHHUZ,"C17 H30 N2 O2,C15 H29 N5",1.0,7.1000000000000005,51,P-1
SOCQOS,C22 H23 Br1 N2 O3,1.0,4.67,51,P-1
PUTJOE,C15 H15 N1 O3,1.0,3.0700000000000003,34,P21
OWAMEF,C26 H18 N4,2.0,5.34,48,P-1
IGOSIG,C10 H13 N3 O5,1.0,3.54,31,P212121
ANITUO,"C10 H9 N4 O2 1+,Cl1 1-",1.0,4.79,25,P-1
MODPOL,C8 H7 N5 O2,1.0,7.5,22,P21/c
LUWQIH,C16 H16 N2 O2 S1,1.0,4.87,37,P21/n
YOVDIZ,C16 H12 I1 N1 O1 S1,2.0,3.71,32,P212121
TAHDUF,C12 H11 N1 O3,2.0,5.2299999999999995,27,P21/c
XUPHEX01,"Rb1 1+,C1 F3 O3 S1 1-",1.0,3.76,8,P21
GEPJIW,"2(C17 H17 Cl1 O6),C4 H5 N1 O4 S1,H2 O1",1.0,4.64,41,P21
FETWIN,C13 H20 O2,1.0,4.8,35,P21
EPUHAB,"C7 H7 N2 S1 1+,C7 H4 N1 O3 S1 1-",2.0,5.220000000000001,17,P21/n
LAHKUC,"C20 H21 N1,0.5(C6 H6)",1.0,4.5,42,P21/n
QAFSAR,C19 H24 O5,1.0,2.99,48,P21
TOBHOL,C15 H26 O2,2.0,4.4799999999999995,43,P21
PATMIK,"C16 H26 O4,H2 O1",1.0,5.66,46,P21
YIPSEZ,"C25 H23 N3 O6,2(H2 O1)",1.0,3.8600000000000003,57,P21/c
VUZHOO01,"C18 H16 O7,H2 O1",1.0,3.5700000000000003,41,C2/c
IXEWIT,C23 H22 N2 O1,1.0,5.140000000000001,48,P-1
PEXYEZ,C18 H10 Cl2 N2 O2,1.0,5.34,34,P-1
AGIMEK,C14 H13 N3 O3,1.0,4.15,33,P212121
RUDPEL04,"C10 H8 S4 Se4,C10 H8 S4 Se4 1+,I3 1-",1.0,6.140000000000001,26,P-1
VOMTAV,C22 H23 N3 O4,1.0,6.35,52,P21/c
HIQNII,"C10 H15 N2 1+,C7 H4 Cl1 O2 1-,H2 O1",1.0,6.92,27,P21/c
MPITRZ10,"C20 H20 N5 O3 1+,C2 F3 O2 1-",1.0,5.7,48,P21/c
DINJUH,"C4 H5 F1 N3 O1 1+,0.5(C4 H2 O4 2-),H2 O1",1.0,3.4799999999999995,14,P21/c
ZEWQAX,C26 H26 F2 O4,2.0,3.51,58,P-1
SOPHOU01,C20 H16 N2 O1 S2,1.0,2.69,41,P-1
NOLJOR,C25 H30 B1 N1 O3,1.0,4.25,60,P212121
APROMA10,C14 H21 N1 O1,1.0,4.9,37,P21/c
GOQWEO,C21 H30 O5,1.0,4.72,56,P21/c
HUHWAI,C8 H11 N5 O5 S1,1.0,5.99,30,Pna21
INULUA,C14 H9 Br1 I1 N1 O2,1.0,3.29,28,P21/n
POHDUP,C16 H28 F12 O4 Si4,0.5,2.69,64,C2/c
KUTHIT,C14 H17 N1 O4 S1,1.0,5.62,37,P-1
ZILDUX01,C3 H5 Cl1 O2,1.0,7.140000000000001,11,R-3
YEYXAE,"2(C3 H10 N1 1+),Br6 Te1 2-",0.16666666666666666,2.09,14,Pa-3
IBOLIV,C15 H21 N1 O3,1.0,5.0,40,P21
NIFMAS,C18 H29 N5 O1,2.0,5.83,53,Pna21
NUXJIB,C22 H26 N2 O2 S1,1.0,3.7199999999999998,53,P21/c
NIQCID,C19 H21 N1 O5,1.0,4.61,46,P-1
OKUPES,C23 H25 F1 O1,2.0,4.87,50,P1
HOFNIC,C28 H23 N1 O4,1.0,5.029999999999999,56,P21/c
WABZUV,C16 H17 Cl1 O4,1.0,2.8000000000000003,38,P212121
OHOQEJ,"C2 N6 O4 2-,2(H4 N1 O1 1+)",1.0,3.25,12,P-1
KUVDEK,C6 H9 N3 O2,1.0,4.2,20,P21/c
VEJSIQ,"C26 H23 N3 O2 S1,2(C1 H1 Cl3)",1.0,4.25,55,P212121
UMUGES,C13 H12 S5,1.0,3.93,30,C2/c
NUKTOC,C16 H19 N1 O3,1.0,3.4,39,P21
WUHBOT,"C27 H20 O2,0.5(C7 H8)",2.0,4.279999999999999,49,P21
LIHBIN,C24 H30 O2,0.5,6.2,56,P21/c
UMORIA,C24 H25 N1 O5 S1,1.0,3.65,56,P21/c
AYAGAJ,C22 H26 O2 S1,1.0,5.42,51,P21
HARMEV,C15 H15 N1 O2,2.0,4.62,33,P-1
EYOHUZ,C13 H14 N4 S1,1.0,4.590000000000001,32,Pbca
YUPQOS,C34 H22 N2 O2 S2,0.5,4.760000000000001,62,P-1
AXAPOH,C23 H16 N2 O2,1.0,6.25,43,P21/c
SAHGUF,C11 H8 Br1 N1 O2,1.0,2.92,23,Pccn
UDIGUK,C20 H15 N1,1.0,3.72,36,Pbca
KABHEB,"C19 H18 N3 1+,C1 F3 O3 S1 1-",2.0,4.51,40,P21/c
ZOBHOR,C21 H30 O5,1.0,3.02,56,P212121
BUFHES,C13 H14 O4,2.0,3.7199999999999998,31,C2
POSHAG,C12 F10 N2 S1,2.0,4.44,25,P212121
JARVED,C15 H28 O3,1.0,5.3,46,P212121
WEMVIW,C28 H17 N5 O5,1.0,6.140000000000001,55,I2/a
TITROG,C15 H16 O3,1.0,3.81,34,P212121
DEGYUM,C17 H25 B10 N1 O1,1.0,5.38,54,C2/c
BUGKUK,"Na1 1+,C3 H1 N6 O6 1-",1.0,3.95,16,Pbcn
AKESUG,C17 H13 B1 F2 N2 O1,1.0,4.58,36,P21/c
OKUSUI,C8 H18 Br2 Mg1 O4,1.0,3.5500000000000003,33,P21/c
HIBSUJ,C13 H18 O2,1.0,4.14,33,Pbca
JIQLED,"C15 H12 N2 O1,C8 H8 O4,H2 O1",1.0,5.46,30,P21/n
TEYWIG,"C16 H22 N2 2+,2(C6 H5 O3 S1 1-)",0.5,5.09,40,C2/c
YOFNAM,C11 H17 N1 O5,1.0,4.22,34,P21
LOFDIV01,"C8 H14 N2 2+,2(N1 O3 1-)",2.0,4.64,24,P21/c
POPYID,C19 H20 O5,1.0,4.87,44,P-1
WUPYEN01,"C18 H18 Cl1 N2 O3 1+,H2 O1,Cl1 1-",1.0,6.2,42,P-1
LUJJIK,C23 H33 N1 O7,1.0,3.67,64,P21
RUWPOO,C21 H36 B1 N1 P2,1.0,5.41,61,Pbca
JEBMIM,"C24 H20 As1 1+,C17 N11 1-",1.0,6.9,45,P-1
HUZXAB,"C11 H22 N1 O1 1+,I1 1-",2.0,2.54,35,P21
YAVDUY,C25 H23 F1 N2 O2 S1,1.0,4.16,54,P-1
CIXQEJ,C9 H13 Cl1 O2,1.0,4.31,25,P21/c
OFIRUU,C31 H23 N1,1.0,3.82,55,P-1
KEJDIM,C18 H19 N1 O3,1.0,4.1,41,Pna21
XIVJES,C13 H13 N3 O5,1.0,4.54,34,P-1
ZINZUR,"C5 H8 N2 O5,C10 H8 N2",0.5,3.8000000000000003,20,C2/c
PUGGUW,C13 H20 N2 O2,2.0,3.61,37,P21
KUVVUS,C10 H18 O2,2.0,2.6,30,P21/c
QIHSOT,C32 H24 N2,1.0,5.140000000000001,58,P21/n
SUTHAZ27,C9 H9 N3 O2 S2,2.0,5.1000000000000005,25,P21/n
QUJMEP,C18 H15 B1 F2 O3,1.0,3.85,39,P21/c
FIHHEJ,C16 H21 N1 O3,1.0,4.3,41,P212121
LOBHEP,C18 H15 N1 O1,1.0,5.08,35,P21/c
YINZOM01,"C4 H4 I2,6(C1 H4 N2 O1)",0.5,5.27,10,P21/n
MUBTOT,C20 H13 I1 O2 S1,1.0,1.73,37,P-1
POGSOX,C32 H17 B1 N2 O2,1.0,5.57,54,P21/c
XOMPIY,"C6 H16 N1 1+,H1 F1 O3 P1 1-",1.0,3.87,23,P21/n
ONAVEI,"C22 H25 N1 O2,H2 O1",2.0,5.84,50,P-1
INOMOR,"C16 H19 F1 N3 O3 1+,C7 H6 N1 O2 1-",1.0,3.82,42,P21/n
QEGSED,"C15 H15 N2 O1 1+,H1 O4 S1 1-",2.0,4.390000000000001,33,P-1
YIDKOO,C12 H18 O3,1.0,3.4099999999999997,33,P21
BAGTAF,C19 H21 N1 O2 Se1,2.0,4.8,44,P21/c
POKFEE01,C30 H22 O2,1.0,3.63,54,P21
ZZZRTI08,C8 H10,1.0,5.7700000000000005,18,P21/c
ZUNXIS,C13 H14 N2 O2 Se1,1.0,3.35,32,P-1
WACSEB,C14 H14 F5 N1 O1,2.0,5.050000000000001,35,P-1
UPIYEZ,C30 H21 N1 O2,1.0,4.15,54,C2/c
WOMSEW,C15 H17 N1 O1 S1,1.0,2.95,35,P212121
HUFMIF,C10 H22 N1 O6 P1,1.0,4.0,40,P212121
EHUFAQ,C18 H19 N1 O2,1.0,3.5000000000000004,40,P212121
OYEVOG,C30 H18 Br3 F3 N2 O2,1.0,6.0600000000000005,58,P21/c
HUZJIZ,C25 H23 N1 O4,1.0,4.35,53,Cc
XODBEA,C21 H28 N2 O1,1.0,5.63,52,P21/c
OVEHOQ,C15 H15 N5 O2,1.0,5.6899999999999995,37,I2/a
FAXYAG,"C22 H22 N6 O7 S2,5(H2 O1)",1.0,6.0,59,P212121
VEJROT,C8 H7 Br3,1.0,1.8,18,P212121
XAPXAN,"C3 H7 N2 S1 1+,C8 H4 Cl3 O3 1-",1.0,4.8100000000000005,18,P21/c
AZIDIW,C12 H20 N4 O4,1.0,4.26,40,Pbca
DIDMUZ,C22 H22 O4,0.5,4.24,48,C2/c
TOYYEL,C13 H11 N3 O4,2.0,6.4,31,P-1
VEWRIB,C19 H15 N1 O3 S1,2.0,3.95,39,P21/n
HUHPAC,C19 H25 N5 S2,1.0,3.92,51,Pbca
BOQVUB,"C22 H15 N1 O6,C2 H1 F3 O2,H2 O1",1.0,3.93,44,P212121
TPDSZP,C23 H17 N1 S2,1.0,3.4,43,P212121
GALKEN,C15 H11 Br1 F2 N4 O1 S1,1.0,4.5600000000000005,35,P21/c
PATNIK,C15 H22 O6,1.0,3.5999999999999996,43,P21/c
COXZAS20,C12 H12 N2 O2,1.0,5.54,28,P21/a
YAHSOR,"C8 H12 N1 1+,H2 O1,Cl1 1-",1.0,3.83,21,P212121
HECPEN,"C20 H19 F1 N8 O2,C2 H3 N1",1.0,5.4399999999999995,50,P-1
TERMAF,"C8 H12 N2 O3 S1,2(H2 O1)",1.0,3.68,26,P21/c
JUNLIQ,"C18 H28 N3 3+,3(Cl1 1-)",0.5,3.7600000000000002,49,C2
BOXJEG,"2(C6 H13 N2 1+),C6 Cl2 O4 2-,2(H2 O1)",1.0,4.02,21,P21/n
CIWPUV,"C4 N10 O7 2-,2(H4 N1 1+),3(H2 O1)",1.0,5.18,21,P-1
DEFZOG,C24 H20 N4 O8 S2,0.5,3.18,58,C2/c
WUQLOJ,C18 H26 O5,1.0,5.63,49,P-1
NECBIH,C21 H21 N5 O3 S1,1.0,6.62,51,P21/c
MHHPCX,C9 H14 O4,1.0,4.4,27,P212121
OZUHEA,C32 H24 N2 O3 S1,1.0,5.42,62,P21/n
CIQYOR01,C14 H10 Br2 N2,0.5,2.7600000000000002,28,P21/c
SEVSES,C22 H26 N2 O2,2.0,5.4,52,P21/c
HEZKEG,C14 H20 N1 O3 P1 S1,1.0,5.9799999999999995,40,P21/n
MINVIP,"2(C5 H8 N3 O1 1+),H1 O4 P1 2-",1.0,3.8000000000000003,17,P-1
DITBEN03,C30 H18,0.5,4.06,48,C2/c
BEDROV,C25 H18 Cl1 N1,1.0,4.19,45,P-1
BETCEK,C17 H23 N1 O4 S1,1.0,4.18,46,P21/c
KHDCAC10,"C2 H1 Cl2 O2 1-,C2 H2 Cl2 O2,K1 1+",1.0,6.16,8,P21/c
TIJQOV,C26 H18 B1 N1 O4,2.0,5.0,50,C2/c
HUCHUK,C18 H16 N2 O2,1.0,6.16,38,P21/c
LEPHAQ,"C22 H28 O8,H2 O1",2.0,4.18,58,P21
ROPFIN,C21 H19 Br1 O4,1.0,3.4000000000000004,45,P32
ELOPOK01,C15 H16 N2 S1,0.5,3.46,34,Pbcn
SIMCOJ,C23 H19 N1 O3,1.0,4.24,46,Cc
ITELUS,C19 H27 N1 O4,1.0,3.04,51,P212121
VUBPAL,C20 H13 N1 O4,1.0,3.7900000000000005,38,P-1
PAHPUM,C25 H23 N1 O2,2.0,3.83,51,P21
OFIZEK,C5 H12 N2 S1,0.5,2.2399999999999998,20,C2/c
IVULUH,"C11 H18 N1 O1 1+,C7 H4 N1 O4 1-",1.0,5.51,31,P21/c
POYDAJ,C18 H17 F6 N1 O4 S1,1.0,6.55,47,P212121
NUXPEC,"C6 H6 N2 O3,2(H2 O1)",1.0,5.7700000000000005,17,P21/n
XILNUF,C15 H20 O3,2.0,3.7800000000000002,38,P21
RAFZAB,C5 H13 N1 O7 P2,2.0,3.44,28,P-1
SALAMP01,C12 H10 N2 O1,1.0,6.6000000000000005,25,Pbca
UQODAG,C16 H12 Br1 N1 O3 S2,1.0,4.76,35,P21/n
WEVCOP10,C22 H29 F3 O8,1.0,7.2,62,P21
ZAPSAK,C22 H27 N1 O5,1.0,5.0,55,P212121
HOFZEL,C24 H27 N1 O1 Si1,2.0,3.06,54,P21
SETLIQ,C20 H18 Cl1 N1 O3 S2,2.0,4.38,45,P-1
EMOLIF,C19 H14 N2 O4 S1,1.0,5.16,40,P-1
BAPLOT11,C7 H8 N4 O2,1.0,5.08,21,Pna21
ZUDDAF,C24 H30 N2 O4,1.0,4.47,60,P212121
RELNON,C26 H22 O6,1.0,4.58,54,P21/n
RATFUO,C2 H3 Cl1 N4,1.0,3.7,10,Pbca
TISCEF,C15 H13 N1 O2,1.0,5.4,31,Pna21
NEMJIA,C17 H26 O3,1.0,3.5100000000000002,46,P21
RATNIN01,"C12 H10 O4 P1 1-,C6 H7 Cl1 N1 1+",1.0,5.45,27,P-1
CIQZAD,C21 H26 N2 O2,1.0,5.2700000000000005,51,P21/a
CAGYIW,C14 H9 Cl1 N2 O3 S1,1.0,3.62,30,Pbca
VIXWIL,"C12 H7 Br1 N2,C6 F3 I3",1.0,3.02,22,P21/c
TIMBEZ,C23 H17 Cl1 O1,2.0,5.25,42,P21/c
UGOPUC,"C26 H29 N3 O4,H2 O1",1.0,5.5,62,C2
APEKIQ,C14 H22 O2 S1,1.0,3.4,39,P21
MUPWAY13,C18 H13 N4,1.0,5.7700000000000005,35,P21/c
BEMQET,C30 H26 N2 O3,1.0,7.21,61,P-1
DIJBIK,C22 H26 N2 O1,1.0,4.24,51,P21/c
NECCAB,C28 H29 N1 O4,1.0,4.15,62,P21
PUQQEX,C13 H14 N2 O3,1.0,7.4,32,C2/c
IRUSUL,C24 H23 N1 O6 S1,2.0,5.91,55,P21
UXOTUA,C22 H17 F2 N1 O1,1.0,4.4799999999999995,43,P21/c
POWXAD,C19 H18 F3 N3 O6,1.0,5.66,49,P42212
YIFVOA,C32 H30,0.5,5.41,62,P21/c
HATZUX,C15 H20 O3,2.0,4.4,38,P1
LODTEG,C14 H9 F1 N2 O1 S1,1.0,6.3100000000000005,28,C2/c
DETNEW,C14 H24 O2,1.0,3.8000000000000003,40,P21/c
YUKYUC,C14 H18 N2 O6,1.0,1.91,40,P21/c
VAGXAC,C10 H11 N1 O2 S1,1.0,5.2,25,Pna21
DAHKIJ,C24 H26 O7,1.0,4.8500000000000005,57,P-1
TERQAL,C30 H28 Cl1 N1,1.0,4.58,60,P212121
LIYBAA,C28 H19 B1 Cl1 N1,1.0,3.84,50,P-1
FUFBAJ,C8 H12 O2,0.5,6.2,22,P-1
QISTES,"C10 H8 S8 1+,C10 H8 S8,C7 H3 Cl3 N1 O5 S1 1-,0.5(H2 O1)",2.0,6.05,26,P-1
PUVQOM,C17 H12 Cl2 N2 O1,1.0,7.2,34,P21/n
IZOBAE,"C11 H9 F1 N1 O2 S1 1+,H2 O1,Br1 1-",1.0,6.08,25,P21/c
GIKKIV,C15 H12 N4 O8,1.0,3.96,39,C2/c
RUCPUC,C14 H22 O2,1.0,6.99,38,P21/c
JIRVIQ,C21 H14 F2 O2,1.0,4.24,39,P-1
ITIYOD,C13 H19 B9 N2 O2,1.0,5.6000000000000005,45,P21/n
LAZRIO,"C6 H11 N2 1+,B1 F4 1-",1.0,4.42,19,P21/n
BADGUN,C22 H24 B1 F2 N3 O1,1.0,4.19,53,P21/n
KEWKAY,C29 H22 O1,1.0,3.9,52,P21/c
HUTREX,"C30 H22 N2 S2,2(C3 H7 N1 O1)",0.5,3.56,56,Pbca
LIVYUL,"C12 H12 N1 S1 1+,C6 H4 Cl1 O3 S1 1-",1.0,3.71,26,P21/c
VAQVEO,C18 H22 N3 O6 P1 Se1,1.0,5.76,51,P21
UPEYIY,C17 H20 N4 O4,1.0,5.12,45,P212121
YOZLUU,C19 H19 B1 F2 O3,1.0,5.7,44,P212121
SALWEJ,"C18 H6 B1 F18 1-,C6 H13 N2 1+",1.0,6.26,43,P-1
EYUZAD,C16 H16 N2 O2 S2,1.0,4.03,38,P-1
TIYPOH,C20 H15 N3 O1,1.0,6.29,39,P-1
SABNIU,C8 H7 N3 O1,1.0,6.66,19,P21/n
NIGHAO,"C8 H11 O4 1-,C7 H7 N2 1+",1.0,3.1300000000000003,23,P212121
NOJYUJ,C21 H22 Br1 N1 O1,1.0,1.8599999999999999,46,P212121
YUWMUY,"C5 H5 N5 O1,H2 O1",1.0,3.3000000000000003,16,P21/c
VOYVIR,C20 H19 N5,1.0,4.74,44,P-1
NEBQIX,C19 H24 O8,1.0,2.8899999999999997,51,P212121
YEBFEQ,C21 H22 N2 O9,1.0,5.23,54,P-1
LETXOB,C19 H24 N2 O5 S2,1.0,3.16,52,P21
PAFYEF,C11 H21 B10 F1 O2 S1,1.0,6.370000000000001,46,P21/n
HOFXOQ,C16 H13 Cl2 N1 O1,1.0,4.53,33,Pna21
TIVBOP,"C20 H34 O3,H2 O1",1.0,4.2,57,P212121
NAHDUX,C19 H27 N3 O5,1.0,7.4,54,P212121
KIBFUW,C18 H26 O1,1.0,7.3,45,P21/c
IROXUI,C28 H28 N2 O2,1.0,4.38,60,P-1
OYAPAI,C12 H11 I1 N2 O4 S1,2.0,5.01,31,P-1
IDIMIR,C18 H16,1.0,4.5600000000000005,34,P21/c
ESIDOZ,C13 H16 O5,1.0,5.17,34,P21/n
DINROH10,C17 H21 N3 O3,1.0,7.4,44,C2221
RADWUR,C20 H28 O3,1.0,5.75,51,P212121
KABJUV,C19 H18 Cl2 N2 O3 S1,1.0,3.1199999999999997,45,P21/c
VUJVAX,C19 H19 N1 O1,1.0,4.92,40,P212121
QOFBEW,C16 H19 F1 O6,1.0,2.8000000000000003,42,P212121
PORCUU,C20 H21 N1 O2,1.0,3.27,44,P21
XOWGAS,C13 H8 I1 N1 O2,2.0,4.78,25,P22121
XOGYUO,"C12 H18 N2 2+,2(Cl1 1-),H2 O1",1.0,4.74,32,P212121
QIMVIU,C23 H21 N1 O5,1.0,7.2700000000000005,50,P21/c
JACFUO,C13 H11 As1 O4,1.0,1.78,29,P212121
DIZSIQ02,C15 H8 Cl2 F5 N1 S1 Se1,1.0,7.180000000000001,33,P21/n
BUSDIG01,"C4 H3 D8 N4 O2 1+,Cl1 1-",1.0,6.510000000000001,21,P21
MULRAQ,C23 H24 N2,1.0,5.16,49,P21
TURPEE,C18 H18 Br2 N2 O4,0.5,2.29,44,P-1
GITCUI,C21 H20 N4 O2,1.0,6.49,47,P-1
TOVHAR,C15 H11 Br1 O2,1.0,3.65,29,P-1
BUXXIE,"C19 H27 N4 1+,F6 P1 1-",1.0,3.55,50,P21/c
HUPNIR,C7 H8 O1,2.0,3.7199999999999998,16,P21/c
SEWYIF,C10 H12 N4 O2 S1,2.0,5.09,29,C2/c
KEPFUI,"C2 H3 N6 O1 1-,C1 H6 N3 1+",1.0,2.87,12,Pca21
XEGBUG,C23 H32 O4,1.0,3.25,59,P21
LEYVIW,C17 H16 O3,1.0,3.15,36,P21/c
QUTTIL,"C20 H32 N2 P4 2+,2(C1 F3 O3 S1 1-)",0.5,3.3000000000000003,58,Pccn
WIZTAA,C13 H18 O2,1.0,3.8000000000000003,33,P21/c
APYNAC,C5 H7 N1 O3,1.0,5.3500000000000005,16,P21
YABNEU,C14 H28 O2 S1,1.0,5.7,45,P21/c
MOJVUC,C22 H30 O5,1.0,5.0200000000000005,57,P212121
QUFFIJ,"C8 H12 N1 1+,I3 1-",1.0,2.9499999999999997,21,P21/n
TUBCIG,C16 H23 As1 O9 S3,1.0,2.65,52,P212121
OZOSED,"C10 H8 N2 O1,C8 H8 O2",1.0,5.55,21,P-1
KOZHEO,C24 H26 N2 O1 S1,0.5,4.51,54,Pnma
DIRXAF01,C19 H13 F2 N3,0.5,4.01,37,C2/c
OWUWIP,C33 H24 O1,1.0,4.15,58,P21/n
KEVMUW,"C24 H20 P1 1+,C6 H6 F6,H2 O1,Cl1 1-",1.0,4.93,45,P-1
YOKQIY,C22 H32 O3,1.0,5.0,57,P21212
PITVEU,C27 H22 O1 S1,1.0,3.42,51,C2/c
BOHLIU,C15 H14 N2 O1 S2,2.0,4.55,34,P-1
FATQOJ,"C10 H12 N4 O5,H2 O1",1.0,2.63,31,P212121
JEKFAJ,C16 H22 O5,1.0,4.97,43,P212121
EROZUG,C13 H14 N4 S2,1.0,6.98,33,P21/n
AYAWAZ,"C12 H10 N1 S1 1+,I3 1-",1.0,3.13,24,P-1
ZUGFUF,C12 H14 O3,2.0,4.29,29,P212121
NUMDOQ,C22 H22 F2 N2 O3 S1,1.0,3.16,52,P212121
AXUDED05,C8 H8 O2,1.0,5.8999999999999995,18,Pbca
WIQBED,C13 H23 N1 O4,1.0,3.5300000000000002,41,P21/c
LIGPUQ,C17 H28 B1 N1 O5 S1,1.0,3.9899999999999998,53,P21/c
YISTAV,"C3 H5 N2 1+,C22 H13 O4 1-",1.0,4.5,39,P1
RAVYIA,C3 H9 N1 O4 S1,1.0,2.88,18,C2
JIKSOP,C19 H23 N1 O4 S1 Si1,2.0,3.2800000000000002,49,P212121
ZIPTID,C16 H22 O1 S2 Si2,1.0,3.73,43,C2/c
FOKNIG,"C28 H24 N4 P2,2(H2 O1)",0.5,4.21,58,R-3
PEWQIT,C21 H27 I2 N1 O1,1.0,4.0,52,P-1
KIFXIJ,C22 H29 B1 N2 O1,1.0,3.6999999999999997,55,P21/n
ABAPUR,C13 H15 N1 O4 S1,1.0,2.65,34,P21
ATOPOS,C20 H21 Br1 O2,1.0,4.95,44,P212121
JIVNOV,C10 H9 F1 N2,1.0,2.54,22,P212121
HUYSED,C20 H12 O5,1.0,3.95,37,P21/c
WIPCON,"C13 H19 N3 O4,2(H2 O1)",1.0,5.9,39,P21/c
SUNZEK,C17 H18 O7 S2,1.0,5.779999999999999,44,P21/c
SECSEA,C14 H8 Br1 F3 N2 O3,1.0,5.01,31,P21/n
DUPFUQ,"C5 H6 Cl1 N2 1+,C4 H5 O4 1-",1.0,3.7800000000000002,14,P212121
YUGDEL,C17 H9 N1,1.0,3.9800000000000004,27,P21/c
ZOMNUK,"C4 H12 N1 1+,2(C8 H5 I1),F1 1-",1.0,3.0,17,P21
QAHSIG,C26 H22 O1,1.0,5.72,49,P21/n
IXUVIK,C15 H21 Cl1 N2 O2,2.0,4.569999999999999,41,P-1
PIDGIT,C12 H18 O3,1.0,3.2,33,P21
TAFTUU,C26 H25 B1 N2 O2,1.0,6.08,56,P21/c
LETNOR,C22 H22 O3,2.0,4.14,47,P1
ACACTB,C12 H11 N1 O1,1.0,7.5,25,Pcab
PANBEM,"C6 H13 N4 1+,Cl1 O4 1-",2.0,4.79,23,P212121
IHIPIB,C27 H21 N3 O3 S2,1.0,4.279999999999999,56,P21/n
HOZYUT,C22 H17 N1 O1,2.0,3.6700000000000004,41,P-1
XUKZIM,"2(C12 H9 Cl2 N1 O4 S2),C2 H6 O1 S1,C1 H3 N1 O2",1.0,3.91,30,P-1
HIQNOO,"C10 H15 N2 1+,C7 H4 Cl1 O2 1-,H2 O1",1.0,3.29,27,P21/c
VELSEM,C16 H23 N2 O5 P1,1.0,4.0,47,P212121
PFTENT10,C8 F4 N2,0.25,5.2,14,Cmca
DIPDIT,"C15 H20 N4 2+,2(C1 F3 O3 S1 1-)",1.0,3.27,39,P-1
HORNUY,C17 H13 F5 O4,1.0,3.4,39,P21
KECHOQ,"C22 H27 Cl2 N5 S1 2+,2(B1 F4 1-)",1.0,4.82,57,P-1
AFADUH,C19 H20 O3,1.0,4.28,42,P212121
RUGYAT,C3 H7 B1 I3 N1 O1,1.0,5.41,16,Pbca
BUPJAB,C14 H13 N3 O2,1.0,3.06,32,P21
WUKTOM,"C14 H29 N1 O2 S1,H2 O1",1.0,5.08,47,P212121
CIYVAJ,C9 H4 F4 N4 O2,1.0,3.32,23,P212121
KODWUX,"C20 H17 N4 O2 1+,Br1 1-,0.5(C1 H2 Cl2)",1.0,3.47,43,C2/c
MOPBEA,C19 H19 Cl1 N2 O6,1.0,4.78,47,P212121
TANZAN,C15 H22 O3,1.0,3.2199999999999998,40,P212121
WODYOF,"C13 H28 N2 2+,2(I1 1-)",1.0,2.0,43,P212121
FECSEM,C6 H8 B1 N1 O3,2.0,4.29,19,P-1
SRMALO,"C3 H2 O4 2-,Sr1 2+",1.0,2.6,9,Pnan
EFUVEH,C14 H22 O3,1.0,5.14,39,P21/n
HEBYUI,C11 H8 N4,0.5,4.5,23,P21/m
DUBPOI,C16 H12 N4 S1,1.0,4.01,33,P21/c
EYARAA,C20 H16 N2 O1 S1,1.0,4.87,40,Pbca
JEPJUJ,C14 H18 O2,1.0,5.1000000000000005,34,Pna21
JESTEK,C16 H24 N2 O6,1.0,4.36,48,P-1
YASRAO,C23 H20 Br1 N1 O2,1.0,3.2800000000000002,47,P212121
XOBSIT,"C23 H28 N3 O2 1+,C2 H6 O1,B1 F4 1-",1.0,4.24,56,P21/n
GETBEQ,C20 H14 I2 N2 O2,1.0,2.02,40,Pbca
QAMKEW,C14 H13 N5 O1,1.0,5.97,33,P21/c
ALOBOV,"C10 H11 N5 O3 S1,3(H2 O1)",2.0,5.029999999999999,30,P32
VEGHEU,C4 H4 N4 O6,0.5,3.7,18,C2cb
NTROMA14,C1 D3 N1 O2,1.0,6.93,7,P212121
EZITAJ,C14 H18 O3,1.0,5.22,35,P212121
DATKOB,C26 H20 Cl2 O1,1.0,4.17,49,P212121
ZIKTAO,C9 H12 N2 O3,1.0,3.7,26,P21/a
KUTLUJ,C16 H15 Cl1 O4,1.0,3.17,36,C2/c
UQIVUO,C13 H14 N2 O1,1.0,4.74,30,P-1
XAZXIH,"C16 H11 Br1 N2 O2,H2 O1",1.0,2.14,32,Cc
VOKBUS,"C10 H16 N2 O5 S1,H2 O1",1.0,3.4,34,P212121
IPOHON01,"C24 H12,C6 F4 O2",0.5,4.46,36,P21/n
MUHNUB,C22 H17 Br1 N2 O2,1.0,3.04,44,P-1
QUBRUE,C30 H27 F2 N1,1.0,5.66,60,P21/n
FUGYEM,C21 H15 F1 O1 S1,1.0,5.0,39,P21
NIVVEV,C18 H13 F1 N2 O1,1.0,5.9799999999999995,35,P21/c
WITZIJ,"C12 H9 N2 1+,C11 H6 N1 O6 1-",1.0,4.25,24,Cc
TEJMOK,"C2 H4 O6 P1 1-,H4 N1 1+",1.0,2.74,13,P21/n
UBUQIR09,C30 H24 B1 N2 O2,1.0,5.18,59,P21/c
SIBJOC,C18 H15 Cl1 I1 P1 S1,1.0,2.8000000000000003,37,P21/n
EGUXEL,C16 H23 N2 O2,1.0,5.779999999999999,43,P21/c
COGWON,C26 H24,1.0,4.3999999999999995,50,P21/n
RABBOO,"C10 H6 O6 S2 2-,2(C5 H15 N2 1+)",0.5,3.45,24,P21/c
GUJQOR,C25 H26 N2 O1,1.0,3.7,54,P21/c
NIBHIP,C13 H20 F1 N1 O1 Si1,1.0,3.7,37,P212121
OYOGAM,C19 H20 O5,1.0,3.51,44,P21/c
CAYMOF,"C6 H3 Cl2 N1 O2,0.25(C4 H8 O2)",2.0,3.3000000000000003,14,P-1
QIXKAN,"C26 H19 O3 P1,C1 H4 O1",1.0,5.25,49,P21/c
HOTYIC,C15 H24 O2,1.0,3.0,41,P212121
FIKZEH,"C25 H24 N3 O1 1+,B1 F4 1-",1.0,4.92,53,P-1
BETPOJ,C15 H19 Cl2 N1 O3,2.0,5.7,40,P-1
RIGBEP,C26 H33 N3 O1,1.0,5.24,63,P21/n
SUZYUH,"C25 H31 N1 O2,H2 O1",1.0,3.89,59,P21
AMAKEG,C13 H14 Br1 N3 O2,1.0,3.17,33,P21
IZEZEW,C14 H10 F1 N1 O2 S2,1.0,6.260000000000001,30,P21/n
HUVVIF,C13 H10 F1 N1 O1,1.0,2.73,26,P212121
HATBOV,C13 H11 N1 Se2,1.0,4.0,27,Pna21
IROHAA,"C21 H15 Br1 N2,C1 H4 O1",1.0,3.3000000000000003,39,P21/c
OVASOW,C20 H16 N2 O5 S1,1.0,5.92,44,P212121
CUQQAG,C12 H13 F3 N1 O5 P1 S1,1.0,4.44,36,C2/c
HEBXES,"Cl1 1-,C8 H4 I2 O2 S4,C8 H4 I2 O2 S4 1+",1.0,4.67,20,P-1
IMOPUZ,C23 H31 N1 O4,1.0,4.49,59,P212121
PETJOP,C9 H8 F3 N1 O1,1.0,4.81,22,P21/c
WEZZUY,C8 H11 N5,2.0,5.489999999999999,24,P21/c
LUSJAN,C14 H13 N5 O2,1.0,6.25,34,P-1
CANCOK01,C14 H13 N3 O3,1.0,6.44,33,P21/c
SIVYOP,"C25 H22 N3 O3 1+,C1 H4 O1,Br1 1-",1.0,4.89,53,P21/n
UTOMAV,C16 H14 Cl2 N2 O3,1.0,4.17,37,P-1
OYAQIQ,C18 H17 Cl1 N2 O2 S1,1.0,3.32,41,P21/c
NHOXAL02,"C2 H1 O4 1-,Na1 1+,H2 O1",1.0,2.1,7,P-1
MOCBAH,"C6 H14 N2 2+,2(C4 H5 O5 1-)",2.0,5.51,22,P21/c
UFOPEN,C3 H15 B9 N2,1.0,4.04,29,P21/n
WETHAI,C17 H25 N2 O1 P1 Se1,1.0,6.47,47,P212121
DUXGAF,C15 H13 N1 O3,1.0,4.94,32,P212121
WADMOI,C26 H18 N2 O6 S2,1.0,5.67,54,P-1
OHEDEK,C26 H26 N4 O2,1.0,4.4,58,P21/c
OYUZAL,C10 H6 O4,1.0,3.8600000000000003,20,P21/n
LAFVOI,C25 H29 N3,1.0,3.7600000000000002,57,P21/c
DAQYOM,"2(C15 H9 Cl2 N2 O2 1-),C4 H12 N2 2+",1.0,5.11,30,P-1
HEVVIN,C15 H15 Br1 N2,2.0,3.7,33,P21/c
QIYWUS,C18 H22 N1 P1 S1,1.0,6.02,43,P-1
EZEFEV01,"C14 H18 N2 S2 2+,2(Cl1 1-)",0.5,3.02,36,Pbcn
KANZII,"C6 H10 N2 O5 S1,H2 O1",1.0,3.1,24,P61
IVUWON,C22 H17 N3,1.0,4.05,42,P-1
YOTNOO,C19 H34 O2 Si1,1.0,3.27,56,P212121
OHOZUJ,C12 H18 O1,1.0,4.34,31,I41/a
KIDPOC,C22 H18 S2,1.0,3.9,42,P21/c
EZIBOH,C16 H15 N1 O1,2.0,3.9,33,P21
NETGIC,"2(C4 H12 N1 O1 1+),H2 O7 P2 2-",1.0,2.9,18,Pc
FEYQOR,C11 H10 N4,1.0,6.09,25,P212121
YAYHOZ,C15 H14 Br1 N1 O1,1.0,2.58,32,P21/c
ZEQCIK,"C6 H13 N2 1+,C6 H12 N2,C7 H6 N1 O3 1-,H2 O1",1.0,4.63,21,P21/n
ZAGSUZ,"C17 H15 N1 O5 S1,H2 O1",1.0,5.3100000000000005,39,P-1
YUBTEW,"C8 H12 N3 O3 S1 1+,C8 H8 O3,C8 H7 O3 1-,3(H2 O1)",1.0,6.77,27,C2
WELKOP,C18 H16 N4 O3,1.0,5.01,41,P21/c
EVOVOE,C26 H16,1.0,4.58,42,P212121
CADCOB,C20 H16 S2,1.0,4.7700000000000005,38,C2/c
ROMZEB,C27 H19 Br1 F1 N3 O2,1.0,5.59,53,P-1
QUBGOK,C14 H17 N3 O3 Se1,1.0,3.18,38,C2/c
MURHOA,"C19 H13 I1 N2 O2 S2,C1 D1 Cl3",1.0,3.06,39,P-1
WUFROE,C16 H13 N3 Se3,0.33,4.26,35,R-3c
BEGLAA,C16 H11 N5 O1,2.0,5.0,33,P21/n
CIKKAM,"C22 H26 N4 O6 S1,2(H2 O1)",1.0,3.61,59,P21
ZZZIZM06,"C2 H8 N1 1+,Cl1 1-",0.5,6.04,11,P21/m
FEFYIA,"C13 H18 N4 O3,C12 H11 Cl1 N2 O5 S1,C3 H6 O1",1.0,6.29,38,P-1
WIXLEW,C8 H7 F3 N2 O4,1.0,3.11,24,P-1
BAWBOT,C18 H20 O3,1.0,5.4,41,P21
BAQHEK,C24 H24 O3 S1,1.0,4.01,52,C2/c
PAPQAB,C26 H30 O6,1.0,2.85,62,P21
KEFYIE,C18 H23 N1 O4 S2,1.0,2.24,48,P21
LURKIW,C20 H30 O4,1.0,4.21,54,P212121
PARPAN,"C18 H28 N1 O2 1+,Cl1 1-",1.0,4.4,49,P21/c
IZAMOL,C13 H11 N3 O1 S1,1.0,5.75,29,P-1
MUNDUU,C14 H13 N3 O2,1.0,6.17,32,P2/c
WOCMAG,C15 H19 N1 O2,1.0,5.06,37,P21/a
PEQCUN,C20 H22 O3,1.0,3.0,45,P212121
EYANIE,"C24 H22 N2 O2 2+,2(C1 F3 O3 S1 1-)",1.0,3.3099999999999996,50,P21
OPUPAT,C12 H6 Cl4 N2,0.5,3.8,24,P21/n
NUMYEC,"C6 H3 N3 O6,C4 H4 N4 O4",1.0,3.04,18,Pna21
VEKQEL,C22 H20 O1,1.0,2.1399999999999997,43,P21
WEYTID,C21 H16,1.0,3.3000000000000003,37,P21/n
EHOFEQ,C22 H20 O3,1.0,4.22,45,P21/c
XUKFUG,C28 H23 Cl1 O7,1.0,5.0,59,P212121
GICLOX,"C23 H20 F3 N5 O2 S2,C1 H1 Cl3",1.0,3.2800000000000002,55,P-1
ILUVAP,C20 H27 N1,1.0,3.91,48,P212121
AXACUY01,C16 H13 B1 N2,1.0,4.82,32,P21
ROTSIE,"C15 H22 N1 O2 1+,Cl1 1-",1.0,4.04,40,P21/n
HEQBAG,C15 H18 N2 O3 S1,1.0,4.7700000000000005,39,P21/c
YIWHAR,"C14 H13 N1,0.5(C8 F4 N2)",1.0,3.75,28,P21/c
LIZLEO,"C9 H11 N3,3(H2 O1)",1.0,6.67,23,P-1
LEVBUK,C21 H18 Cl1 N3 O4,1.0,4.5,47,P4/n
BASRAS,C29 H26 N2 O1 S1,2.0,3.51,59,P21
MEDFEK,C30 H21 N3,1.0,5.43,54,P212121
GAXQOP,C17 H18 N2 O5,1.0,3.66,42,P21/c
QENNOQ,"C12 H14 N2 O1,C1 H4 O1",2.0,5.72,29,P-1
SENHUR01,C24 H24 N2 O2 S1,1.0,4.0,53,P212121
EVAGAN,C26 H27 N1 O6,1.0,3.35,60,P212121
MUVNID,C5 H8 N4 O1 S1,1.0,3.2199999999999998,19,P212121
ADIWIT,C24 H14 F13 O1 P1,1.0,5.13,53,Pbca
DACDEQ,C7 H5 N5 S3,1.0,3.0,20,P21/n
YOFKUZ01,"C7 H13 N2 1+,Cl1 1-",1.0,2.56,22,P21/c
GUXJUI,C16 H14 Cl1 N1 O3,1.0,5.09,35,P-1
REFVAA,C18 H21 N1 O3,1.0,5.11,43,P21/n
RAXNAI,C24 H23 N1 O4 S1,1.0,6.2700000000000005,53,P21/n
GEMWAX,"C12 H14 N5 O2,H2 O1",1.0,5.12,33,P21/c
NIYJAJ,"C25 H30 O6,0.5(H2 O1)",2.0,4.58,61,P21212
TISYEA,"C22 H26 Ca1 Cl2 N6 S4,C2 H3 N1",0.5,4.3500000000000005,61,P21/c
BOMQOM,C19 H22 N4 O1 S1,2.0,4.21,47,P-1
COXPAH,"C9 H6 O6,C6 H7 N1 O1,H2 O1",1.0,3.5300000000000002,21,P-1
DEJMIS,C17 H24 O4 S2,1.0,4.08,47,Pna21
XEZSOL,"C10 H10 O4,H2 O1",2.0,3.45,24,P21
AGOTAT,"C7 H10 N1 O1 1+,C8 H3 Cl2 O4 1-",1.0,6.68,19,C2221
EXEVAE,"C31 H26 Br1 O1 P1,C3 H6 O1",1.0,5.05,60,P21
LUPDAF,C21 H18 Br1 N1 O1,1.0,5.88,42,P21/c
RIXGUE,C22 H21 N1 O3,1.0,6.22,47,P21/c
MEBRIV,"C12 H8 N4 O1,C4 H4 N2 O3",0.5,3.19,25,Pnma
PIKGUN,"C18 H36 K1 N2 O6 1+,C14 H10 As3 1-",1.0,3.63,63,Cc
PECWEB,"C4 H5 Cl1 N4,C7 H6 O2",1.0,3.62,15,P21/c
GUANBM01,"C5 H6 N5 O1 1+,H2 O1,Br1 1-",1.0,4.130000000000001,17,P21/n
JIFKIV,C14 H15 F6 O3 P1,2.0,3.34,39,P-1
VIRAZL17,C8 H12 N4 O5,1.0,3.2,29,P212121
GACZOE,C17 H18 N2 O2 S1,1.0,3.83,40,P-1
GANJEO,C24 H22 Cl1 N1 O4,1.0,3.9,52,P212121
FUPLOT,C21 H24 O4,1.0,4.08,49,P21/c
POSVAX,C12 H9 Cl2 N3 O2,1.0,3.82,28,P-1
DULKAZ,"C22 H13 O10 1-,C12 H11 N2 1+",1.0,5.46,45,P-1
KOPDEC,C16 H9 Cl1 N2 O1,2.0,4.45,29,Pccn
HUWNUJ,"C25 H32 O7,C3 H8 O1",1.0,3.44,64,P212121
OYONAU,C20 H20 F1 N1 Si1,1.0,4.09,43,Pbca
TAMKOI,C18 H22 O4,1.0,4.94,44,P21/c
JOJXUB,"C12 H19 N2 O2 1+,B1 F4 1-",1.0,4.3,35,P21/c
WOFWOF,C13 H12 F3 N3 O2 S1,1.0,5.76,34,R-3
QQQFYS01,C14 H9 I1 O4,1.0,2.08,28,P21/n
BAPCEC,C6 H8 O4,1.0,2.64,18,P212121
NAHNIT08,C4 H4 O4,0.5,5.01,12,Pbca
HIYDUR,C23 H25 N3 O7,2.0,5.13,58,P21
HAZVIR,C14 H15 F1 N2 O3,1.0,6.12,35,C2
SIHBIV05,"C10 H6 O6 S2 2-,2(H3 O1 1+),2(H2 O1)",0.5,3.33,24,P21/c
OFAZIH,C18 H11 N4 O1,0.5,2.67,34,Cm
FIQPUU,"C12 H9 N2 1+,C12 H8 N2,C6 H7 O7 1-",1.0,5.6899999999999995,23,P-1
PATSUB,C18 H33 N1 O3,1.0,3.4099999999999997,55,P21
ZONJIZ,C32 H25 O1 P1,2.0,4.06,59,P-1
ATEMIX,C21 H25 N1 O2,1.0,5.27,49,P21/c
FISGET,C20 H23 Cl3 O4,1.0,6.9,50,C2/c
QIPSEQ,C32 H28 N2,0.5,5.07,62,P2/n
HEYVUD,C17 H14 N2 O1,0.5,3.5700000000000003,34,C2/c
FOHRON,C27 H21 Br1 N2 O2,2.0,6.1899999999999995,53,P-1
JIMFOA,C16 H20 Cl1 N3 S1,2.0,5.4,41,C2
IMIQUT,C5 H1 Cl2 N3,1.0,5.21,11,P21/n
BUHGIX,C22 H30 N2 O4,1.0,5.680000000000001,58,C2/c
PAGROE,C21 H22 O4,1.0,5.2,47,P21/c
LOBRUR,C17 H18 N4 O4,1.0,3.54,43,P21/n
QOZMIF,"C20 H20 N2 O8,C10 H8",1.0,2.5700000000000003,50,P21
GAGZOG01,"2(C10 H14 N1 O2 1+),C10 H13 N1 O2,2(I1 1-)",1.0,6.39,27,Pccn
TUPTUT01,C15 H22 O2,1.0,4.83,39,P21
LEKGEQ,"C11 H16 N2 2+,2(Cl1 1-)",1.0,5.37,29,P21/n
HITJOM17,C26 H16 N2 O1,1.0,3.47,45,P21/c
NEWJIL,C24 H22 N4 O2 S2,1.0,6.419999999999999,54,P21/c
WIPXIE,C9 H9 N1 O2 S1,2.0,3.1399999999999997,22,Pn
BEBJAU,C15 H8 O7 S1,1.0,4.6000000000000005,31,P-1
ADENEG,C16 H21 N3 Si1,1.0,6.97,41,P-1
VACROG,C6 H9 N5 O4,1.0,4.2,24,C2/c
LAKLOC,"2(C13 H12 N2 O5 S1),C10 H8 N2",0.5,3.6799999999999997,33,C2/c
MUPWAY22,C18 H13 N4,1.0,6.5600000000000005,35,P212121
MORCOP,C16 H21 Br1 F3 N1 O3 S1,1.0,6.98,46,P21/n
BESTEY,C22 H27 Br1 O2,1.0,5.5,52,P212121
CIWVOW,C16 H29 N1 O1,2.0,6.45,47,C2221
JUYHIU,C26 H26 O9,1.0,2.7,61,P212121
EPOGIB,"2(C6 H15 N2 O1 1+),C4 O4 2-",0.5,4.1000000000000005,24,P21/n
FUXNAN01,C7 H8 N2 O2,1.0,3.25,19,P21/n
ZOQZUC,C13 H9 F1 N2 O4,1.0,4.14,29,P21/c
CEDQIP,"C7 H6 N1 O2 1-,C4 H8 N3 O1 1+",1.0,4.58,16,P21
UDECOY,"C14 H10 F4 N2 O2,H2 O1",1.0,3.81,32,P21/n
NAPYIP,C23 H20 O6 S2,1.0,5.3,51,P21/c
GUNLIO,C21 H26 N2 O3 S1,1.0,3.38,53,P21
IMIZIQ,C25 H18 O2,1.0,4.2299999999999995,45,P21/n
HEHVOJ,C14 H13 N1 O1 S1,1.0,5.71,30,P212121
NAHQOH,C25 H22 N2 O2 P2 S1,1.0,6.32,54,P21/c
ZUSQAI,C25 H14 Cl1 N1,1.0,3.88,41,P21/n
LERKUS,C23 H16 N4,1.0,6.25,43,P21/n
CERWUU,C19 H19 N1 O5,1.0,6.54,44,P21/n
CEWWAC21,"C21 H24 O10,2(H2 O1)",1.0,2.63,55,P212121
DOXJUY,"C8 H7 O4 1-,C7 H10 N1 1+",1.0,4.31,19,P21/n
CODDOR,C24 H17 B1 N2 O2,1.0,3.66,46,P-1
ELUDEV,C4 H2 N10 O6,0.5,5.34,22,P21/c
MAXGAT,"C12 H8 F5 Si2 1-,C8 H20 N1 1+",1.0,3.94,29,P212121
QUNFEL,C19 H25 N1 O5,1.0,3.47,50,P212121
XOVWEM,C22 H34 B1 N1 O2,1.0,3.7900000000000005,60,P212121
UBIXIO,"C16 H16 N1 O4 S1 1-,C8 H12 N1 1+,C5 H10 O1",1.0,5.92,38,P212121
QUBJOP,C25 H28 Br1 N1 O6 S1,1.0,4.37,62,P212121
TOYYOV,C6 H11 O2 P1,1.0,3.24,20,P212121
MIWFUV,C11 H10 F3 N1 O1,1.0,3.8899999999999997,26,P21/c
KUYQEE,C17 H26 B9 N1 O2,2.0,5.680000000000001,55,P-1
VUBWOH,C20 H18 Br1 N3 O5,1.0,2.3,47,P212121
GEFQUH,C17 H17 Cl2 N1 O1,1.0,2.86,38,P21/c
WEKWIV,C20 H12 F2 N8,0.5,5.12,42,C2/c
UFUNIT,C19 H17 Br1 Cl1 N3 O2,1.0,4.95,43,P-1
BERVID,C14 H18 Cl1 N3 O2,1.0,5.1000000000000005,38,P21/c
NUNDAB,C30 H22 N2 O2,1.0,4.07,56,P-1
XADYIP,C15 H14 N2 O1 Se1,2.0,7.03,33,P-1
XEXNET,C14 H18 O5,1.0,4.4,37,P-1
WEBLEW,C24 H34 N2 O4,1.0,6.69,64,P21/n
QQQFAD01,C4 H9 N1 O5,2.0,6.38,19,P1
VAKHUK,C14 H10 N2,1.0,5.3,26,P21/n
RICVOO,C18 H22 O2,1.0,5.92,42,Pna21
UVABUR,C19 H17 N3 O5,2.0,4.2700000000000005,44,P21
EDUHUG,C17 H18 Cl1 N5 O4,1.0,4.94,45,P21
SOKPUG,C17 H16 Br1 N1 O1,1.0,3.8699999999999997,36,C2/c
OJUXIE,C22 H19 N1 O3,1.0,4.62,45,P21/c
DUCSUQ,C3 H2 Cl3 N3,1.0,1.94,11,P21/n
ELOGES,"C21 H27 N3 2+,2(Br1 1-)",1.0,4.46,51,P21/c
UDOZOF,"C24 H24 B3 N7,C4 H8 O1",1.0,5.029999999999999,58,P-1
IJOZEM,C22 H30 N2 O4 S1,1.0,5.18,59,Pna21
UQETEQ,C18 H17 Cl2 N7 O3 S2,1.0,4.05,49,C2/c
SEZDOR,C12 H14 Cl1 N5 O4,1.0,3.4,36,P-1
XELTIV,C15 H26 N2,1.0,4.65,43,P-1
COGGAK,C22 H18 Cl2 N4 O2 Si1,1.0,5.36,49,P21/n
RALBAH,C10 H19 N1 O2,1.0,5.0200000000000005,32,P21/c
UQESUI,C14 H17 N1 O3,1.0,2.58,35,P21
IFOFEO,C19 H12 N4 O1,1.0,4.9,36,Pbca
RUYGUO,"C4 H6 N4 O3 S2,C6 H6 N2 O1,H2 O1",1.0,3.5100000000000002,19,P-1
WONNIZ,C19 H24 B9 N1,1.0,5.48,53,Pbca
FOBKEM02,C18 H19 N1 O3,1.0,3.7900000000000005,41,P21/c
QUWWAI,"C22 H12 Br4 N2 S1,0.5(C10 H20)",1.0,4.8,41,P-1
AZUCAC,"C17 H8 F12 N2,C2 H4 O2",1.0,4.19,39,P-1
SIFNUR,"C17 H16 N6 O2,2(H2 O1)",2.0,3.38,41,P-1
AYIJEB,C26 H19 Cl1 N2 O2,1.0,4.42,50,P-1
WOJROG,C18 H13 N1 O3,1.0,5.72,35,Pbca
KASLEW,C10 H12 Br2 O2,1.0,2.85,26,P-1
YUFRAT02,C22 H16 N2 O2,1.0,3.55,42,P21/c
KEQREE,C25 H21 F1 N2 O2,1.0,6.140000000000001,51,P21/n
AMNTPY02,C5 H5 N3 O2,1.0,7.16,15,P21/n
REDCAI,C19 H18 N2 O1 S1,1.0,4.18,41,P21/n
ZODWEU,"C21 H27 N1 O1,C7 H5 N1 O1",1.0,4.62,50,P-1
ZELBUQ,"C21 H17 N5 O3 S3,C3 H7 N1 O1",1.0,3.3000000000000003,49,P-1
AXASAU,C10 H13 N3 S2,1.0,5.71,28,C2/c
SAWSAM,C22 H12 S2,1.0,4.2,36,Pca21
BCOCAN04,C18 H12 O3,1.0,4.4799999999999995,33,P21/c
APAKOU,C28 H29 N1 O2 S1,1.0,3.5900000000000003,61,P21
IHOXOS,C19 H32 N2 O7,1.0,3.97,60,P-1
JEFFUW,"C9 H19 N2 O1,C6 F4 I2",1.0,7.25,31,P21/c
ISUHAJ,C19 H17 N3 O4,1.0,4.5,43,P21/c
LIGRUR,C19 H22 O4,0.5,2.9499999999999997,45,Pbcn
LEVMUU,C8 H6 S1,1.0,4.0,15,P21/c
EFABUJ,C8 H8 N2 O4,1.0,3.46,22,P212121
PEBBEH,C23 H22 Cl1 F3 O2,1.0,7.35,51,C2/c
DAYJAP,C15 H12 Br2 O1,1.0,2.64,30,Cc
XOBQEN,C17 H21 N1 O1 Si1,1.0,3.7900000000000005,41,P212121
MOFPED,C19 H14 F3 N1 O2,1.0,5.07,39,P21/n
QAKNIZ,"C16 H24 O6,C3 H5 N2 1+,Cl1 O4 1-",2.0,6.37,46,P21/n
QAZYUO,C15 H26 O5,1.0,3.0300000000000002,46,P21
KUQZII,"C6 H2 N8 O8,C10 H8 N2 O2",0.5,3.17,24,Pbcn
DOBHUA01,C24 H19 N3 O3,1.0,4.52,49,P21/n
NIWROB02,C14 H11 N3 O3,1.0,5.220000000000001,31,P21/n
NIZXOJ,C8 H24 Cl4 N2 O3 Si6,1.0,4.28,47,P21/c
SIZREB,"C24 H20 P1 1+,2(C10 H8 N2 Se2),Br1 1-",1.0,6.239999999999999,45,P21
TEKJIC,C21 H17 N1 O3,1.0,4.7,42,P21/n
ASOSAG,C9 H6 N6 O8,1.0,4.4799999999999995,29,P21/c
YAMXOZ,C12 H13 N3,1.0,5.1000000000000005,28,P21/c
FECWEQ,C20 H32 O2,1.0,4.47,54,P21/n
MISTIS,C19 H31 N1 O2 S1,2.0,4.04,54,P21
WUPPAB,C14 H11 Cl1 F1 N3 O2,1.0,4.71,32,P-1
YABMOD,C12 H24 O4 S1,1.0,6.9,41,P21/n
DETVOR,C33 H17 N1 O2,1.0,6.75,53,P-1
QAMCAM24,C6 H12 N4,0.041666666666666664,3.9699999999999998,22,I-43m
DACDEV,"2(C14 H12 O3),2(C14 H10),C10 H8 N2",1.0,4.3,29,P21/c
SAHNUM,"C7 H18 N1 Si1 1+,Cl1 1-",1.0,6.74,27,P21/n
XUXKAD,C12 H13 N1 O3 S1,1.0,5.19,30,P-1
PEFGIQ,C16 H17 O3 P1,1.0,4.0200000000000005,37,P-1
NOWCAD,"C13 H18 N1 1+,C20 H12 O4 P1 1-",1.0,3.52,37,P212121
SEHFOB,C6 H11 Li1 O6 Se1,1.0,4.2,25,P21/c
BAVPEX,"C14 H11 N2 1+,I3 1-",1.0,6.03,27,P-1
OXOPEA,"C10 H10 N1 1+,C8 H4 N1 O6 1-",1.0,5.609999999999999,21,P21/c
ZAYTIE,C10 H16 Cl5 N4 P3,2.0,4.38,38,P21/c
TAQRIQ,"C23 H34 N1 O3 1+,H2 O1,Cl1 1-",2.0,6.39,61,C2/c
CAYYOR,C17 H21 N1 O6,1.0,3.91,45,P212121
FICFAZ,C9 H12 N2 O6 S2,1.0,2.93,31,P21/n
ZIXZIT,C20 H28 N1 O3,1.0,5.01,52,C2/c
TESKEK,C16 H10 F2 O2 Se1,1.0,4.0,31,P212121
GUMROY,C35 H24 O2,1.0,5.04,61,P21/c
IKUTAN,C18 H14 F3 N3 O3 S1,1.0,5.43,42,P21/c
EKAKAD,C11 H17 N5,2.0,5.61,33,P21/c
RAMMAW,C20 H23 F1 N2 O2 S1,2.0,5.06,49,P43
ZUHVUT,C7 H5 N3 O2 S1,1.0,3.7,18,P21/n
HAFNOV,C18 H24 O6,1.0,2.5700000000000003,48,P21212
LOSNOW,C13 H24 Cl2 N1 P1 Si2,1.0,3.44,43,P21/n
PIGQON,"C22 H22 N3 O2 1+,F6 P1 1-",1.0,4.96,49,P-1
TEMYEP,C24 H12,1.0,6.0,36,Pbam
WAFNEX,C16 H15 F2 N1 O2,1.0,5.2700000000000005,36,P21/c
FOHRIG,C16 H15 Cl1 N2 O3,1.0,4.73,37,P212121
IBAHAW,C21 H28 N4 O2 Si1,0.5,3.97,56,C2/c
ESUZIF,C18 H21 N1 O4,1.0,5.220000000000001,44,P212121
LIFPUO01,"C12 H24 O6,C6 H7 N2 O2 1+,H1 O4 S1 1-",1.0,5.11,42,P21/c
AJEJIM,C16 H13 N3 O1,1.0,5.64,33,P21/c
YUQSEJ,C18 H23 N3 O3,2.0,7.28,47,P21
GEMLIX,C12 H12 Br1 N1 O1,1.0,2.46,27,P21
TUXBOD,"C16 H16 O4,H2 O1",1.0,5.48,36,P21/c
VEFFOE,C23 H19 N1 Se1,1.0,6.1,44,P21/c
WEDHIW,C15 H20 O2 S1,1.0,5.1000000000000005,38,P212121
FIMXEF,C13 H17 F1 O2,1.0,5.98,33,C2
NAJFEJ,C33 H26 N2,1.0,3.8200000000000003,61,P212121
RAVTIS,C17 H22 O6,2.0,6.11,45,P21/c
WAJWAG,C24 H21 N3 O2,1.0,4.0,50,P-1
PUBDIZ,"2(C7 H16 N1 O3 1+),C4 H4 O6 2-",1.0,3.96,27,P212121
VASLOQ,C16 H25 N1 O4,1.0,3.96,46,P21/c
VOQGUF,C10 H13 N1 O1,2.0,3.2099999999999995,25,P1
RARMEF,C11 H12 N4 O4,1.0,5.38,31,Pna21
SUYJEB,C18 H22 O4,0.5,5.84,44,C2/c
WEMDOH,C6 H5 Cl2 N1,1.0,3.35,14,Pbca
LOWHEN,C17 H16 N2 O7,1.0,4.7,42,P-1
TEBXAA,C20 H19 N1 S4 Si1,1.0,3.59,45,P21/c
YEYGEP,C9 H6 N2 O1,2.0,6.69,18,P-1
FAPLIS,"C9 H12 N1 O3 1+,C16 H24 O14,Cl1 O4 1-",1.0,6.390000000000001,54,P212121
PUBFUO,C12 H11 B1 Br1 N1 O3,2.0,3.1,29,P212121
YODSUF,C26 H28 N4 Si2,1.0,5.1000000000000005,60,P21/n
SUVDOE,C20 H28 O8,1.0,3.47,56,P21/n
OLOBOG,"2(C4 H9 N2 O3 1+),C2 O4 2-",0.5,2.9,18,P21/c
PIXCEG,C18 H18 O4,0.5,4.1000000000000005,40,P21/c
VECGUG,C18 H23 N1 O2 S1,2.0,4.24,45,C2
SEPPEM,C22 H22 O2,1.0,4.38,46,P-1
HATQOL,C26 H21 N3,1.0,5.62,50,P-1
IMUBEX,C23 H22 I1 N1 O1 Te1,1.0,4.67,49,P21/c
LECRAM,C12 H17 N1 O5 S1,1.0,5.73,36,P21/c
XASQAN,"C17 H21 N2 O1 1+,H2 O1,Br1 1-",1.0,2.8000000000000003,41,P212121
LOCCEM,C28 H30 N4 O2,1.0,4.51,64,P-1
RUJCII01,"C14 H17 D2 N1 O4,C5 H5 N1",1.0,3.96,38,P212121
FOWVIZ,C20 H32 O2,1.0,3.0700000000000003,54,C2
UVIYOR,C18 H18 Br1 N1 O7,1.0,2.9899999999999998,45,P21/c
XAPWEQ,C27 H32 O3,1.0,4.0200000000000005,62,P21/c
KEGHUC,C8 H9 Cl1 N4,1.0,5.19,22,Pbca
QAHKET,C18 H18 N2 O1 S1,1.0,4.62,40,C2/c
QUNKOB,"C10 H12 Mg1 N6 O6,H2 O1",0.5,2.4699999999999998,35,Fdd2
GICHOQ,"C4 H12 N1 O2 1+,C15 H21 O3 1-",1.0,3.58,39,C2/c
AXOYAN,C19 H24 N2 O6 S1,1.0,4.8500000000000005,52,P212121
HBRBEN04,C6 Br6,0.5,4.8,12,P21/n
DIZLEE,"C13 H15 N2 O1 1+,F6 P1 1-",2.0,4.07,31,P212121
JEHTAV,C21 H19 Br1 O4,1.0,1.87,45,P21
TOQWON,C29 H33 N1 O1,1.0,7.32,64,P212121
WOKDEI,C25 H22 Br1 N3 O3,1.0,2.37,54,P212121
COBQES,C19 H18 O3,1.0,2.79,40,P212121
NASWAI,C20 H20 N2 O2 S1,1.0,4.46,45,P-1
MOHROR,C9 H21 Cl1 N1 O3 P1,1.0,4.62,36,P21/n
IDOTIF,"C23 H26 P1 1+,Br1 1-,C1 H4 O1",1.0,3.83,50,P21/c
PARHAU,"C13 H8 Br2 N2 O6,2(C2 H6 O1 S1)",1.0,2.5100000000000002,31,P-1
KIHROL,"2(C11 H15 N1),C6 F4 I2",0.5,3.25,27,P21/n
DAWPIA,C15 H24 N2 O6,1.0,4.4,47,Pbca
JOHYIR,C26 H28 N2 O2,1.0,3.4299999999999997,58,P21
AKERUE03,C14 H11 F1 N2 S1,1.0,3.46,29,P21/c
SUFHEJ,C34 H25 N3 O1,1.0,4.72,63,P21/n
BEQYOL,C24 H18 O5 S2,0.5,3.04,49,Aba2
UPATUB,C23 H22 N2,1.0,4.3,47,P21/n
EZIKIH,C10 H9 F6 N2 P1,1.0,4.76,28,P-1
HASFUF,C4 H4 N6 O6,1.0,3.3300000000000005,20,P21/n
UKATOR,C32 H20 F4 N2 O2,0.5,4.49,60,P21/c
DIDXIA,C5 H9 N1 O3,1.0,2.19,18,P21
CUGCIR,"C21 H32 O4,C1 H4 O1",1.0,6.71,57,P212121
TAJYIQ,C16 H16 N4 O3,1.0,5.029999999999999,39,P-1
ZEQCAC,"C6 H13 N2 1+,0.5(C6 H12 N2),C7 H6 N1 O3 1-,3.5(H2 O1)",2.0,5.27,21,Pca21
PIYWIG,C16 H17 N1 O5,1.0,3.2,39,P21
RIQXOH,"C13 H8 F3 N2 O2 1-,C8 H12 N1 O1 1+",1.0,5.79,28,P21/c
DEKWUP,C10 H7 N5 O1,1.0,6.950000000000001,23,P21/c
FEWQAD,C25 H20 Br2 N2 O2,1.0,2.26,51,Pbca
HADVOX,C15 H16 N2 O1 S1,1.0,4.2,35,P-1
FAKQOB,C27 H28 N2 O5 S1,1.0,4.35,63,P21/c
ROVHIX,C21 H15 N1 O1,1.0,4.44,38,Pbca
ZIRQAW,C20 H27 N1 O8 S1,1.0,3.06,57,Ia
DEFXIW,"C14 H18 I1 N2 1+,Br2 I1 1-",0.5,3.1,35,P-1
QEZNAO,C19 H18 Br1 N3 O4,1.0,3.9699999999999998,45,P21
VAJFAN,C11 H7 N3 O2 S3,1.0,4.0,26,P21/n
CUPREM02,C15 H13 Cl1 N2 O1,1.0,3.17,32,P212121
SELQEG,C30 H12 F15 N5,1.0,7.07,62,P-1
EXEJEA,C6 H4 N8 O2,1.0,5.28,20,P21/n
IDODOW,C13 H11 N3 S2,1.0,4.46,29,P21/n
BUDWII,"C22 H13 N3,C1 H2 Cl2",1.0,5.99,38,P212121
LONJEE,"C6 H10 N2 O3 2+,O4 S1 2-,2(H2 O1)",1.0,2.97,21,P21/n
KUBNIH,C26 H16 O2 S2,1.0,3.5900000000000003,46,P-1
IJOLIF,C21 H22 N2 O1,1.0,4.88,46,P21
BOCSIY,C22 H23 N2 O4 P1 S1,1.0,3.9699999999999998,53,P21/c
SOLFEH,C21 H24 N2 O5,1.0,4.15,52,P212121
FEQFEP,"C18 H19 N1 O6,C1 H4 O1",2.0,3.84,44,P-1
VAWPER,C15 H15 N1 O4 S1,1.0,5.26,36,P21/n
QALKOE,"C30 H15 N3 O3,C3 H5 Cl1 O2",1.0,6.09,51,P-1
ZAPRIU,C23 H16 O2,1.0,3.4799999999999995,41,P21/n
BIZXEO,"C7 H6 Cl1 N3 O4 S2,3(C5 H5 N1)",1.0,5.86,23,P-1
YOTDUK,C23 H21 Br1 O1 Si1,1.0,3.9800000000000004,47,P212121
UZOJEZ,"C11 H12 S4 Se2 1+,F6 P1 1-",1.0,5.6000000000000005,29,P21/n
GELCOR,C16 H15 N3 O2,1.0,6.67,36,P21/c
AROXAI,C24 H35 N3,2.0,4.77,62,P21/n
YOVGOG,C18 H13 Br1 N2 O2,1.0,4.8500000000000005,36,P21/n
HAVJET,C13 H13 N3 O3,1.0,4.78,32,P21/c
RATDOG,C13 H16 Br1 N1 O5,1.0,2.88,36,P-1
VAYNIT,C18 H18 N2 O3,1.0,3.59,41,Pbca
DIMTIC10,"C16 H16 O4 S2 1+,I3 1-",1.0,3.87,38,P-1
WUPZUC,C18 H12 Br1 F1 N4 O1,2.0,5.6000000000000005,37,P-1
HUTSIB,C28 H22 O1,1.0,3.9699999999999998,51,P21/n
RUPMOG,C22 H11 F2 N1 O3,1.0,5.57,39,C2/c
PIGVUY,C22 H30 N2 O3,1.0,4.43,57,P21
YIBXOX01,C17 H14 Cl1 F1 N2 O1,1.0,3.4099999999999997,36,P21/c
XIJCOL,"C20 H32 P1 1+,Br1 1-",1.0,3.4099999999999997,53,P21/c
NAZXET,C23 H22 Cl1 N1 O5,1.0,4.94,52,Pbca
TOQPUL,C22 H23 N1 O2 Te1,1.0,2.5100000000000002,49,P-1
UHOMIQ,"C25 H24 N4,3(H2 O1)",1.0,3.94,53,P-1
DOJRAZ,C20 H28 O2,1.0,3.95,50,P212121
DUKBUI,"C4 H2 N8 O4,C4 H2 N6 O4",0.5,4.34,18,P21/n
TEXWID,"C21 H31 N3 O2 2+,2(C1 F3 O3 S1 1-)",1.0,6.5600000000000005,57,P21/c
VEJWUG,"C18 H33 N2 O2 1+,B1 F4 1-",1.0,7.02,55,P21/c
LISFIG,C16 H23 O1 P1 S2 Se1,1.0,1.53,44,P212121
SEGRAX,C15 H20 O5 P2,1.0,4.4,42,P-1
ELOSUX,C21 H13 B1 F2 I1 N1 O1,1.0,3.9899999999999998,40,P-1
OKEPED,C21 H21 F1 N2 O3,1.0,3.7699999999999996,48,P212121
HOMJUR,C20 H16 N2 O3,2.0,6.58,41,P-1
KERRUV,"C13 H12 N2 O3 S1,H2 O1",1.0,3.96,31,P212121
EJEJUY,"C10 H11 Br1 F1 N5 O4,C3 H6 O1,H2 O1",1.0,4.17,32,P21
YOLDAF01,C2 H3 Cl3,1.0,2.87,8,P21/c
CIQGOA,C15 H12 F1 N3 O2,1.0,5.35,33,P21/c
ZERPOF,C19 H21 Br1 N2 O3,1.0,3.25,46,P21/c
WOJRUI,C14 H14 Br1 N1 O2 S1,1.0,4.47,33,P21
BIXGEY,C15 H18 F2 N2 O3,1.0,3.15,40,P212121
ATUNUZ01,C18 H10 Cl1 N1 O1,0.5,3.9,31,P21/m
JUBBUD,C15 H14 O2,1.0,4.1,31,P21/n
DIQHET,"C8 H20 N1 1+,C6 F3 I3,Br1 1-",0.5,2.78,29,R-3c
UBEFOB,C18 H17 N1 O2,1.0,3.7900000000000005,38,P21/n
LUBPON,C29 H24 Cl4,0.5,6.3,57,I41/a
KASJUK,C15 H11 Cl1 N2 S1,1.0,6.15,30,Pnc2
DUZWUU,C22 H15 N3 O3,1.0,5.04,43,P21/c
HOBSEW,C20 H14 O2 S1,1.0,4.0,37,P21
DOVJOP01,C6 H5 B1 F2 O2,1.0,4.66,16,P21/n
ITIQOT,"C24 H20 P1 1+,C14 H14 P1 S2 1-",1.0,3.9899999999999998,45,Pbca
LOMROY,C12 H8 Br2 N2 S1,2.0,4.21,25,C2/c
QEFRUO,C14 H16 O3,1.0,4.79,33,Pc
YIZBAO,C8 H4 N4 O2,1.0,3.82,18,P21/c
ZEQWEB,C17 H26 B1 N1 O3,1.0,5.4399999999999995,48,P-1
DOCKAH,C22 H34 O2,1.0,5.84,58,P21/n
HXQUIO04,C9 H7 N1 O1,1.0,3.2099999999999995,18,P212121
GIGQUJ,"C14 H10 Br2 N2 O3,C1 H4 O1",1.0,4.58,31,P21/n
GAKCUQ,"C36 H31 As2 O2 1+,I3 1-",2.0,6.2,35,P-1
COGNUI,"C9 H17 N4 1+,Cl1 1-",2.0,4.61,30,P212121
SICDUG,C14 H12 N2 O2,1.0,3.63,30,P21/n
YOMBAF,C18 H23 N3 O8 S1,2.0,5.45,53,P21
SIHBOB,C9 H5 N1 O3,0.5,5.34,18,Pbcn
GUZJOB,C24 H26 Cl2 O6,1.0,5.49,58,P-1
DEKDIG02,C12 H8 N2 O4 S1,1.0,4.72,27,C2/c
JIVJEH,"C14 H19 N2 1+,C8 H5 O4 1-",1.0,5.390000000000001,35,C2/c
ZEXMOE,C16 H24 O3,1.0,7.2,43,P21/c
XUFZIH,C19 H27 N1 O4,1.0,4.89,51,P212121
YUZBOO01,C14 H11 N1 O2 S1,1.0,3.92,29,R3
NUHGUT,C16 H15 I1 N2,1.0,2.6,34,P21/c
GOFXAB01,C20 H18 O1,2.0,4.53,39,P-1
SEZZEG,"C11 H17 N2 O1 1+,C9 H9 O3 1-,H2 O1",1.0,3.6799999999999997,31,P-1
EDOZON,C21 H13 B2 F15 N1 P1,1.0,4.8500000000000005,53,P-1
GABWEL,C15 H20 Br2 O2,1.0,4.7,39,P212121
EWOZUP,C19 H16 F2 O4,1.0,4.31,41,P21/c
FEQZEG,"C20 H25 N2 O2 1+,C15 H15 O6 1-",1.0,4.28,49,P21
EPNBCH10,C20 H25 N1 O6,1.0,7.3,52,P-1
YIRSOH,C29 H29 N1 O4,1.0,5.0,63,P21/c
FARXIF,"C14 H10 N1 S2 1+,N1 P4 S9 1-",1.0,4.04,27,P-1
REKCOZ,C10 H14 N4 O8,0.5,5.4,36,P-1
CIRTUV,C21 H26 N2 O6,1.0,5.34,55,P212121
KUCCAQ,"C18 H36 K1 N2 O6 1+,C12 H10 N1 1-,2(C4 H8 O1)",1.0,4.77,63,P-1
EFIREU,C5 H3 Cl2 N1,0.5,5.35,11,P21/m
HUNYEV01,C18 H14 N4 O1,1.0,5.8,37,P-1
IGAXIY,C24 H29 Br1 O3,1.0,3.37,57,P212121
JACFAV,"C14 H24 N1 O1 1+,Cl1 1-",1.0,3.06,40,P212121
MULNIR,C11 H9 Br1 N2 O2,1.0,3.5100000000000002,25,P21/n
FAKFIG,"C19 H23 N3 O6,C4 H10 O1",1.0,5.9,51,P21
COKNAV10,"C10 H8 N2,C2 H2 N4 O3",1.0,5.24,20,P21/n
QUMJOB,C26 H31 O2 P1,1.0,6.909999999999999,60,P21
CIZYES,C29 H23 N3 O6,1.0,2.8400000000000003,61,P212121
DAJSEM,C10 H16 O5,1.0,5.1000000000000005,31,P21
CSALAN02,C13 H10 Cl1 N1 O1,1.0,3.5,26,Pca21
OLOGOL,C30 H28 O6,1.0,5.7,64,P21/c
XIVZEH,C18 H16 O3,1.0,3.87,37,P21/n
UJEYAM,C11 H9 N1 O3 S1,1.0,5.52,25,P-1
EMUQUA,C26 H16 N2,1.0,5.34,44,P21/c
GABHUO,C19 H25 Cl1 N2 O1 S1,1.0,5.09,49,P212121
UYOPEE,"C29 H22 Br2 O8,0.5(C1 H2 Cl2)",1.0,3.41,61,C2
HOLWOV,C22 H20 O8,1.0,6.93,50,C2/c
WEDGOE,C29 H23 Cl1 N2 O2 S1,1.0,4.79,58,P-1
BURDEZ,"C11 H9 Br1 N1 1+,0.5(H2 O1),Cl1 1-",2.0,2.4899999999999998,22,P-1
XOKRUK,C22 H25 N1 O3,1.0,4.2,51,P21
EKEQOE,"C10 F8,2(C8 H6 N2)",1.0,4.68,18,P21
EHAYIX,C24 H31 B1 N2 O2,2.0,5.35,60,P-1
YIBDUI,C16 H16 Cl1 N1 O4,1.0,4.2,38,C2/c
YEWPEV,C24 H17 N1 O1 S1,1.0,3.8000000000000003,44,P21/c
ZZZTXI17,C13 H8 O2,1.0,6.67,23,P212121
ZOKQAU,C17 H14 N2 O2,1.0,4.66,35,P21/c
CUKDOE,"C22 H12,C8 F4 N2",1.0,3.2300000000000004,34,P21
POCWAF,"C6 H8 N1 O1 1+,H2 O4 P1 1-",1.0,2.7,16,P212121
QIWNIV,C21 H18 O3 S1,1.0,4.24,43,P-1
IRASIF,C7 H6 B1 F1 O3,1.0,4.63,18,C2/c
TALCOY,"C6 H13 N1 O3,H2 O1",1.0,3.5,23,P1
OSITOA,"C26 H20 N2 O8,2(C5 H5 N1)",0.5,4.0,56,P21/c
EXUBIM,C20 H27 B10 N1 O4,1.0,4.49,62,P21/n
MIQWAM,"C18 H12 N2,C12 H10 N2,C2 H3 N1",1.0,5.220000000000001,32,P21/n
URPRBN11,"C3 H2 N2 O3,C1 H4 N2 O1",1.0,3.15,10,P21/c
MODLOJ,C17 H14 N2 O7 S1,1.0,4.35,41,P21/n
AHEPEI01,"C19 H23 N2 1+,Cl1 O4 1-",1.0,4.15,44,P-1
QOKXEW,C33 H20 O4,2.0,3.73,57,P-1
POXGUI,C19 H15 N1 O3,1.0,4.93,38,P21/c
VARQAI,C23 H22 N6,1.0,4.54,51,Pbca
SIJLAC,C5 H6 N2 O2,1.0,6.15,15,P21/c
CUSTAN,C17 H20 O2 S2,1.0,5.3100000000000005,41,P21/n
VEDSAZ,C10 H16 N2 O2,1.0,4.19,30,C2/c
XEYDIO,C19 H21 N1 Si1,1.0,3.83,42,Pbca
LIJZEL,C31 H24 Br1 N1 O2,1.0,5.489999999999999,59,P21/c
HESDEP,C23 H24 N4 O1,1.0,5.83,52,P212121
VUXPAH01,C22 H38 Si2,1.0,3.18,62,P21/n
AMUMEE,C28 H21 F4 O2 P1,1.0,3.53,56,P21/c
JAGLAJ,C2 H2 N8 O7,1.0,3.3300000000000005,19,P21/c
YOXLAY,C16 H36 N4 Te2,0.5,4.0,58,Pnma
COXMIL,C9 H9 N1 O4,1.0,3.69,23,I41/a
BETMOD,"C23 H19 F3 N3 O2 1+,Cl1 1-,H2 O1",1.0,6.640000000000001,50,P21/c
HESDER,C24 H24 Br1 N3 O5,1.0,5.4,57,P-1
LIKFAM,C23 H23 N1 O3,1.0,5.0,50,P21/c
DEXSIJ,C17 H17 N1 O2,1.0,3.24,37,P21
ZUDKUI,"C20 H17 F2 N1 O4,C1 H1 Cl3",1.0,3.18,44,P21
QURYOR,C14 H25 N1 O2 S1,1.0,4.51,43,P212121
LEPJUM,C26 H19 P1,1.0,4.32,46,P-1
CEDSOV,C18 H10 Cl2 O4,1.0,3.5500000000000003,34,P21/c
XILBOL,"H4 B5 O10 1-,H4 N1 1+,2(H2 O1)",0.5,2.41,19,Aba2
JAHBON,C25 H19 N1 O3 S1,1.0,3.8899999999999997,49,P21/c
KEKRIF,C15 H20 B1 N3 O1,1.0,4.52,40,P212121
HOFFEN04,C19 H12 N2,2.0,4.569999999999999,33,P21/c
ACNDNB01,C2 H16 B9 N1,1.0,4.32,28,P21
KUDHEA,C13 H12 N6,1.0,4.54,31,P21/c
NUPWOO,C28 H27 N3 O3,1.0,4.32,61,P212121
MENMEY,C9 H12 N4,1.0,4.9,25,Pbca
EDARUX,C25 H16 N2 O2,1.0,4.43,45,P-1
UYIROK,C10 H18 O3,2.0,2.85,31,P21
COCKOY,C20 H20 O3,1.0,4.5,43,C2/c
AWEHAL02,C20 H14 N4,0.5,4.279999999999999,38,Pbcn
VEWJEO,C18 H20 O6,1.0,3.66,44,P21/n
JEHJOV,C18 H18 Cl4 O2,0.5,4.0,42,P-1
BIMYOO,C25 H25 N1 O3,2.0,6.83,54,Pn
PAYDID,C24 H20 N4 O2,1.0,4.69,50,P-1
AMTZLA,C9 H10 N4 O2,2.0,5.0,25,P-1
DOGBAD,"C18 H18 Cl1 N3 O4,C4 H8 O2",1.0,4.26,44,P1
LATZIP,C7 H13 B1 F3 N1,0.5,3.22,25,P21/m
PHTHCY12,C32 H16 N8,0.5,3.6999999999999997,56,P21/a
YORXAI,C14 H15 N1 O3,1.0,4.9799999999999995,33,P21/c
EMBCOD,C25 H31 N1 O3,1.0,4.8,60,P21
IZUWEH,C21 H21 N1,2.0,5.3100000000000005,43,P-1
UJUKOZ,C8 H10 N4 O2,1.0,4.75,24,C2/c
QEXGUW,C25 H26 Br1 N1 O1,1.0,4.58,54,P1
XARGOO,C17 H15 Br1 Cl1 N3 O2,1.0,2.56,39,P-1
HOYSEU,"C5 H11 F1 N1 1+,Cl1 1-",2.0,5.2,18,P212121
FIVROR,C17 H19 N1 O2 S1,1.0,4.1,40,P21/n
UXUROW,C21 H17 N3 O4 S1,2.0,4.87,46,P-1
SEHNEB,C21 H25 N1 O3,1.0,4.29,50,Pbca
BENMOZ,C16 H26 F2 O1,1.0,3.35,45,P212121
LAZNAE,C12 H12 N4 O1 S1,1.0,3.5700000000000003,30,C2/c
ADAPIF,C14 H8 Cl4 N2,1.0,3.96,28,P21/n
TIKXIW,C24 H20 N6 O2,1.0,6.98,52,C2/c
UNOBOO,C21 H19 N1 O3,1.0,3.25,44,P21nb
ODOBIV01,C14 H18 O2,1.0,6.140000000000001,34,P21/n
SEFQEC,C16 H26 O2 Si1,2.0,4.72,45,P1
CANCEC,C19 H27 N1 O2,1.0,3.58,49,P212121
VUCBOM,"C9 H17 N2 1+,C2 H12 B9 1-",1.0,4.3,28,P21/n
SAJYOV,C29 H25 B1 O4,1.0,7.04,59,P21/c
SAYSEQ,"C16 H24 Br1 N2 Si1 1+,Br1 1-",1.0,3.8000000000000003,44,C2/c
PAKJES,"C14 H18 N4 O4 S2,C12 H9 N1 O1",1.0,5.04,42,P21/c
AQEDUZ,C18 H17 F2 N3 O5,1.0,3.58,45,P-1
QIXLOA,C13 H11 Br1 O3,1.0,2.6100000000000003,28,P212121
IHEGAE,C20 H27 N1 O3,1.0,6.92,51,P21/n
SOJJUX,"C9 H13 N2 O2 1+,Br1 1-",1.0,2.23,26,P21/n
QULLUF02,"C9 H11 N1 O2,C7 H6 O4",1.0,6.19,23,P21/n
MUKRAM,"C10 H6 N10 O6,C2 H3 N1",1.0,3.71,32,P21/c
QQQDDS02,C4 H10 N2 S1,1.0,2.4899999999999998,17,P21/n
WAVWUL,C18 H20 O2,1.0,4.12,40,P21/n
ENIHUF,C26 H18 O3,1.0,4.53,47,P21/n
OZEMOX,C13 H17 N1 O2,1.0,2.98,33,P212121
VEQSIW,C21 H25 N3 O5,1.0,5.58,54,P21/c
GELQAS,"C10 H12 N4 O2 S1,C2 H6 O1 S1",1.0,4.51,29,P21/c
EDMBOX,C10 H14 N2 O1,1.0,5.4,27,P21/n
LUHFIE,C15 H12 N2 O3,1.0,4.72,32,P21/c
OYOHOC,C16 H15 N3 O3,1.0,3.84,37,P21
NIQCUM,C9 H14 B1 N1 O4,1.0,4.12,29,Pbca
SICSUV,C35 H25 O1 P1,1.0,4.96,62,P21/n
YORTEE,C19 H16 N4,1.0,4.1,39,P21/c
ROHXAP,C15 H14 N2 O3,1.0,3.85,34,P21/n
TUVXAL,"C11 H16 N1 O1 1+,H1 O4 S1 1-",1.0,4.05,29,P21/c
KEGQAR,C31 H26 Br2 N2 O2,1.0,4.25,63,P21/n
TIVWOK,C20 H30 N2 O1,1.0,3.6,53,P21/n
XANDOH,C28 H23 N1 O4 S1,1.0,5.69,57,P212121
QIYFEM01,"C13 H10 N2 O3 S1,2(H2 O1)",1.0,4.02,29,P21/n
UVEXID,C18 H16 N2 O1,1.0,4.64,37,Cc
KERRIK01,"2(C12 H18 N1 1+),O4 Se1 2-,H2 O1",1.0,4.390000000000001,31,P21/c
JEDSIV,C12 H8 Cl1 F2 N3 O1,1.0,3.75,27,Pbca
DEFWIV,C26 H29 N1 O1,2.0,4.6000000000000005,57,P-1
FUGYUC,"C10 H18 N1 1+,C7 H5 O2 1-",1.0,5.48,29,P21/n
VIGDOH,C20 H23 Br1 O5,1.0,5.3100000000000005,49,P21/c
RAQNOP,C23 H29 N1 O6 S1 Si1,1.0,4.45,61,P21212
ZETROH,C14 H13 N1 O4,1.0,4.42,32,P21/c
QIBBIP,C14 H16 O2,1.0,4.03,32,P21/n
RATBEW21,"C9 H8 N1 O1 1+,C4 H3 O4 1-",1.0,3.2300000000000004,19,P212121
MEXNIM,C22 H16 O2,2.0,6.08,40,Pn
NOHLOO,C27 H19 N1 O2,1.0,4.53,49,P21/c
CREATH06,"C4 H9 N3 O2,H2 O1",1.0,4.2,18,P21/a
TDTHTR01,C14 H12 S2,1.0,3.83,28,P-1
QIPSOZ,C24 H21 N1 O1,1.0,4.51,47,P21/n
GOLGEW,C20 H15 Cl1 N2 O1,1.0,6.419999999999999,39,I41/a
UCERON,C19 H20 N2 O1,1.0,5.42,42,P21/n
XORCEQ,C23 H21 N1 O2 S1,1.0,3.6999999999999997,48,P21/c
QOBDET,"C24 H20 P1 1+,C7 H11 B1 N1 O4 1-",1.0,3.47,45,P21/c
XEVKUI,C14 H9 F3 N2 Se1,1.0,2.64,29,P-1
SUYSIQ,C20 H11 N1 O1 S1,1.0,3.7900000000000005,34,P21/a
FAVYOT,"C19 H17 N3 O3,0.5(C1 H4 O1)",2.0,4.17,42,P21/c
WUVBUO,"C8 H10 N2 O6,C10 H8 N2",1.0,5.81,26,P21
MUVCIQ,C22 H20,0.5,4.38,42,P21/c
WELXOC,C23 H25 N1 O4,1.0,6.84,53,P21/c
MUXKUM,C18 H15 N1 O5,1.0,6.07,39,P21/c
RIBZUB,"C22 H23 F1 N3 O3 1+,C7 H6 O4,C7 H5 O4 1-",2.0,4.6899999999999995,52,Ia
PAWBOE,"C8 H6 S6,3(C8 H6 S6 1+),C2 I4,I3 1-,2(Br1 1-)",0.5,3.66,20,C2/c
ILIDAI,C13 H23 N1 O7,1.0,4.66,44,P21
JIRZIU,C19 H15 N1 O2 S1,1.0,4.71,38,P21/n
ZOKSUP,"C31 H26 N4 O1,0.5(C4 H8 O2)",2.0,4.82,62,P-1
ROLKOV,C14 H18 O3,1.0,7.000000000000001,35,P-1
TADNUI,C10 H16 O5,1.0,3.66,31,P-1
OWAPAG,C25 H31 N3,1.0,3.62,59,Pbca
KEQXIO,C5 H9 N3 O1,1.0,3.24,18,P21/n
KIVKAE,C14 H9 N3 S1,2.0,3.66,27,Pca21
DOYLUZ,C26 H21 N3,1.0,5.01,50,P-1
UKAFUH,C26 H34 N2 O2,1.0,5.4,64,P21
SUQREB,C17 H24 O12,1.0,5.95,53,P212121
YOCKEJ,C16 H19 N1 O2,1.0,4.92,38,P21/c
YIYNAY,C24 H21 F3 O2,1.0,3.7699999999999996,50,P21/c
IPODOJ,C8 H17 B10 N1,1.0,6.38,36,P21/n
RASXUE,C20 H34 O3,1.0,3.8000000000000003,57,P21
JIWLAG,C18 H20 N2 O4,1.0,2.5,44,P21212
LOWNUJ,"C10 H7 Cl1 N2 O1 S1,C9 H7 Cl1 N2 S1",1.0,3.85,22,P-1
EREWUW,C6 Cl2 N4 O5,1.0,5.01,17,P212121
LAQXEI01,C26 H22 N2 O3,1.0,6.26,53,P-1
ZEHFID,C27 H24 N2 O3 S1,1.0,6.53,57,P-1
YAXGOX,"C4 H5 N6 O2 1+,Cl1 O4 1-",1.0,4.3,17,P21/n
KARBOW,"C10 H4 O8 2-,C4 H12 N2 2+",0.5,4.01,22,P-1
ZEYFUE,C20 H36 P4,1.0,3.5,60,P21/n
MIHTEE51,C7 H13 N1 O1,1.0,3.7800000000000002,22,P61
ZOLJAO,C21 H20 N4 O5,1.0,5.18,50,P21/n
SINYEV,C19 H27 N4 O4 P1,1.0,6.4399999999999995,55,Pbcn
LADTUF,C21 H18 Cl2 O3,1.0,4.65,44,Pbca
TUPKUL,"C5 H12 N1 O1 1+,Br1 1-",0.5,3.67,19,P21/m
ZZZDIA11,C17 H26 O3,1.0,3.33,46,P-1
RAXWEW,C26 H24 N6 O2 Se2,0.5,4.15,60,P21/c
IRELOK,C18 H24 O3,1.0,3.73,45,P21/n
XORGIX,C24 H22 N1 O1 P1,2.0,3.6700000000000004,49,P21
DAXVEG,C9 H12 N4 O5,1.0,3.2,30,P212121
BAGRUY,C22 H22 O2,1.0,4.22,46,P21/c
IDEYOJ,C16 H16 B2 N4,0.5,4.43,38,Pccn
PESWOC,C12 H8 F3 N5,1.0,5.06,28,C2/c
UFEPOL,C9 H14 I1 N1 O3,1.0,2.35,28,Pca21
YIRKUI,C14 H9 Cl1 F3 N1 O1,1.0,5.54,29,P-1
JITVOX,C21 H22 N2 O6 Si1,1.0,4.0,52,P21/c
CAFLIE,C21 H23 N1 O2,1.0,4.3,47,P-1
NACTAR,C10 H10 Cl1 N1 O3 S1,1.0,6.65,26,P21/c
LUBVOW,C6 H4 As1 I1 S2,1.0,3.8899999999999997,14,P-1
NIFTOP,C21 H18 N2 O2,2.0,3.54,43,P21/c
VELXIV,C18 H17 Cl2 N3 O5,1.0,6.01,45,P21/n
CIVVUA,C26 H22 Br1 N1 O3,1.0,5.74,53,P-1
PEDNUK,C23 H20 N2 O1,1.0,3.95,46,P21/c
QIDCUF,"C13 H6 F5 N1,0.5(H2 O1)",2.0,4.46,25,P21/n
QUFQIT,"C13 H10 Br1 N3 O2,H2 O1",1.0,3.5999999999999996,29,P21/c
OXALAC08,C2 H2 O4,0.5,4.0,8,P21/c
FOPCAO,C8 H16 S4,2.0,3.36,28,Cc
KOZFUD,C16 H19 N1 O3,2.0,4.65,39,P21/n
TOGHOP,C29 H28 F1 N3 O2 S1,1.0,5.96,64,P-1
JESMAV,C10 H32 F4 N4 Si6,0.5,2.97,56,P21/n
BOZQAL,C11 H10 N6,1.0,6.84,27,P21/c
LACVAN,C23 H27 N1 O5,1.0,4.82,56,P21
AHEJAZ11,C8 H10 O2,1.0,4.63,20,P212121
YEWBIP,C31 H28 F1 N1,1.0,4.12,61,P21/c
BUFPUO,"C11 H15 N4 O4 1+,Cl1 1-",1.0,5.28,34,P21
GEJBUT,C24 H26 N1 O1 P1,2.0,2.94,53,P21
FUTKAH,C19 H24 N2,1.0,5.09,45,P212121
TIZFIV,C20 H15 Br1 F6 O4,1.0,3.25,46,P-1
OFEKOC,C13 H12 N2 O2,2.0,5.01,29,P-1
IMITIH,C10 H12 O4 S1,1.0,5.6000000000000005,27,P21/c
RUQYEK,"C31 H25 B1 F2 N2 O2,0.43(C4 H8 O2)",1.0,7.449999999999999,63,P21/c
RAVBAR,C22 H29 N2,2.0,4.9,53,P21/c
AJOHOW,"C14 H19 N2 1+,C8 H3 Cl2 O4 1-",1.0,6.7,35,P-1
LOTVID,C15 H16 O4,2.0,2.75,35,P21
VIMJEJ,C13 H17 N1 O3,1.0,5.04,34,P21/n
QUWJEZ,C24 H24 Br1 N1 O4,1.0,6.3,54,P212121
ZUFTEB,C13 H7 F4 N3,2.0,3.8899999999999997,27,Pca21
FIFFAB01,C24 H32 O6,1.0,5.5,62,P212121
UZOLED,C13 H30 N2 Si3,1.0,2.77,48,P21/c
SECXIH,C29 H24,1.0,5.7,53,Pbca
IVAMAU,C20 H29 N1 O3,2.0,3.88,53,P21/n
CIDQIP,C11 H15 N3 O3,2.0,4.9,32,P21/n
DIJJUE,C23 H21 N1 O5,2.0,6.94,50,P21/c
TICSOQ,C23 H20 Cl2 N2 O1,1.0,4.77,48,P21/c
YEHWER,C23 H19 N1 O2,1.0,5.779999999999999,45,P21/n
HIDNER,C12 H22 O4 S1,2.0,4.3,39,P1
FEXPII,C17 H18 N2 O2,1.0,6.53,39,P-1
GUKLIK,C12 H17 N3 O2 S1,1.0,5.54,35,Pbcn
IPIVIP,C28 H25 Br1 O6,1.0,3.18,60,P212121
HIZSER,C13 H18 N2 O2 S2,1.0,4.07,37,P21/c
KEHPIA,C22 H22 Br1 N1 O3 S1,1.0,5.18,50,C2/c
REFJUL,C21 H15 N1,2.0,3.5999999999999996,37,Pna21
MUKVAQ,C16 H38 Li2 O8,0.5,4.2700000000000005,64,P-1
GUJKOL,C15 H18 N2 O5,1.0,4.5,40,P21
XASHOS,C7 H10 N4,1.0,4.43,21,P21/c
COCXEZ,C18 H20 O4 Si1,0.5,3.9899999999999998,43,C2/c
EVOGAX,C9 H10 O4 S1,1.0,5.1000000000000005,24,Pbca
QOQDIL,C16 H20 N2 O1,1.0,6.05,39,C2/c
QOCXAJ01,C23 H20 N2 O1,1.0,4.25,46,P-1
BIMVEZ,C13 H9 Cl1 O1,1.0,3.17,24,P21/c
PUVRIH02,C22 H17 Cl1 N2,1.0,3.84,42,P-1
PICDUB,C20 H24 N1 O1 P1,1.0,4.55,47,P212121
PIHQUS,C4 Cl2 N2 S4,0.5,4.6000000000000005,12,P21/c
FAWRIH,C30 H25 F1 O2,2.0,4.6899999999999995,58,P-1
PUXGUO,C21 H17 F3 O4 S1,2.0,3.2,46,P-1
BORQUV,"H4 N1 1+,C6 H14 O2 P1 Se2 1-,C1 H1 Cl3",1.0,3.64,25,P21/n
QEDFAK,C8 H28 B11 N1 Si2,1.0,5.38,50,P21/c
XELVAP,C27 H26 O2,1.0,3.4799999999999995,55,P21/c
MOJFIE,C21 H17 N1 O1,1.0,6.710000000000001,40,P21/c
EQEJIV,C23 H27 N1 O6 S1,1.0,4.760000000000001,58,P21/c
DIWPOS,"C10 H13 N5 O4,2(C2 H6 O1 S1)",1.0,3.04,32,P212121
AVADEI,C13 H11 I1 N2 O1,1.0,5.7,28,P21/c
PETKEI,C20 H19 F1 N2 O4 S1,1.0,6.23,47,P-1
GOLGET,C11 H13 N1 O6 S1,1.0,2.74,32,P212121
XUDFAH,C17 H14 Br1 N1 O2,1.0,2.78,35,C2
SOVDIQ02,"C10 H8 N2,C5 H8 O4",2.0,4.3999999999999995,20,P21/c
HONTUA01,"C12 H12 N2,C7 H6 O3",1.0,5.15,26,P-1
EKUGIE,"C22 H21 F1 N2 O1,0.5(C1 H4 O1)",2.0,3.82,47,P21
LUMBAZ,C21 H13 Cl1 N2 O1,1.0,4.35,38,P21/c
UREMIR,C10 H8 Cl1 N1 O4,1.0,5.84,24,P21212
NEGKUF,C18 H20 Br1 N3 O2,2.0,4.4,44,Pna21
MIYKIO,C6 H7 N3 O3,1.0,4.1,19,P212121
BOHYAC,C7 H10 O5,1.0,3.0300000000000002,22,P212121
XOHQAP,"C12 H14 N1 1+,C23 H23 N2 O4 1-",1.0,3.62,52,P212121
IGASOZ,C19 H22 Cl2 N2 O2,1.0,3.89,47,P21/c
COVYUK,"C13 H15 F3 I1 O3 S1 1+,C1 F3 O3 S1 1-",1.0,5.25,36,P21/c
WOKTIA,C28 H30 B2 N4,0.5,6.18,64,P21/c
UWELUG,"C26 H14 N6 O6,2(C5 H9 N1 O1),2(H2 O1)",0.5,5.76,52,C2/c
QOTXEC,C23 H13 N1,1.0,4.8,37,Pna21
REYQEV,C28 H21 N2 P1,1.0,4.4799999999999995,52,P-1
BUGVII,C16 H16 O1 S1,1.0,4.4,34,P212121
RABZII,C30 H23 N1 O2,2.0,5.53,56,C2/c
UFENIE,C15 H16 Br2 N1 O4 P1,1.0,4.109999999999999,39,C2/c
XURWAK,C10 H12 O3,2.0,2.58,25,P212121
JOTROC,C23 H16 N2 O2,1.0,5.3,43,P-1
ENIGOX,C10 H10 I1 N1 O6,1.0,1.53,28,P21/c
SAVXAP,C21 H25 N1 O4 S1,1.0,5.94,52,P21/c
PABCOM,C12 H18 N2 O4,1.0,3.64,36,P212121
MAMSOM,"2(C7 H2 N2 O7 2-),2(C4 H12 N2 2+),C4 H10 N2,2(H2 O1)",0.5,4.8500000000000005,18,P-1
LEJRAX,C14 H20 N2 O6,0.5,3.51,42,R-3
YAYHUD,C20 H26 O2,1.0,3.98,48,P21
TAGTOS02,C6 H12 O6,1.0,2.69,24,P212121
IHUMEG,"C25 H23 I1 N1 O2 1+,C2 F3 O2 1-",1.0,2.65,52,Pbca
HOZGUC,C25 H20 N2 O3 S1,1.0,3.81,51,P21/c
GAKSEQ,C8 H11 N3 O3,2.0,6.4,25,P21/n
MUFCIA,C13 H11 N1 O5,1.0,3.97,30,P212121
AMAHON,"C20 H17 Br1 N1 O1 1+,H2 O1,Cl1 1-",1.0,3.17,40,P21/n
EZEHEY,"C8 H11 N2 S1 1+,C7 H3 N2 O6 1-",2.0,5.949999999999999,22,P-1
KIFBOU,"C7 H5 I1 O4,C9 H7 N1",1.0,4.5,17,P21/c
REMSEH,C23 H23 N3 O2,0.5,5.2,51,Cmc21
VEQRIW,C14 H11 Br1 Cl1 N1 O1,1.0,5.29,29,P-1
XOFXOI,C11 H8 N2 O2,1.0,5.56,23,P21/c
YURHEY,C8 H19 N1 O3 Si1,1.0,3.7,32,P21/c
BEWLUL01,C18 H16 N2 O2 Se2,1.0,3.56,40,P-1
LOSJAE,C19 H15 As2 Cl4 P1,1.0,2.71,41,P-1
LABSOW,"C4 H9 N2 O3 1+,H2 O3 P1 1-",1.0,2.8000000000000003,18,P21
IFOROO,"C20 H22 O2 P1 1-,0.5(C4 H10 O2),Cs1 1+",2.0,2.4899999999999998,45,P21/c
CAYQAU03,C13 H13 N1 O2,1.0,4.87,29,C2/c
JEWRUB,C21 H25 N1 O4,1.0,2.5700000000000003,51,P212121
AZERIH01,C15 H17 N1 O2 S1,1.0,7.48,36,P-1
JENFEQ,C15 H15 N3 O2,1.0,4.78,35,P21/c
HUHBIW,C22 H29 N1 O5 S1,1.0,6.0,58,P212121
ROHDUR,C34 H23 N1,0.5,4.99,58,C2/c
MANSAX,C18 H14 N2 S6,1.0,4.51,40,P21/c
CIHBIF,"C5 H5 Cl1 N1 1+,I1 1-",1.0,5.14,12,P-1
HUVTIE,C23 H36 O3,1.0,5.45,62,P21
AYUVAS,C16 H19 Cl1 O2 S1,1.0,4.37,39,P-1
DOKJIY,C18 H21 F3 O3,1.0,2.7,45,P212121
DOTPOR01,C25 H35 P1,1.0,6.3,61,C2/c
QISCIG,C22 H16 Br1 P1 Se1,1.0,3.54,41,P21/n
FEHSEQ,"C12 H12 S4 1+,I3 1-",1.5,4.5,28,P-1
JUVBOV,"C12 H13 Br1 N4 O1,H2 O1",1.0,3.17,31,P21/c
ZAYQIZ,C26 H25 N3 O1,1.0,5.6000000000000005,55,P212121
CUPDAT,C10 H16 O4,0.5,4.33,30,P41212
SAZQET,C22 H19 N1 O5,1.0,2.91,47,P212121
WOJJUC,C19 H15 N3 O2,1.0,4.19,39,P21/n
ROQLAK,"C4 H10 N1 O1 2+,2(C6 H4 Cl1 O1 1-)",1.0,3.93,16,P21/n
IKIKUI,C16 H14 O7,1.0,4.6000000000000005,37,P-1
SATMEJ,C12 H16 O4,0.5,3.83,32,P21/n
BURXUJ,"C14 H19 N4 O1 1+,C1 F3 O3 S1 1-",1.0,6.38,38,Pbca
AGAYEO,C16 H18 Cl1 N3 O1,1.0,5.27,39,P-1
ROBZOA,C17 H25 B1 N1 P1,1.0,3.49,45,P212121
LUVWOQ,C27 H22 N4 S2,1.0,2.9000000000000004,55,P21/c
IMTPNS,C8 H11 I1 O5 S1,1.0,3.6,26,P212121
OKOZEU,"C14 H20 N2 O3,C9 H12 O1 S1",1.0,4.8500000000000005,39,P212121
AVEKIY,"C19 H24 N2 O2,C6 H6 O2",1.0,4.16,47,P21/c
WOMFIQ,C9 H9 Cl2 I1 O2,1.0,2.35,23,P-1
VOGWOH,"H12 B12 2-,2(H5 N2 1+),2(H4 N2)",0.5,3.81,24,P-1
KENDIR,C14 H12 Br1 N1 O1,1.0,2.2,29,P21
WOCGOK,C8 H4 F1 N1 O2,1.0,5.3,16,P21/c
DEKGUV,C10 H13 Br1 Cl2,1.0,3.4,26,P212121
IPINOK,"C6 H3 N3 O6,C6 H5 Cl1",2.0,5.3,18,P-1
APIQAV,C13 H8 Cl2 N2,1.0,3.8600000000000003,25,P21/c
OKIDET03,C26 H20,1.0,5.67,46,P21
MOLMIJ,C12 H14 N2 O2,1.0,5.96,30,P21/n
FIVWEN,"C15 H36 B1 N1 P1 1+,I1 1-",1.0,2.04,54,P21/c
YUNHAU,C26 H21 B1 N4 O1,1.0,4.89,53,P21/n
XEMDUQ,C25 H30 N4 O3 S1,1.0,5.19,63,P-1
OMOVIW,"C16 H23 N2 O5 1+,Cl1 1-",1.0,4.3,46,P21/c
REBXEC,C17 H22 O1,2.0,6.18,40,P21/c
REZVUQ,"C18 H13 N4 S2 1+,C1 H4 O1,Cl1 1-",1.0,3.1399999999999997,37,P21/n
VOHKIO,"C15 H10 O6,C12 H12 N2 O2 S1,C2 H6 O1",1.0,6.94,31,P21/c
JIZHOP01,C15 H20 O3,1.0,3.73,38,C2221
OYEDOO,C18 H16 Br1 N1 O3 Se1,1.0,3.75,40,Pbca
QAQJOL,C20 H12 N2 O2,0.5,5.680000000000001,36,C2/c
GAYMIF,C3 Cl2 N4,1.0,3.6999999999999997,9,Pbca
NIVTOE,C26 H21 N1 O4,1.0,3.9800000000000004,52,Pbca
YEKKOP,C23 H19 F2 N3 O2,1.0,3.67,49,P212121
WOMROJ,C21 H16 Br1 F3 O4,1.0,5.09,45,P21/n
BAJVOB,C20 H25 N1 O5,1.0,3.62,51,P21/c
CAVVII,"C12 H9 F5 N3 1+,B1 F4 1-",1.0,2.92,29,Pca21
IYABAP,C10 H11 F2 N1 O1,1.0,3.94,25,P212121
LUQMOD,C20 H20 Cl1 N5 O2 S1,1.0,3.52,49,P212121
MECWOI,"C4 H4 F1 N3 O1,C8 H11 N5 O3",1.0,3.91,27,P21/c
VOGGAD,"C7 H8 N1 O1 1+,C6 H2 N3 O7 1-",1.0,5.91,18,P-1
SUKNIW01,C16 H16 N2,1.0,3.73,34,Cc
QATZUH,C23 H23 N1 O4,1.0,5.73,51,P21212
BIWTEJ,C8 H9 N1 O4,1.0,2.48,22,P21
XUZRES,C6 H3 F3 N4 S1,1.0,3.56,17,P-1
PUSYOV,C7 H10 I2 N2,1.0,2.9499999999999997,21,P-1
PATULO,C7 H6 O4,1.0,5.0,17,P21/n
DUSZID,C17 H16 N2 O3,1.0,4.93,38,P21/n
ZZZJWM01,C18 H10 O2,1.0,4.5,30,C2/c
SUCROS20,C12 H22 O11,1.0,5.32,45,P21
OGAXAW,C13 H8 Cl2 N2,2.0,3.2,25,P-1
SAHDEM,"C11 H10 O6 2-,C2 H10 N2 2+",1.0,6.62,27,P21
FENDIL01,C15 H24 O2,2.0,6.3,41,P212121
LENZEN,C33 H25 N1 O3,1.0,3.3000000000000003,62,P-1
SIHBAP,"C6 H8 Cl1 N3,C8 H8 O2",1.0,3.6700000000000004,18,Pbcn
WUYCAY,C13 H15 F2 N1 O3,1.0,3.3099999999999996,34,P21/n
METAMI03,C1 H5 N1,1.0,1.8399999999999999,7,Fdd2
TALBIW,C25 H33 B1 O2 Si1,1.0,3.4299999999999997,62,Pbca
HOKXAK,C18 H17 Cl1 N2 O1,2.0,4.7,39,P212121
BESVIG,C20 H22 O2,1.0,3.51,44,C2
WANCIA,C17 H20 N2 O2,1.0,2.68,41,P212121
TOPWUR,C13 H28 O3 Si1,1.0,4.14,45,C2
WUBYOK,"C8 H2 Br4 O4,2(C2 H6 O1)",0.5,2.94,18,Pnma
KOLFOH,C14 H17 N1 O2,1.0,6.87,34,P21/n
RUCCEY,C20 H26 Br2 O6,0.5,4.0200000000000005,54,P21/c
BOWTAM,C20 H17 N1 O2 S1,1.0,6.63,41,C2/c
AGOQOE,"C10 H26 N4 2+,2(C4 H3 O4 1-)",1.0,3.17,40,P21/n
YAFBAM,C16 H19 N1 O5,1.0,4.46,41,P-1
IVEKIE,C17 H20 N2 O2 Se1,1.0,3.81,42,P-1
FUGYAH01,C22 H20 N2 O2,0.5,5.7,46,Pccn
OFIHIV,C18 H17 Br1 N4 O3 S2,1.0,1.7,45,P212121
OTIBOK,C22 H24 N2 O2,0.5,5.35,50,Fddd
KOYREY,C29 H25 N3 O6,1.0,4.18,63,P21
HIVTUD,C8 H9 N1 O3,2.0,7.06,21,P-1
UCIKOI,C28 H25 N1 O1,1.0,3.79,55,P21/a
BIBTIS,C22 H22 B1 N1,1.0,5.71,46,Pbca
QAWCUQ,C21 H22 N2 O3,1.0,5.16,48,P-1
UNATIQ,C8 H7 N2 S3,2.0,1.6400000000000001,20,P21
OXALCH86,"C2 H2 O4,2(H2 O1)",0.5,1.66,8,P21/c
YIQXUU02,C25 H17 N1 O1 S1,1.0,4.3,45,P21/c
NEZGIM,C24 H26 B1 N1 O3,1.0,4.130000000000001,55,P21/c
MOCXEH,C13 H12 N4 O1,1.0,3.99,30,C2/c
WIKRAJ,C23 H30 N2 O2,1.0,5.13,57,P21
SOMRAR,C25 H21 N3 O1,1.0,5.84,50,P212121
UVIHAJ,C19 H20 O2,1.0,2.71,41,P212121
EYIFAW,"C6 H6 N2 O1,C1 H3 N1 O1",2.0,4.66,15,P212121
MEYWUK01,C14 H18 O2,1.0,3.3099999999999996,34,P212121
CIHSAR,C20 H18 N2,1.0,3.51,40,P21/n
IWUDEJ,C10 H13 N1 O2,1.0,4.1,26,P212121
NOVVIF,C24 H17 Br1 O3,1.0,3.5000000000000004,45,P21
QIRXIA,"C7 H14 N3 O1 1+,0.5(H2 O1),Cl1 1-",1.0,4.8,25,P2/n
TODHUT,C3 H2 F6 O3 S1,1.0,4.4799999999999995,15,P21/n
RATFIC,C28 H29 N1 O5,1.0,3.14,63,P21
MEDFUY,"C8 H12 N1 O1 1+,C3 H3 O4 1-",1.0,3.13,22,P21/c
FUJRUX,C20 H26 N2 O2,1.0,4.0,50,P21/n
UJUZUU,C21 H22 O8,1.0,5.17,51,P21
HIRDOF,C16 H13 N1 O1,2.0,4.73,31,P21/c
UNUFOB,C13 H14 Br1 N1 O3,2.0,2.45,32,P21
OGOCUK,C30 H26 N2 O6,1.0,6.4799999999999995,64,C2/c
PHTRPL03,C18 H30,1.0,3.7,48,P21/n
ESICUI,"C24 H20 Cl2 N2 2+,2(C2 F6 N1 O4 S2 1-)",0.5,4.34,48,C2/c
PIXCIK,C22 H26 O4,0.5,4.3,52,P-1
MABZIA,C11 H11 N1 S2,1.0,3.13,25,P21/a
PORCUX,C16 H20 O3,1.0,3.37,39,P21/c
IHAWOE,C24 H22 N4 O1 Si2,1.0,4.0,53,P-1
MEKCUC,C4 H12 Br4 Se2 Te1,0.5,1.98,23,P21/n
SEZJEN,C5 H7 N1 O3,1.0,3.47,16,P21/c
FEZNOR,C17 H24 O3,1.0,7.2700000000000005,44,P21/c
PIGTIL,C13 H14 Cl1 N1,1.0,3.74,29,P21/c
OTIKUA,C18 H15 Br1 N2 O3,1.0,5.76,39,P21212
VOJKEL,C17 H17 Cl1 N2 O4,1.0,4.61,41,P-1
GODZEE,C14 H16 N2 O1 S1,1.0,3.47,34,P212121
VUXBAT,C8 H14 O4,1.0,3.46,26,Pbca
FAKZIB,C15 H19 N1 O1,1.0,4.44,36,P21/n
WAFLUK,C22 H24 O2 Si1,1.0,5.43,49,P21/n
RABZAW,C19 H26 O3,1.0,4.1,48,C2/c
WOGZEY,"C13 H10 N4 O6,0.5(C7 H8)",2.0,6.73,33,C2
ILACAA,C24 H26 O2,1.0,4.16,52,P21/c
JODGUG,C5 H8 Cl1 N3 O4,2.0,3.0300000000000002,21,P-1
CUDCIQ,"2(C21 H22 O5),C2 H5 N1 O1",1.0,4.97,48,P-1
FEFPOW,C24 H18,0.5,4.49,42,P21/c
HODLIW,"C10 H16 N4 2+,2(I3 1-)",1.0,3.48,30,P-1
VESSOD,C4 H12 B2 I2 N2,0.5,2.32,22,C2/c
WAMROV,C16 H16 O3,1.0,2.29,35,P212121
WIZXEJ,C10 H13 N1 O3 S1,1.0,3.83,28,P21/n
NABTAP,C21 H13 N1 S1,2.0,6.81,36,P-1
QELXIO,C17 H13 N1 O3,1.0,4.9,34,P21/n
OXALDH92,"C2 H2 O4,2(H2 O1)",0.5,1.78,8,P21/c
SEGZIP,C14 H12 N2 O3,1.0,5.54,31,P-1
WINJUB,C19 H17 N1 O1 S1,1.0,3.7699999999999996,39,P21/c
DMBZAC01,C9 H10 O2,1.0,4.42,21,P-1
KEGJIR,"C20 H18 O4,H2 O1",1.0,4.3,42,P-1
ALALNO,"C12 H17 N4 O4 1+,Cl1 1-",1.0,5.7,37,P21
ALEJIL,C15 H21 Br1 O3,1.0,2.59,40,Pca21
WAWXUP,C15 H14 F1 N1 O1 S1,1.0,4.8100000000000005,33,P21/c
TUMSEA,C25 H17 Br1 N4,2.0,5.75,47,P-1
COQMOO,C28 H23 N1 O2,1.0,4.66,54,P21/c
LEPFIW,C15 H21 N3 O1 S1,2.0,5.28,41,P-1
QUZRAF01,C20 H21 N3 O3,1.0,3.68,47,P21/c
YOJDIM,C11 H20 N4 O2,0.5,4.8,37,P3221
NAHTEY,"C6 I3 N3 O6,2(C1 H4 N2 S1)",0.5,4.55,18,P21/m
VIRYOM,"C19 H23 N1 O1,C6 H1 F4 I1",1.0,2.11,44,P21/c
AJUVEI,C11 H11 N1 S2,2.0,6.34,25,P21/c
TERDUQ,C24 H26 O6,1.0,4.21,56,P-1
JODQID,C21 H18 O6,1.0,5.08,45,C2/c
LUKKIO,C14 H12 N2,2.0,3.3099999999999996,28,Pna21
CASBII,C16 H23 Br1 O10,1.0,4.65,50,P21
CTMTNA06,C3 H6 N6 O6,1.0,5.73,21,Pca21
GOKHEX,C19 H26 Br1 N1,1.0,2.73,47,P21/c
IDEKEJ,C27 H25 Br1 Cl1 N3 O1,1.0,4.24,58,P21/c
COHWIF01,"C6 H12 N2,C6 H6 O2",1.0,3.81,20,P21/n
TOKCII,C11 H12 Cl1 N1 O1,1.0,6.63,26,Pbca
KUNWEY,C17 H14 N4 O2 S1,1.0,4.2,38,Pca21
EDOPOG,C19 H19 N1,1.0,4.61,39,P21/c
YUSLOR,C32 H23 B1 Cl1 P1,2.0,5.28,58,P-1
FASZIJ,C9 H9 N1 O2,1.0,4.19,21,Pna21
UWIHAN,C27 H18 N4 O1,2.0,4.33,50,P-1
GEYMUV,C17 H17 N1 O5 S2,1.0,2.26,42,P212121
HALSUK,C19 H24 Br1 N1 O5,1.0,3.35,50,P212121
FOTMAF,C18 H36 B1 N2 O4 P1,1.0,4.93,62,Pbca
CUYPIY,C19 H20 Br1 N1 O1,1.0,4.33,42,P21/c
FEVLEA,"2(C12 H14 Cl1 N4 1+),C10 H6 O6 S2 2-",1.5,4.6899999999999995,31,P-1
XUXVUJ,C25 H21 Br1 O4,1.0,6.68,51,P212121
QIFGIX,C16 H7 F9 N2,1.0,4.569999999999999,34,C2/c
QECFUD,"C32 H20 N4 O2 Te1,C1 H2 Cl2,H2 O1",1.0,2.83,59,P-1
AYUHOR,C6 H4 B2 Br4,1.0,2.61,16,Pna21
LEVDEY,C12 H14 Cl3 I2 N1 O1,1.0,3.63,33,P21/c
EKIWOK,C13 H13 N1 O4 S1,1.0,5.94,32,P-1
KUBRAA01,C20 H32 N2 O4,0.5,7.13,58,C2/c
LABBAW,C30 H26 N4 O4,1.0,3.7900000000000005,64,P-1
FOCSUP,C31 H23 F2 N1 O1,1.0,3.46,58,P43212
DOXJEI,C14 H14 Br1 N1 O2,1.0,3.4799999999999995,32,P21
ROTXOP,C8 H10 Br1 N3 O1,1.0,3.2199999999999998,23,P21/n
ESAPEV,"C17 H16 N3 O1 1+,Br1 1-,C2 H3 N1",1.0,3.82,37,Cc
XUBVAS,"C18 H14 N4 O4,C1 H4 O1",1.0,5.61,40,P21/c
TUFWEA,C22 H18 N2 O3,1.0,4.37,45,P-1
ROVZAF,C21 H19 N3 O3 Se1,1.0,3.4000000000000004,47,P21/c
APIKAO,C12 H12 I1 N1 O4 S1,1.0,4.64,31,P21/n
NITRAN05,"C6 N2 O8 2-,2(H5 O2 1+),2(H2 O1)",0.5,4.04,16,P21/c
PEZDEE,C20 H13 F3 N4 O1,1.0,6.48,41,P21/c
VITLIU,"C12 H12 Cl1 N3,0.5(H2 O1)",2.0,3.3000000000000003,28,P-1
MESEFV14,"C10 H12 Se4 1+,C10 H12 Se4,F6 P1 1-",0.5,3.87,26,P-1
GUWNUL,C15 H21 F3 N2 O2,1.0,4.41,43,P21/n
LUMKUA,C23 H22 S2,2.0,3.96,47,P-1
EBACAQ,C19 H21 N1 O2,1.0,4.72,43,P21/n
GARLOE,C14 H16 O7,1.0,5.48,37,P212121
GARHOA,C2 H7 B1 N4 O2 S1,1.0,2.44,17,P21/n
QIPHII,C9 H13 N3 O5,1.0,3.75,30,P212121
RIGBUE,C8 H18 As2 I2,0.5,4.2,30,P-1
EJIWEC,C12 H13 Cl1 N2 O2,2.0,6.239999999999999,30,P21/n
VIFLEE,"3(C7 H10 N2),O3 Xe1,H2 O1",1.0,2.0,19,P21/n
VAYXUP,C14 H12 O4,1.0,5.91,30,P-1
JOKNUS,C16 H26 O3,1.0,3.5,45,P212121
BOGQOG,C14 H15 N1 O2 S1,1.0,5.41,33,C2/c
PESNAF01,C13 H9 N3 O2,1.0,3.6999999999999997,27,P21/c
ZAJKUT,C30 H25 N1 O2,1.0,5.48,58,P-1
HOMROQ,C15 H13 N1 O2,1.0,3.79,31,P21
TESCEB,C14 H14,1.0,5.36,28,P-1
LABSEM53,"C2 H6 N1 O2 1+,H2 O3 P1 1-",2.0,3.6799999999999997,11,P21
UTUZUF,C17 H17 Cl1 N2 O1,1.0,6.2,38,P-1
WEZNEX,"C21 H22 N2 O7,H2 O1",1.0,3.42,52,Pc
KOKRUB,C29 H24 N4 O2 S1,1.0,4.2299999999999995,60,P-1
RARQAG,C26 H29 N1 O3,1.0,5.55,59,P21
HUVVED,C17 H13 N1 S1,1.0,2.54,32,P212121
JUBQIJ,C2 H8 N2 O4 S2,0.5,4.06,18,Pbca
BNPERY03,C22 H12,1.0,4.01,34,P21/c
LABVEP,C9 H7 N1 O4,1.0,4.5,21,P21/a
MEPYAI,"C18 H19 N2 1+,I1 1-",1.0,4.4,39,P21/n
EJACEZ,C29 H25 Br1 O4,2.0,3.92,59,P1
GOQBIX,C18 H8 Br2 Cl6 S2,0.5,6.96,36,Pccn
POWJEU,C14 H11 Cl3 N1 O2 P1,1.0,3.11,32,P-1
SOMNIT,C15 H14 N4 O1,2.0,4.2299999999999995,34,P-1
EQANIU,C17 H21 N1 O3,1.0,3.21,42,P212121
TAHXEI,C19 H22 N4 O5,1.0,2.8000000000000003,50,P212121
TEFJOF,C25 H25 N1,1.0,3.36,51,P-1
WUDSEW,C19 H19 F1 O4 S1,1.0,6.04,44,P212121
PESBAT39,"C7 H7 N2 1+,C8 Cl2 N2 O2 1-",1.0,6.11,16,P21/n
TABTIC01,C17 H19 N3 O3,1.0,3.6999999999999997,42,C2/c
WUFFUA,C20 H15 N3 O3 S2,1.0,4.859999999999999,43,P-1
YIQYIH,C7 H6 O3,1.0,3.15,16,P212121
PAVPOV01,"C18 H14 Cl4 N2 O1,C2 H6 O1",1.0,3.62,39,P-1
ZZZRTI03,C8 H10,1.0,3.61,18,P21/c
CAZKIY,"C18 H14 N2 2+,2(Cl1 1-),2(H2 O1)",0.5,6.86,34,P-1
MOXCAG,C10 H14 N2 O4,1.0,5.35,30,P21/c
GADPUX,"C8 H12 N1 1+,C4 H3 N4 O4 1-,0.5(C8 H11 N1)",2.0,4.44,21,P1
BOSTEL,C14 H30 B1 O2 P1,2.0,5.43,48,Pc
NESJUS,"C8 H6 N4 O5,C6 H7 N1",1.0,6.07,23,P-1
HEVRUV,C1 H1 N3 O6,0.33,3.17,11,Pa3
LUPREW,C16 H17 N1 O4,1.0,3.93,38,P-1
ULORUM,C21 H15 N1,1.0,3.17,37,Pna21
PIKDAS,C11 H17 N1 O1,1.0,3.64,30,P-1
TITTOG,C12 H8 F3 N3 O1,1.0,4.7,27,P-1
SAVMUZ,C18 H18 O2 S1,1.0,3.83,39,P21/n
VEHVEN,C20 H20 O4,1.0,2.9499999999999997,44,P212121
NAMQAW,C16 H12 N2 O2,1.0,5.3100000000000005,32,P21/n
UPUNAX,C21 H21 F1 N2 O1,2.0,5.96,46,P-1
UNAPAD,C25 H28 N2 O7,1.0,3.35,62,P21
SOQGAI,C11 H12 N4 O4,0.5,4.44,31,P2/c
MIFQUN10,"2(C3 H8 N1 O3 1+),C2 O4 2-,2(H2 O1)",1.0,3.6700000000000004,15,P21/c
YOZBAT,"C7 H6 O5,C1 H4 N2 O1",1.0,5.680000000000001,18,P21/c
VEMHEC,C23 H26 N2 O2 S1,1.0,6.57,54,P212121
ENIPID,C13 H15 N1 O3,2.0,3.0300000000000002,32,P21
IWOYID,C21 H21 N3,1.0,6.78,45,R3
YIMZAY,"2(C23 H16 O1),C10 H2 N4",0.5,5.01,40,P-1
FACBUJ,C21 H26 N2 O4,1.0,4.97,53,Pca21
NIPRAH,C24 H18 N2 O5 S1,1.0,4.1000000000000005,50,P21/n
BIWLOM,C11 H14 O3,1.0,3.7199999999999998,28,P212121
ITONOV,C22 H10 B1 F15 O1,1.0,3.8200000000000003,49,P-1
XARROZ,C20 H18 N2 O1,1.0,3.98,41,P21/c
BANJUV,C14 H13 N1 O1 S1,1.0,2.54,30,P21
APUVUF,"C10 H11 N5 O1,C7 H6 O4",1.0,6.0,27,P21/c
TASLOR,C12 H15 I1 O3 S1,2.0,1.79,32,P-1
FUDVIN,C14 H20 Cl4 O2 Si2,1.0,5.48,42,P21/n
FIWGOJ,C28 H26 N2 O1,1.0,6.69,57,P212121
LOPROB,C12 H15 N1 O2,1.0,4.58,30,P21/c
EXITIP,C10 H16 O5,1.0,3.8000000000000003,31,P212121
TIMPUE,C21 H15 B1 F2 N2 O3,1.0,3.8899999999999997,44,P-1
XACLUM,C27 H21 P1 S1,2.0,3.08,50,P21/n
HENDAJ01,"C14 H12 N2 O4,2(H2 O1)",1.0,4.1000000000000005,32,C2/c
VUGYOO,C15 H19 N1 O4,1.0,2.59,39,P212121
NEDQAQ,C14 H12 O3 S1,2.0,3.5300000000000002,30,P212121
UROKIZ,C19 H24 B1 N1 O4,1.0,2.45,49,P212121
YIVVEI,C10 H10 N2 O2,1.0,3.74,24,P212121
KARTUU,C22 H21 N1 O2,1.0,4.97,46,Pcab
NIGMUO,"C23 H17 N1 O3 S1,C1 H1 Cl3",1.0,5.74,45,P21/c
ROMDOO,C21 H23 N1 O7,1.0,5.84,52,P-1
DORVUE,C16 H14 Br1 N3 Se1,2.0,4.03,35,P21/c
GAQMUI,C8 H5 N1 O1 S2,1.0,3.15,17,Pna21
GOPMEG,C37 H24,1.0,4.590000000000001,61,P21/c
ODUFIC,C13 H14 O3,1.0,5.29,30,C2/c
ZIHZEY,"C28 H20 S12 1+,I3 1-",2.0,6.41,60,P21/n
ICEVOB,C25 H14 Cl8 N1,1.0,3.84,48,P21/n
MOGROP,C14 H6 Cl4 O3,1.0,6.67,27,P-1
LEKVAC,C22 H24 N4 O2,1.0,3.5700000000000003,52,P-1
ADEZUG,C19 H25 N1 O7,1.0,4.45,52,P21/n
AMPICR02,"C6 H2 N3 O7 1-,H4 N1 1+",0.5,3.75,18,Ibca
VAVNIT,C21 H24 Cl1 F1 N2 O4,1.0,3.61,53,P21
TAGHIV,C18 H18 Cl1 N1 O1 S1,1.0,4.7,40,P-1
JOLDIZ,C16 H15 N3 O2,1.0,3.8600000000000003,36,P21/n
YOTRUV,"2(C9 H7 N2 O4 1+),O4 S1 2-,H2 O1",0.5,4.83,22,Pbcn
OYANAF,C15 H16 F3 N1,1.0,3.15,35,P212121
TUXZAN,"Cl1 O4 1-,C10 H14 N1 O2 1+",1.0,4.84,27,P-1
ROMCUS,C20 H20 N2 S2,0.5,6.2,44,P21/n
AXUBUR03,C8 H5 F1,1.0,4.45,14,P21
ANAQIT,"C12 H22 N1 1+,H2 O4 P1 1-,H2 O1",1.0,4.5,35,P-1
YIVHUJ,C23 H25 N3 O2,1.0,5.12,53,P21/c
GIMPEX,C13 H13 N1 O1 S2,1.0,5.0,30,P21/c
BOZBAW,"C28 H20 O4 S4,C1 H2 Cl2",1.0,7.42,56,P21/c
LAHPIW,C26 H21 Cl2 N3 O2,1.0,3.66,54,P21/n
PMTHTZ,C17 H13 N3 S1,1.0,4.0,34,P21/c
YESRAQ,C9 H10 F3 N1 O1,1.0,4.16,24,P212121
WUVWOZ,"C24 H32 O8,C1 H1 Cl3",1.0,6.3,64,P212121
YOQGIX,C10 H9 N3 O1,1.0,4.52,23,Pbca
CILJAI,C24 H21 N1 O6 P2,1.0,5.1000000000000005,54,P21/c
JUZDEN,C8 H8 Cl2,0.5,2.21,18,P21/c
UHUHAI,C18 H13 F2 N1 O2,1.0,4.41,36,P-1
TEWJEK,"C11 H16 N6 O6,C1 H1 Cl3",1.0,5.9,39,P21/c
KETJUP01,"C8 H20 N1 1+,C7 H16 B11 1-",1.0,6.15,34,Pbca
GARCAH03,C4 N8 O12,1.0,4.73,24,Iba2
DUDPUN,"C12 H30 N4 O6 P2,4(H2 O1)",0.5,3.2600000000000002,54,Pbca
HIJVIJ,C22 H14 N2 O3,1.0,3.94,41,Cc
AQEBED,C21 H26 N2 O3,1.0,4.6000000000000005,52,P21
JIVMAD,"C19 H18 N2 O1,0.5(H2 O1)",2.0,4.61,40,P21/n
TIJKIG,"C6 H6 O6,2(C10 H8 N2)",0.5,4.0,20,P-1
DEBBER,C24 H19 N5,1.0,4.6000000000000005,48,P21/n
IQATEB,C22 H14 F3 N1 O3,1.0,3.37,43,P21
PUVJOJ,C11 H17 N1 O3,1.0,5.38,32,P21/n
CBTHZA10,C12 H10 N2 O2 S2,1.0,6.7,28,P21/c
QITGUW,C27 H18 Cl1 N1,1.0,5.03,47,P212121
NANMOH,C15 H18 N2 O3 S1,1.0,3.15,39,P21/c
KAMNER,C20 H22 O7,1.0,3.0,49,P21
HEMHAM,"C13 H12 N1 O1 1+,C1 F3 O3 S1 1-",1.0,4.35,27,P21/c
GUFREH,C16 H12 N2 O4 S1,1.0,5.5,35,P21/c
XIBGOG,C22 H14 N2 O1,1.0,4.91,39,C2/c
QUJSET,C14 H38 I4 Si6,1.0,3.42,62,P21/c
XIVWUV,C5 H8 O3 Se1,2.0,2.81,17,P-1
DIBTIT,C32 H22 N2 O1 S4,1.0,6.72,61,P21/c
SAZSAN,C30 H28 P4,0.5,7.1000000000000005,62,C2/c
BIJWOH,C24 H26 N2 O3,2.0,3.5500000000000003,55,P212121
HADHID,C12 F27 O1 P1,1.0,3.31,41,P21/n
QUMRUP,C24 H14 S2,1.0,4.75,40,P-1
CIJRAP,C25 H30 Br2 O4,1.0,4.2,61,P212121
SEKCIY,C23 H16 Cl2 F1 N1 O4 S1,1.0,2.02,48,P212121
YESDUZ,C22 H26 N2 O5,1.0,5.609999999999999,55,P21/n
QEMZIS,"C8 H18 N1 1+,C8 H7 O3 1-",1.0,5.2,27,P212121
LANJUG,"3(K1 1+),C2 H1 N4 O6 3-,2.5(H2 O1)",1.0,3.71,13,C2/c
SIQVOF,"C14 H32 N2 P1 1+,I1 1-",1.0,4.73,49,Pbca
HIDMIU01,C22 H17 Cl2 N1 O2,1.0,4.99,44,P-1
LITDOI,"C16 H32 O8 Rb1 1+,C13 H11 1-",1.0,5.23,57,P-1
OWEHUW,C16 H10 O4,1.0,3.55,30,P21/c
BEXKEW,C15 H20 N2,1.0,3.46,37,P21/c
BIPGUG,C21 H18 O4 S1,1.0,3.2800000000000002,44,P21/n
IFUPOS,C17 H19 N1 O2,1.0,3.7600000000000002,39,C2
XUZZOK,C11 H7 F4 N3 O1 S1,1.0,3.4299999999999997,27,P21/n
ZZZTXI16,C13 H8 O2,1.0,5.65,23,P212121
BOGHOX,C14 H15 N1 O3 S1,1.0,2.77,34,P21/n
AMUWAJ,C28 H20 N2 O2 S1,1.0,5.17,53,P21/c
AFOJUC,C16 H11 Cl1 N2 O1,1.0,5.88,31,P21/c
MIMJEZ,"C24 H29 F1 N4 O2,C1 H4 O1",1.0,6.04,60,P21/c
JURWIF,C25 H18 F1 N1 O1,1.0,4.130000000000001,46,Pna21
KOWXIG,"C24 H29 Cl2 N1 O3,C7 H6 O3",1.0,5.26,59,P1
RAWLOS,C19 H16 O2,1.0,4.93,37,P21/c
YIYQEF,C26 H18 O4,0.5,4.0,48,P21/c
MAGXUO,C16 H18 N4 O4,1.0,7.11,42,P21/n
RIMWAO,"C15 H14 N4 O1,C6 H4 I2",1.0,3.32,34,P-1
XAZDEJ01,C15 H11 N1 O1,1.0,5.21,28,P21/n
PASXIR,C11 H16 O5,1.0,5.96,32,P212121
OROTEX,C7 H4 Br1 Cl1 O2,2.0,3.3000000000000003,15,P21/n
URIWEZ,C23 H22 N2 O4 S1,1.0,3.9600000000000004,52,P212121
PUZCOF,C23 H15 Cl2 N1 O2,1.0,3.2099999999999995,43,P-1
IVASON01,"C8 H12 N3 1+,Cl1 1-",1.0,3.4,23,P21/c
LAWPII,C19 H32 F1 N1 Si2,1.0,7.4,55,P21/n
XABWEH,C26 H22 N2 O2,0.5,5.970000000000001,52,P-1
PEQDEX,C13 H15 N1 O2,1.0,4.42,31,P-1
EHUGOE,"C10 H10 N2 2+,2(C7 H5 O5 1-),2(H2 O1)",0.5,4.17,22,P-1
RUVPOP,C18 H19 N1 O3,1.0,4.03,41,P212121
AVIZUD,C16 H9 Cl1 F2 O3 S1,1.0,5.47,32,P21/c
JEBYOE,"C30 H27 N1 O4 S2,2(C1 H2 Cl2)",1.0,4.6000000000000005,64,P-1
DOJKOG,C13 H12 N2 O2,2.0,3.2300000000000004,29,P-1
VIVRIF,C15 H15 N3 O4,1.0,4.53,37,P-1
VIMKAF,C15 H11 Cl1 N4,1.0,6.569999999999999,31,C2/c
FUQWUM,C15 H13 N3 O1,1.0,6.8,32,P21/n
FOGCEM,C16 H15 Br1 O2,1.0,7.03,34,P21/c
GUGVUA,C19 H19 Cl1 O2,1.0,5.23,41,Fdd2
JIMLIB,C7 H12 O2,0.5,4.28,21,I41/acd
UJAJIY,C19 H21 N5,1.0,4.98,45,P21/c
QUGYOI,"C7 H13 N2 O2 1+,Cl1 1-,H2 O1",1.0,4.2700000000000005,24,P21
VAHFOC,C23 H24 Br1 N1 O4,1.0,3.0700000000000003,53,P-1
HEQMUM,C24 H31 F1 O6,1.0,3.52,62,P41212
TIDTUZ,C13 H4 F7 N1,1.0,3.37,25,P21/c
TIBWUZ,C15 H12 Br1 N1 O2,1.0,3.39,31,P21/n
BEHZOD,C14 H14 O4,1.0,4.3,32,P21/n
SIKGOI,C20 H22 N2 O4,1.0,5.1000000000000005,48,P21/c
QEDWOO,C15 H11 N3 O2,1.0,3.58,31,P21/n
ULIFUU,"C23 H14 Br1 O1 1+,B1 F4 1-",1.0,3.0300000000000002,39,P21/c
WARFOM,C15 H32 B1 O1 P1 Si2,1.0,3.2600000000000002,52,Pbca
TUDCON,"C7 H15 I1 N1 O1 1+,Cl1 1-",1.0,2.11,25,P21/n
MUTTOK,C15 H21 N1 O2 S2,1.0,4.65,41,P21/a
TAWBEA,C11 H8 Cl1 I1 N2 O1,1.0,3.0,24,P21/c
VINJOR02,C8 H4 N4 Se4,1.0,2.18,20,P21/n
BUSJOP,C19 H22 N2 O2,1.0,3.8200000000000003,45,P212121
PUWNEC,C13 H10 O2,1.0,2.93,25,P21
HEKVAY,C18 H9 Br1 F3 N1 O2 S1,1.0,6.61,35,R-3
EQOFIC,C5 H6 Cl2 O2,1.0,4.130000000000001,15,P21/n
CUZDAC,"C7 H5 N1 O4,C5 H4 N2 O3",1.0,4.4,17,P21/n
FASGOZ,C22 H17 F4 N1 O2,1.0,3.8699999999999997,46,P21
UVUDIC,C11 H6 Cl2 O2,1.0,4.64,21,P-1
POVGEO,"C17 H14 F3 N3 O2 S1,C12 H10 N2",1.0,6.239999999999999,40,P-1
DAGTUA,C4 H12 N2 O6 S2,1.0,3.2,26,P21/n
KABHON,C9 H10 Br1 N1 S1,0.5,2.65,22,Pnma
CORREK,C19 H22 N2 O2,1.0,5.94,45,Pbcn
MUSPAS,"C7 H5 N1 O2 S1,C7 H5 N1 O1 S1",1.0,3.5700000000000003,16,P21/n
PEQFID,C13 H12 F3 N1 O4,1.0,5.16,33,P21/n
BOVPAH,C25 H23 N1,1.0,3.9600000000000004,49,P212121
TOYVEI,"C12 H28 N1 1+,3(C1 H4 N2 Se1),Br1 1-",1.0,4.8,41,Cc
OVUWOT,C15 H23 N1 O3,1.0,5.319999999999999,42,P212121
COXGOO,C26 H22 O6 S1,1.0,3.7900000000000005,55,P-1
TAURIN16,C2 H7 N1 O3 S1,1.0,2.96,14,P21/c
REZTOJ,C12 H15 N1 O4,1.0,3.5700000000000003,32,P21
VADTAZ,C17 H26 Cl3 N1 O3 S1,1.0,3.58,51,P212121
IREWAD,C22 H24 N2 O6,1.0,6.8,54,P21/n
MIGQAV,C20 H14 Cl2 N2 O2,1.0,4.8500000000000005,40,P21/c
LAMBAH,C34 H22 N4 O2,0.5,4.78,62,P-1
ITUJAJ,"C23 H17 N3,C6 H5 I1 O2",2.0,5.93,43,P-1
JEPYOT,"C11 H26 N1 1+,C9 H6 Br1 O2 1-",1.0,6.640000000000001,38,Pbca
XEGTOS,C18 H19 N1 O4,1.0,3.9,42,P21/c
LEBBIH,"C12 H12 F4 I1 1+,C1 F3 O3 S1 1-",1.0,6.239999999999999,29,P-1
YOFGOT,C12 H15 F1 O2,1.0,3.08,30,P212121
YIRTIC,C28 H27 N1 O4,1.0,4.4,60,P-1
COSJED,C28 H21 N1 O1,1.0,4.61,51,P21/n
ZAGCEU,C14 H9 N1 O2 Se1,1.0,4.9,27,P21/n
CUPYOD,C3 H6 N6 O2,1.0,2.71,17,Pnn2
ABUPIW,C18 H17 N1 O3,1.0,4.12,39,Pbcn
WUDKEN,C22 H36 O3,1.0,4.12,61,P212121
TEYTAV,"C6 H7 Cl1 N3 O2 1+,C6 H4 N1 O5 S1 1-",1.0,7.199999999999999,19,P-1
FETSOP,C18 H13 Br1 N4 O2 S1,1.0,4.14,39,P21/c
KAKWOM,C17 H18 N2 O4,2.0,3.6900000000000004,41,P212121
CAKSIT,C13 H18 O6,1.0,3.06,37,P212121
CILHEN,C14 H26 N1 O5,1.0,3.15,46,P21/c
MADFUW,C21 H21 N1 O2,1.0,5.36,45,P21/n
QOYKEY,"C8 H16 O4,2(C5 H4 F3 N3)",0.5,3.53,28,P-1
XOSLUQ,C28 H27 N3 O5,1.0,4.14,63,P212121
YEDWEK,C14 H16 N2 O4,1.0,5.42,36,P21/c
ENIKIY,"C12 H10 N2,2(C6 H8 O2)",0.5,5.04,24,P21/c
GAHNUY,"C10 H12 O6 S2 2-,2(K1 1+),2(H2 O1)",0.25,2.8000000000000003,30,C2/m
CEWKAQ,C12 H10 P2 S4,0.5,5.3,28,P21/c
GEDVAN,C9 H14 N2 S1 Se1 Si1,1.0,3.5,28,P21/n
DOLHEV,C11 H11 F2 N1 O6,1.0,3.3300000000000005,31,P-1
YECMIC,"C8 H18 B1 F6 N1 O1 Si1,2(C11 H22 B1 F6 N1 O1 Si1)",1.0,5.4,43,P-1
LIRMEF,C15 H18 Br1 N1 O3,1.0,6.19,38,P21/n
XOLKER,C15 H14 O2 S1,1.0,4.73,32,P21/c
YIWGUK,C30 H23 Cl1 N1 O2 P1,1.0,5.81,58,P-1
EYONIR,C18 H14 F3 N1 O2,2.0,5.71,38,P21/c
MISCUP,C21 H27 N1 O4,1.0,3.27,53,P21
OQIFAX,"2(C8 H7 Cl1 O2),C3 H6 N6",0.5,3.2199999999999998,18,Pbcn
HUVLOC,C15 H18 Br1 N1 O3 S1,1.0,6.329999999999999,39,P212121
VEGLIE,C16 H13 N1 O2,1.0,3.98,32,P21/c
RAHBIP,C11 H13 N1 O1 S1,1.0,4.37,27,P-1
SUYQIM,C19 H22 N2 O3 S1,1.0,5.79,47,P21/c
UNOYII,C13 H11 Br1 N2 O4 S1,1.0,4.91,32,P-1
SIQWIZ,C24 H27 I1 N2,1.0,3.0300000000000002,54,P21/c
PAMFEP,C28 H31 N3 O2,1.0,4.59,64,P212121
BAGREI,C19 H20 N2 O1,2.0,5.8100000000000005,42,Pca21
DEGGEB04,"C10 H8 S8 1+,F6 P1 1-",0.5,3.27,26,P-1
QUJSAR01,"2(C10 H8 S8 1+),C4 B1 N4 2-",0.5,4.04,26,Pnma
SALHOC01,"C15 H23 N2 O1 1+,Cl1 1-",1.0,5.5,41,P-1
PIBGUD,C14 H20 N2 O2,1.0,4.5,38,P2/c
SUTDES,C14 H27 B10 N1 Si1,1.0,4.91,53,P21/c
KIDJUD02,C30 H22,0.5,3.42,52,P21/c
DACCER,C22 H24 N2 O5 S1,1.0,6.05,54,Pcab
VUKVAB,"C5 H9 N7 2+,2(Cl1 O4 1-)",2.0,3.94,21,P21/c
WIKSUH,"C12 H15 F1 N4 S1,H2 O1",1.0,3.2,33,Pnna
BEGPOU01,C24 H18 N2 O1,1.0,4.08,45,P21/c
AWIBUG,"2(C14 H12 N4 O2),3(C1 H4 O1)",1.0,5.06,32,P212121
QIKHOL,C20 H12 Cl1 F3 N2,2.0,4.25,38,R3
DARYAX,C12 H18 O1,1.0,3.87,31,I41/a
XODPIQ,C13 H21 N3 O1,1.0,4.0200000000000005,38,Pbca
SARZOA02,C7 H16 N2 O1,2.0,3.27,26,P1
YUQTEM,C20 H14 F3 N1 O1,1.0,3.94,39,P21/n
ZOYYUL,C10 H6 Cl1 F2 N1,1.0,3.9,20,P212121
KEMBUA01,C15 H15 N3 O1 S1,1.0,3.2,35,P-1
ADAQOM,"C14 H18 N2 O4,H2 O1",1.0,4.19,38,P21/n
XUBLIR,"C14 H12 N2 O1,2(H2 O1)",1.0,4.25,29,P21/c
PENCEN04,C22 H14,1.0,4.54,36,P-1
IMUXOE,"C1 H9 N6 1+,C1 N5 O3 1-",1.0,3.3200000000000003,16,P21/c
QUNPIA,C26 H31 N1 O1,1.0,4.390000000000001,59,P21/n
HOVWEU,C9 H14 O3 Si1,1.0,4.8,27,P21/n
AWANUH,C18 H22 O1,1.0,4.15,41,P21/c
VIKHED,C11 H13 Cl2 N1 O1,1.0,6.07,28,P21/c
XEYZUY,C11 H14 O1 Se1,1.0,5.319999999999999,27,Pbcn
QECHOV,"Cl1 1-,C5 H5 N4 S1 1+",1.0,4.4,15,P21/c
HURCAA,C14 H13 N3 O3 S1,1.0,3.2300000000000004,34,Pna21
TIHPUW,C21 H26 O2,1.0,3.96,49,P212121
BARMIT,C34 H26 O1,1.0,5.18,61,P21/c
NUNNUF,C18 H16 O5,1.0,3.6,39,P21/n
FEMGAI,C20 H16 O4,1.0,4.67,40,P21/n
EDOWEZ,"C13 H15 N2 O1 1+,N1 O3 1-",0.5,6.1000000000000005,31,Pnma
TABDAC,C13 H20 O3,2.0,6.2700000000000005,36,P-1
CODLUC13,C6 H6 B1 N1 O6,1.0,5.8500000000000005,20,Pna21
XAFQAY,C18 H17 N1 O4,1.0,7.16,40,P21/c
JOLPUX,C10 H7 N3 S1,2.0,4.37,21,P21/n
YEYVEF,C21 H31 N1 O5,1.0,4.84,58,P21
QARLAY,C15 H13 Br1 N2 O6,1.0,2.07,37,P212121
JAGGIH,"C11 H19 Cl1 N1 O1 1+,Cl1 1-",1.0,2.45,33,P212121
MURRAU,C17 H13 N1 O3,1.0,3.2,34,P212121
KEDXAS,C12 H17 N3 O9,1.0,4.0,41,P-1
CXMCYT,C5 H9 N1 O4 S1,1.0,2.1,20,P21
REDFIQ,C31 H26 O2 P2,0.5,2.96,61,Fdd2
GLULAD,C6 H8 O6,1.0,4.0,20,P21
WEFWUD,C12 H14 Br1 Cl1 F2 N4 O2,1.0,2.23,36,P-1
GAKVOF,C9 H9 N5 O3,1.0,4.82,26,P21/c
JAKVAW,C18 H21 N3 O6 S1,1.0,5.56,49,P21
SEDROL,"C19 H20 N2 O5 S2,H2 O1",2.0,4.4799999999999995,48,P21
ZAVCAD,"C13 H20 N1 O2 1+,H2 O1,Br1 1-",0.5,3.39,36,C2/m
DIRKUO,C16 H14 B1 N1 O1,2.0,6.5,33,P-1
GEVLEZ,C16 H16 N2 O5,1.0,6.640000000000001,39,Pbca
BIXYEN,C26 H30 O8,1.0,5.98,64,P21/n
WIZQAX,C21 H19 O1 P1,1.0,4.1,42,P21/n
FALKEM,C18 H30 N2 O4,1.0,4.390000000000001,54,P21/n
OVOKOD,C22 H12 S2,1.0,5.050000000000001,36,P-1
AHICED,C18 H20 N2 O2,1.0,6.0600000000000005,42,C2
HUVLAN,"C12 H14 N2 2+,2(C2 F6 N1 O4 S2 1-)",1.0,5.55,28,P-1
OQORAO,C18 H22 N2 O3 S1,1.0,2.61,46,P21
IFIYOL,C14 H20 O6,1.0,4.51,40,P21
EQIHES,"C13 H17 F1 N1 O2 1+,Cl1 1-",1.0,5.59,34,P21/n
LASTEI,"C11 H14 N3 1+,I1 1-",1.0,4.17,28,P21/c
ULEBAQ,"C19 H20 N2,C2 H6 O1",1.0,4.5600000000000005,41,P21
SEWGIL,C31 H27 O4 P1,1.0,5.37,63,P21
RIZPIC,C16 H10 F3 N1 S1,2.0,4.78,31,P21/c
LIKGIV,C18 H16 O3 S1,1.0,3.29,38,P21
FEPWUU,C18 H17 Cl1 N2 O4,1.0,4.8100000000000005,42,P-1
RUZRAJ,"C7 H12 N9 O6 1+,N1 O3 1-",1.0,4.590000000000001,34,P21/n
VOXPIL,C17 H20 N2 O3 S2,1.0,3.65,44,P-1
CUGDUD10,C21 H18 S3,1.0,6.9,42,C2/c
CABHAS01,C30 H31 Si1,1.0,5.24,62,P-1
KOXBIL,C18 H18 N2 O2,1.0,3.6900000000000004,40,P212121
YAYWIF,C32 H24 S1,1.0,3.87,57,C2/c
OJUNIQ,"Cl1 O4 1-,C13 H20 N5 O2 1+",1.0,6.84,40,P21/c
HOMCOD,C16 H10 N4 O4,0.5,4.6899999999999995,34,C2/c
RAPFOD,C16 H18 O3,2.0,4.5,37,P21/c
RUDPAJ,C27 H25 Cl1 N2 O2,1.0,6.41,57,P21/n
MAQWIM05,C10 H12 N2 O2,1.0,4.09,26,P21/c
UMAMII,C24 H19 N1,1.0,7.28,44,C2/c
PUXJAX,C21 H19 Cl1 I1 N1 O4 S2,1.0,4.5,49,C2/c
QINVUH,C16 H13 F3 N2 O2,1.0,7.03,36,P-1
TUKNET,C12 H17 N5 S2,2.0,4.05,36,P-1
ISIGIE,"C28 H24 Cl3 N1 O2,C2 H6 O1 S1",1.0,5.07,58,P21/n
MUDBAS,C21 H24 Cl1 N2 O8 S1,1.0,6.6000000000000005,57,P21/c
KITBIC,C29 H19 F4 N5 O5 S2,1.0,4.68,64,P21/c
MODWEK,"C22 H32 N3 O1 1+,C1 H2 O2,C1 H1 O2 1-",1.0,6.41,58,P-1
HORMIK,C17 H16 N4 O2 S1,1.0,3.79,40,P212121
EVOROW,C15 H18 O3,1.0,5.2,36,P212121
WEZBEJ,C13 H20 N2 O7,1.0,4.1,42,P1
WUNGER,C21 H18 O2 S1 Se1,1.0,4.84,43,P21/n
INEPAU,C19 H16 N2 O4 S1,1.0,4.43,42,P21/c
OPIJUV,"C21 H25 N1 O6,C3 H6 O1",1.0,3.46,53,P21
BENRIV,C4 H12 N4 P2 S2,0.5,3.3000000000000003,24,Pnma
PURJOD,"C21 H21 B1 N2 O5,0.67(C1 H4 O1)",1.0,4.26,50,P21/a
CAFORM12,"2(C1 H1 O2 1-),Ca1 2+",1.0,2.6,4,Pcab
RATZAR,C23 H20 N2 O4,1.0,4.36,49,P212121
KEVNOR,"C15 H24 N1 O3 1+,I1 1-",1.0,1.23,43,P21
JUNLIN,C17 H26 N2 O2 S1,1.0,4.6000000000000005,48,P212121
XAMGAT,C15 H15 Br1 O4,2.0,5.3,35,P212121
DADDAN,C12 H15 N1 O4,1.0,4.3,32,P212121
ENITAW,C28 H16 N2 O2,1.0,3.5300000000000002,48,P-1
TICFUH,C16 H17 N1 O2,1.0,5.54,36,P-1
JOTSIW,"C3 H3 N9 O2,H2 O1",1.0,4.12,17,P21/c
PCMOXP,C11 H14 Cl1 O4 P1,1.0,3.6,31,P21/c
VAVYOI,C11 H17 Cl1 O2,1.0,4.25,31,P21/c
GASXEF,C24 H17 N1 O2 S1,1.0,5.75,45,P-1
WIGKOQ,C16 H22 Cl1 N1 O2,2.0,3.0,42,P21
YOKYUU,C13 H7 F1 O2,1.0,4.52,23,Pna21
RELDAO,C28 H23 F3 N2 O4,1.0,2.85,60,P212121
SANFUM05,"C4 H2 Cl1 N5,x(H2 O1)",1.0,3.5900000000000003,12,P212121
WIZXIM,C23 H27 N1 O1,1.0,6.75,52,P212121
FIJDOU,"C19 H25 N1 O6,C1 H4 O1",1.0,6.3100000000000005,51,P21/n
IWEHID,C18 H11 Cl1 F3 N1,2.0,7.4399999999999995,34,P41
VOKBUV,"C14 H11 N3 O5,C5 H5 N1,H2 O1",1.0,7.4399999999999995,33,Pbca
LIPTAG,C28 H20 N2 O1 S8,1.0,2.91,59,P-1
RICNEY,"C10 H11 N1 O4 P1 1+,H2 O1,Cl1 1-",1.0,5.17,27,P21/n
TPHEPO04,C18 H15 O4 P1,1.0,4.49,38,P21/c
VABVAX01,C7 H5 Cl1 O3,2.0,4.89,16,P21/c
YEFCOC,C14 H14 N2 O2,1.0,4.79,32,P21/n
JADREO,C22 H19 Cl1 O4 S2,1.0,5.3,48,P21/c
ASUHOP,C25 H24 O5 Si1,1.0,4.92,55,P-1
LOYRIC,"C10 H8 N2,2(C8 H6 O4)",0.5,4.760000000000001,20,P-1
XAJDOG,C27 H18 N2 O2 S2,1.0,5.7700000000000005,51,P-1
WOTSIJ,C20 H16 N2 O1,1.0,4.63,39,P-1
PIMBAP01,C6 H5 N1 O3,1.0,4.78,15,P21/c
SIGJEB,C21 H28 N1 O4 P1,1.0,3.36,55,P21
LANXON,C7 H12 O2 S2,1.0,4.3,23,P21/c
SUCSES,C12 H20 O6,1.0,2.8000000000000003,38,P21212
CUFZIQ,C6 H6 N2 O2,1.0,4.68,16,P21/n
WOJWOH,"C27 H24,C6 H3 N3 O6",1.0,5.97,51,P-1
JADSAL,"C15 H36 N6 2+,2(C24 H20 B1 1-)",1.0,3.81,57,Cc
PEMLIG,C6 H8 N2,1.0,6.03,16,P-1
ESIKOJ,C18 H17 Cl1 O2,1.0,7.04,38,P212121
WUQZER,C24 H36 O1,1.0,3.56,61,P212121
DELZIE,C10 H12 Cl1 N1 O2,1.0,4.01,26,P21/c
VEGLAV,C20 H16 N2 O2,1.0,4.03,40,P21/c
JECVIZ,C12 H19 N1 O2,1.0,5.6899999999999995,34,P-1
BEDDIZ,C22 H27 N1 O2,1.0,3.44,52,P212121
FIMSAY,C21 H21 F3 N2,1.0,6.29,47,P21/n
LILTEI,C13 H16 N2 O4,1.0,6.63,35,P21/c
INATEY,C26 H19 Cl2 N1 O3,1.0,6.8500000000000005,51,P-1
OPUXEF01,C8 H15 I3 O1 Te1,1.0,3.0700000000000003,28,P21/n
RIGFIA,"C6 H8 N1 S1 1+,I1 1-",1.0,4.15,16,P21/c
YUXQUH,C19 H21 N1 O3 S1,1.0,3.1,45,C2/c
JUVRID,C19 H19 N1 O1,2.0,2.98,40,P212121
YEBJOE,"C21 H14 O1,C3 H8 O1",1.0,4.8,36,P-1
XESTEX,C26 H22 O6,1.0,4.99,54,P21/n
QAMQAW01,C28 H28 P2 Se2,0.5,2.08,60,P21/n
JOCYAD,C18 H18 N2 O3,1.0,4.66,41,C2/c
YAPFAY,"C9 H18 N1 O2 1+,Cl1 1-",1.0,3.42,30,Pbca
WINPIV,"C11 H15 N2 O1 1+,H2 O1,Cl1 1-",1.0,2.86,29,P21
PANKUN03,C16 H11 Cl1 N2 O1,1.0,5.36,31,C2/c
WOTJOE04,C28 H22,1.0,5.56,50,P-1
WEHPUU10,C22 H30 O5,1.0,3.6,57,P21/c
JETCOD,"C15 H20 N2 O2 2+,2(Br1 1-)",0.5,3.34,39,Fdd2
QUHFAD,C19 H12 Cl1 N3 O2,1.0,4.41,37,P-1
WUZRUF,"C9 H6 O4 2-,2(C5 H7 N6 1+),7(H2 O1)",1.0,5.94,19,P21/c
XUWGED,"C6 H11 N2 1+,H1 S1 1-",1.0,3.18,19,P21/n
QUZYOC,C17 H16 O4,1.0,6.13,37,P212121
FINQUR,C26 H6 F16,2.0,5.13,48,C2/c
ECUMOF,C13 H12 N2 O3,1.0,5.41,30,P21/n
UVAYOJ,C17 H12 N4,1.0,4.33,33,P-1
VEBXUY,C12 H14 Cl1 N1 O2,1.0,3.45,30,P212121
NIGMUM,C15 H22 O11 S3,1.0,2.75,51,P21
TEFDUF,C13 H17 F1 N1 O3 P1,1.0,3.83,36,P212121
EADLOK,C15 H22 O2,1.0,4.1,39,P212121
XINDIH,C14 H16 F3 N3 O1,1.0,4.66,37,P-1
ZAZHIV,C14 H12 O3,1.0,5.17,29,P-1
ZITSUU,C18 H15 Cl2 N3 O3,1.0,5.28,41,P21/c
FIDDON,C23 H22 Br1 N1 O1,1.0,5.96,48,P21/c
GEDSAK,C11 H17 I1 N2 S1 Te1,1.0,3.18,33,P21/n
XIHDAX,"C18 H15 N2 1+,I1 1-",2.0,2.92,35,P-1
MUBDAP,C13 H13 F1 O4 S1,1.0,3.61,32,P-1
UKUBOU,C30 H18 B1 N1 O3,1.0,4.8,53,Pbca
RUYJIE,C6 H11 B1 N2,1.0,7.2,20,Pca21
GAJQEQ,"C6 H2 Cl2 O4,C6 H4 N2 Se1",0.5,3.08,14,C2/c
FUPKUZ,C17 H18 N2 O4 S1,1.0,5.71,42,P21/c
GOJCAM,C26 H23 N1 O2 S1,2.0,6.370000000000001,53,P-1
JASHUH,C12 H11 Cl2 N1 O3 S1,1.0,5.79,30,P21
OBIKET,C10 H9 F3 O3,2.0,3.9800000000000004,25,P21/n
KOKTEL02,"C6 H14 N2 2+,2(C7 H4 N1 O4 1-)",1.0,5.029999999999999,22,P-1
HEXZUI,C22 H14 F3 N1 O4,1.0,4.9,44,P-1
BECMUV,C22 H12 Br2,0.5,3.52,36,P21/c
GOSHAB,C10 H12 N2 O1 S1,1.0,3.1399999999999997,26,P21/n
RIFWIQ,C14 H16 N4 O2 S2,1.0,5.800000000000001,38,P21/c
KUPXAY,C22 H19 N1 O1,1.0,4.8500000000000005,43,P-4
GAFZEU,C18 H20 N2 O5,1.0,3.5500000000000003,45,P212121
KAQHIV,"C11 H28 N3 3+,3(C1 F3 O3 S1 1-)",1.0,5.5,42,Pna21
IREYUB03,C17 H20 N2 O3 S1,1.0,3.8899999999999997,43,P-1
GUCSUW,C16 H12 Br2 N2 O1,1.0,2.13,33,C2/c
GEHXEX,C19 H19 Cl1 N2,1.0,3.2,41,P21
ZOVGOG01,C10 H17 N1 O3 S1,1.0,2.93,32,P212121
LIBKOA,"C5 H9 N8 1+,C1 N5 O2 1-,H2 O1",1.0,4.130000000000001,22,P-1
BAQKOT,"C15 H10 N3 O1 S2 1-,K1 1+",1.0,3.54,31,P21/c
WOCFEZ,C21 H25 N1 O8,1.0,4.8,55,P212121
QOBSUW,C25 H27 N1 O2 Si1,1.0,3.83,56,P21/c
WAPYOF,C15 H24 O4,1.0,2.92,43,P212121
WONYON,C13 Br1 F11 O1,1.0,7.45,26,P21/c
FEHTAP,C20 H34 O3,1.0,3.5,57,P212121
NIRZOH,C19 H29 Br1 O2 Si1,1.0,2.6100000000000003,52,P21/c
DUZBOQ,C22 H22 F3 N3 O4,2.0,5.36,54,P21/n
HAXTAF,C30 H33 N1,2.0,6.88,64,P-1
SAXLOW,"C12 H10 N2,C8 H8 O4",1.0,4.7,24,P21/c
HIXQEM,C11 H20 O8 S1,1.0,2.73,40,P21
DUQSAL,C20 H21 N1 O2,2.0,6.619999999999999,44,P21/c
RARGOJ,C25 H32 F4 N2,2.0,3.73,63,P21
WUHSIE,C19 H15 N1 O3,1.0,6.47,38,P-1
OKEWEJ,"C12 H12 N2,C8 H12 N2,C10 H8 N2,2(C6 H5 N1 O4)",0.5,6.29,26,P-1
ZOBGUU,C31 H24 N4 O1,1.0,4.72,60,P-1
XEBYUA01,C15 H14 N2 O4,1.0,4.02,35,P21/c
DOJTUR,C8 H11 N1 O2,1.0,3.7,22,P21/n
TOSNOE,C20 H21 N1 O5,1.0,4.6000000000000005,47,P21
EQOROS01,C19 H20 B1 F2 N3,1.0,6.529999999999999,45,P21/n
AFUGAN,"2(C4 H12 N1 O1 1+),O4 S1 2-",1.0,3.0700000000000003,18,P21/n
RIYPOH,C17 H12 N2 O1 S1,1.0,4.859999999999999,33,P-1
VEVWAV,C23 H29 N1 O2 S1,2.0,5.07,56,P-1
AWUTAO,C16 H18 O7,1.0,4.3100000000000005,41,P21/c
POHRAI,C20 H8 F8 N3,1.0,3.64,39,P21/n
GEMWEE01,C12 H19 N3 O8 S1,1.0,3.5700000000000003,43,P212121
DIWPOQ,"C26 H26 N2 P2 Se2,2(C4 H8 O1)",0.5,3.27,58,Pbca
GIRSAB10,C7 H10 N2 O2,1.0,6.5,21,P21/c
PAFJEO,C20 H19 N1 O5 S1,1.0,4.05,46,P212121
OVOFEM,C15 H17 F4 N3,1.0,5.12,39,P21/n
BOBMAG01,C18 H12 N4 O6,0.5,3.6,40,Pbcn
EVAWUU01,C6 H10 N8 S2,1.0,2.22,26,P21/c
HABWUC,C22 H32 O4 S1,1.0,5.2,59,Pbca
EPACIL,C26 H36 S2,1.0,4.79,64,P-1
BADVEH,C24 H30 N2 O2,1.0,4.01,58,P21
KAQHET,C12 H15 Br1 N2 O1,2.0,2.2399999999999998,31,P21
DETYAF,C29 H26 N2 O4,1.0,5.07,61,P21/c
MIKREF,"H22 B18 S2,C6 H6",0.5,3.15,42,C2/c
FETRUR,"C6 H13 N4 1+,Cl1 1-",0.17,4.1,23,R3m
TAGWEH,C10 H8 O3,1.0,3.15,21,P21/c
MAZYOC,C19 H16 Cl1 N5 O2,1.0,3.96,43,P-1
BUYSEW,C22 H29 N3 O2,2.0,5.06,56,P21/n
POHTAI,C22 H24 N2 O4,1.0,3.81,52,P21
EBEXUE,C23 H26 N4,1.0,4.58,53,P21/c
RIYJIW,C16 H24 O4,0.5,3.6900000000000004,44,P21/c
TOKXOJ,C12 H10 Br1 N3,1.0,2.1999999999999997,26,P21/c
ILOFUN,C11 H16 N2 O2 S1,2.0,3.04,32,P21/n
REZBOP02,C8 H6 Cl2 N2,1.0,3.08,18,Pca21
PEBLIS,C15 H18 O5,1.0,5.26,38,P-1
RUJPAO,C26 H20 F3 N3 O2,1.0,4.33,54,P212121
ROTNAS,C23 H21 N1 O3,1.0,3.08,48,P212121
MOVLOY,C28 H27 N1 O4 P2,1.0,4.49,62,P21/c
YAFDER,C5 H10 O6,1.0,5.99,21,P21/n
EFONOE14,C20 H14 O2,1.0,5.06,36,P21/c
CUWMEO,C20 H22 N2 O2 S1,2.0,5.390000000000001,47,P21/n
CEDJIE,C13 H16 N2 O2,1.0,5.0,33,P21/c
JOWTIB,"C27 H31 N2 O2 1+,Cl1 O4 1-",1.0,4.3999999999999995,62,P21/n
PENBUH,C24 H17 F4 N1 O4,1.0,4.5200000000000005,50,C2/c
LUNDUW,C16 H14 O1 Se1,1.0,1.78,32,P212121
OQEFAU,"C6 H8 N4 S2 2+,2(H2 O4 P1 1-),2(H3 O4 P1)",0.5,4.859999999999999,20,P-1
POXZAH,C14 H10 Br1 F1 N2 O2 S1,1.0,2.4,31,Pna21
PUQGAL01,"C4 H12 N1 O7 P2 1-,2(H2 O1),Rb1 1+",1.0,3.11,26,P21/c
DUTRIU01,C14 H12 O2,1.0,3.1399999999999997,28,Pna21
TIZQAV,C13 H6 Br1 F5 S1,1.0,3.5,26,P212121
LIYROC,C19 H27 N1 O4,1.0,4.74,51,P21/c
WILKIL,C19 H22 N1 O5 P1 S1,1.0,4.65,49,P21/c
GUHBOA,C20 H28 O4,1.0,3.36,52,P21
YEDVIN,C21 H22 N2 O2,1.0,4.57,47,P-1
XETDUZ,C38 H26,0.5,5.220000000000001,64,P-1
UHOFOQ,C8 H15 F1 O3 S1,1.0,5.21,28,Pbca
BUDJOB,"C2 H5 N4 S2 1-,C12 H28 N1 1+",1.0,3.93,41,P21/c
NUBLAB,C20 H28 O2,1.0,2.7199999999999998,50,P65
VUPVEH,C15 H20 S2,1.0,5.79,37,P21/c
LUXHET,C22 H18 N4 O1,1.0,5.74,45,P21/c
BIRDOV,"C2 H3 O4 1-,C1 H1 O2 1-,C1 H2 O2,2(Na1 1+)",1.5,3.6,9,P-1
PESWES,C11 H6 F3 N5,1.0,5.0,25,C2/c
JIVCIB,C18 H20 O3,1.0,6.41,41,Pbcn
ZULLID,C20 H30 O5,1.0,3.5700000000000003,55,P212121
OKEDAN,C26 H28 O4,1.0,4.09,58,P21/c
FURXAT,"C7 H7 N1 O4 S1,2(C6 H7 N1 O1)",1.0,4.42,20,P21/c
KADZEZ,C28 H22 Br1 N1 O1,1.0,4.33,53,P-1
RARDAR,C17 H23 N1 O3 S1,1.0,6.29,45,P21/a
DIXSUZ,C21 H26 O4,1.0,5.48,51,P21/n
VUMLUL,"C24 H16 Br1 N3 O1,C1 H1 Cl3",1.0,6.17,45,P-1
KOCWEI01,"C18 H36 K1 N2 O6 1+,C14 H25 Si1 1-",2.0,3.95,63,P21/c
FEXDUL,C13 H14 O3 S1,1.0,5.29,31,P212121
YAJLEE,"C18 H16 N1 O1 1+,H2 O1,I1 1-",1.0,2.68,36,P21/n
MAYCAU,C19 H19 N1 O3 S1,1.0,4.63,43,P21/c
WOWFEX,C31 H24 N2 O2,1.0,4.67,59,P21/n
RESJEF,C24 H24 Br1 F3 N2 O3,1.0,4.1,57,P21/n
EKOPOJ02,C17 H16 Br2 N2,1.0,2.3000000000000003,37,P212121
VATLUY,C17 H19 N1 O3,1.0,5.26,40,P212121
DUKYOY,C19 H25 N1 O2 S1,1.0,3.4,48,P21
XEHLOP,"C24 H24 N4 O4 S1,H2 O1",1.0,3.73,57,P-1
LIQNOS,C12 H10 Br2 O3,1.0,6.660000000000001,27,P212121
EKAPAH,C18 H16 N6 O2 S1,1.0,5.09,43,P21/c
DUNPAG,"C10 H24 P1 1+,C1 F3 O3 S1 1-",2.0,3.26,35,P21/n
DAVQOG,C24 H32 B1 N1 Si2,1.0,6.4,60,C2/c
WECKAU,C26 H10 F8 O2,0.5,5.3100000000000005,46,P21/c
UWONIH,C8 H10 N4 O2,1.0,4.31,24,P21/c
JAHHEI,C14 H18 O3,1.0,5.34,35,P212121
UGIGOK,"C26 H28 Cl2 N4 O4,C7 H12 O4",1.0,6.9,64,P-1
NIDZUX,C9 H9 N1,1.0,5.3,19,P21/c
QEMSOU,"C30 H22 N2 2+,2(C1 F3 O3 S1 1-)",0.5,6.67,54,P21/n
FEPHOA,C17 H22 Cl1 N3 O2,1.0,4.78,45,P21/c
LOQPEQ,C25 H24 Cl1 N1 O3 S1,1.0,4.79,55,P212121
ZAYPAQ01,"C6 H10 N2 2+,2(H2 O4 P1 1-)",1.0,3.4,18,P-1
PEVKIK01,"C17 H14 O1,2(C6 H3 N3 O6)",1.0,3.8000000000000003,32,P21
IYUPOJ,C25 H24 N2,1.0,3.84,51,P21/n
KIGJIW,C15 H12 Cl3 N1 O1,1.0,5.56,32,P21/n
YEYHOC,"2(C17 H15 N1 O4),C14 H12 O6 S2 2-,2(C1 H6 N3 1+)",0.5,5.3,37,Pbca
JEJDAH,C11 H8 Br1 N3 O2 S1,1.0,5.6899999999999995,26,P21/n
ROXWIM,C20 H22 N2,1.0,5.34,44,P21/c
GAQMIW,C22 H26 N6 O2,1.0,2.7800000000000002,56,P21
JOKDIA,"C8 H16 N7 O2 S3 1+,C7 H5 O4 1-,H2 O1",1.0,5.87,36,P21/c
RORRUL,C20 H26 O2 Si2,0.5,3.39,50,Pbca
GUTBII01,C16 H16 Br1 N1 O1,1.0,2.54,35,P21
ZIMHIO01,"C8 H10 N2 O3 S1,C2 H5 N1 O1",1.0,4.62,24,C2/c
KIFYAZ,"C7 H4 N1 O3 S1 1-,C9 H14 N1 1+",1.0,7.4,24,P21/c
PONLUA,C10 H10 F6 O2,1.0,4.69,28,Pbca
ZECQUT,C23 H14 Cl2 N4 O1,1.0,5.12,44,P21/c
NUCGOH,C18 H20 O4,2.0,5.1000000000000005,42,P21
CABWUA,C15 H14 N2 O3,1.0,3.42,34,Pna21
XOZCAR,C14 H13 Br1 N2 O1 S1,1.0,4.61,32,P-1
NIQPAF,C21 H25 N1 O2,1.0,6.59,49,P21/c
GESGIW,"C27 H23 Cl2 N4 1+,C6 H4 N1 O2 1-",2.0,5.86,56,P-1
IWIZEX,C22 H24 Cl1 N1 O2,1.0,5.01,50,P-1
NEQGAU,C22 H15 N3,2.0,5.3100000000000005,40,P21/n
JEJQIB,C9 H7 Br1 F3 N3,1.0,3.25,23,C2/c
HUJMOQ,C18 H16 O1,1.0,6.7,35,P21/c
WUNKIB,C24 H22 N2 O1,2.0,6.41,49,P21/n
LABNIM,C13 H24 S3 Si4,1.0,3.8000000000000003,44,P21/n
KIVPOW,C14 H9 Br1 N2 O2,1.0,4.7,28,P21/c
NOZYEG,C12 H26 N1 O3 P1,1.0,4.5,43,Pbca
TEHCEO,C10 H8 N2 O1,1.0,4.8,21,P212121
WUGLAN,"2(C24 H20 F12 N4 S2),C6 H16 N1 1+,C7 H5 O2 1-",1.0,5.9799999999999995,62,P1
GEHLEO,C27 H26 I1 N1 O4 S1,1.0,2.9499999999999997,60,P212121
DOMWUB,C26 H17 Cl4 N1 O1 S1,1.0,5.66,50,P41212
LAKFOV,C12 H17 N3 O7 S1,1.0,5.29,40,P21/c
DOGGAK,"C14 H13 N3 O3,1.5(H2 O1)",1.0,4.64,33,C2/c
MURWUR,C15 H11 N3 O1,1.0,3.96,30,C2/c
TOPNAQ,C16 H17 N1 O5 S1,1.0,5.6899999999999995,40,I2/c
CABRUR10,"6(C1 H4 N2 O1),Ca1 2+,2(Br1 1-)",0.5,4.3,8,P21/c
KUGBUK,C13 H15 B1 Cl1 N1 O2 Si1,1.0,3.79,34,C2/c
DOVPIO,C16 H15 N1 O1,1.0,4.92,33,P21/c
IVITAL,C9 H10 N2 O2 S1,1.0,2.98,24,P212121
DABREG,C22 H21 N3 O2,2.0,4.7,48,P21/c
GISZAL,C25 H20 O1,1.0,4.77,46,P21/c
JUHHUP,"C7 H19 F2 N3 P1 1+,C24 H20 B1 1-",1.0,3.2,45,P212121
ZASTOE,"C12 H10 N6 2+,2(N1 O3 1-)",0.5,3.56,28,C2/c
TUCDIE,C13 H16 O2,1.0,3.7,31,P212121
PONWUO,C20 H22 Br2 F2 N2 O2,0.5,4.16,50,P21/n
ASAXOJ,C17 H21 N1 O3 S1,1.0,2.5100000000000002,43,P21
QIMQIO,C21 H19 F3 O2 S2,1.0,6.39,47,C2/c
UNOBOS,C14 H16 I1 N1 O3,2.0,4.130000000000001,35,P1
KIYYAV,C15 H19 N1 O4,1.0,3.3300000000000005,39,P212121
INEMEX,"C3 N5 O6 1-,C5 H5 Br1 N1 1+",1.0,1.9900000000000002,14,P21/c
XAZZOR,"C3 N8 O4 2-,2(H4 N1 1+)",1.0,3.2,15,P21/n
XIHDOK,"C17 H22 O4,H2 O1",1.0,3.18,43,P212121
ADISIR,C14 H20 N6 S2,1.0,3.84,42,P-1
ASPARM22,"C4 H8 N2 O3,H2 O1",1.0,2.9000000000000004,17,P212121
BICCIZ18,C17 H18 N2 O6,1.0,5.04,43,P21/c
WIVCAH,C17 H26 N2 O2,1.0,6.660000000000001,47,P21/c
VENBAU,C8 H8 N2 O4,0.5,3.3300000000000005,22,P21/n
HUZLEX,C27 H16 N2 O2,2.0,6.510000000000001,47,P-1
SAGMOG,"C14 H10,C6 F4 O2",1.0,3.5700000000000003,24,P21/c
GUCQEE,"2(C16 H12 O5),C6 H6 N2 O1",1.0,6.3100000000000005,33,P21
ONAGAN,"C30 H28 N4 2+,2(C1 H4 O1),2(Br1 1-)",0.5,6.1,62,P-1
CALGIH01,C5 H4 Br2 O1 S2,0.5,2.25,14,C2/c
WAGXIO,C18 H14 N4 O1 S1,1.0,3.44,38,P21/c
HEXCET02,C2 Cl6,0.5,6.6000000000000005,8,Pnma
GOLXUB,"C1 H7 N4 1+,C4 H5 O4 1-",1.0,4.34,13,C2/c
HICDUS,C19 H27 N1 O4,1.0,5.8,51,C2/c
FOVNEK,C16 H13 N3 S2,1.0,2.93,34,P21
XEGBEQ,C21 H13 Br1 Cl1 N3 O2 S2,1.0,4.14,43,P21/n
HFBENZ08,C6 F6,1.5,5.2299999999999995,12,P21/n
OLITAI,C14 H23 O1 P1,1.0,4.99,39,P21/c
YUHJAN,C16 H36 B2 Br4 P2,0.25,4.53,60,C2/m
VIMHII,"C3 H12 N2 2+,2(Cl1 O4 1-)",1.0,3.3000000000000003,17,P21/c
VABHEN,C15 H12 F3 N3 O3 S1,1.0,3.5500000000000003,37,C2/c
KUCDOC,C16 H21 B1 N8,1.0,4.6000000000000005,46,P21/c
POSTIB,C23 H30 N1 P1,1.0,4.94,55,P21/c
CEGJOQ,C16 H16 O5,1.0,2.9899999999999998,37,P21
UWASEU,"C7 H7 O2 P1 S2 2-,2(H4 N1 1+),0.5(H2 O1)",1.0,3.3099999999999996,19,P21/c
MUBNUT,C25 H19 N3 O2,1.0,4.45,49,P21/n
MUQXEF,"C10 H8 F12 N2 S5,2(C10 H8 F12 N2 S4)",1.0,3.9899999999999998,37,P-1
BUQFAY,C20 H26 N6 O4,1.0,6.890000000000001,56,P-1
LEHBAF,C30 H19 N1 O1,2.0,4.96,51,P21/n
EYOGOO,C14 H18 N2 O2,1.0,4.91,36,P212121
AZIJIE,C16 H24 N2 O3,1.0,4.47,45,P-1
ISEHAQ,C18 H20 N4 O2 S1,1.0,5.3100000000000005,45,P21/c
TIMMIO,"C12 H16 N3 O2 S1 1+,C6 H5 O3 S1 1-,H2 O1",1.0,6.39,34,P-1
ZOYLUU01,C9 H9 N1 O1,2.0,3.1399999999999997,20,P21/n
CIFFIK,C20 H20 N2 O3,1.0,4.52,45,P21
KEKRAW,C20 H14 O2,1.0,4.74,36,P21/c
DEGKOR,"C14 H16 N4 2+,2(Br1 1-)",2.0,2.88,34,P21/c
BUNROT,C23 H23 N1 O3,1.0,5.2299999999999995,50,P212121
DIFGIL,C22 H24 N6,1.0,4.41,52,C2/c
FIQWIM,C17 H20 N2 O6 S1,1.0,3.59,46,Pc
HUJJIH,"C16 H36 N1 1+,2(C6 H14 O2),F1 1-",1.0,4.2700000000000005,53,Pbca
MEWKUX,C25 H25 N1 O2 S1,1.0,4.2299999999999995,54,P21
KEQYAI,"C17 H16 N2 O2,C7 H8",1.0,7.17,37,P21/c
PAHVUR,C26 H18 F2 N2 O3,1.0,4.34,51,P-1
ZEGQOV,"C25 H14 N6,0.5(C6 H3 N3 O7)",2.0,7.049999999999999,45,P21/c
YONKOE,C25 H21 N1 O2,1.0,3.2099999999999995,49,P212121
ASUKUV,C16 H12 I2 O1,1.0,3.04,31,C2/c
KUQSAS,C14 H9 I1,0.5,3.34,24,Pnma
CEXCIR,C20 H32 O3 Si1,1.0,5.7,56,Pccn
AWOTAL,"C32 H22 F4 O2,2(C4 H9 N1 O1)",0.5,5.0,60,P21/c
PIFZUC,C24 H16 F6 Mg1 N4 O4,0.5,4.65,55,P-1
VEPSAL,C18 H14 N1 O3 P1,1.0,3.31,37,P-1
ERIMOK,C23 H18 Br1 N1 O3,1.0,4.8,46,P-1
TODQEL,C19 H9 F4 N3 O3,1.0,6.16,38,P-1
SURSON,C14 H22 N2 O2,1.0,4.8500000000000005,40,P21/n
FUDWEG,C24 H26 N2 O3,1.0,4.55,55,P21
SIBRIN,C15 H26 O2,1.0,2.7,43,P212121
QOSTAU,C14 H16 O1,1.0,3.87,31,P4nc
VIFYOB,C20 H15 N1 O2,1.0,3.34,38,P21/c
COTJIF,C22 H28 N4 O3 S2,1.0,6.3500000000000005,59,P-1
QIWXED,C26 H24 O4,1.0,4.53,54,P21/n
CEZVUC,C16 H16 Be1 Cl2 O2,2.0,3.26,37,P-1
IGEJIO,C14 H18 N4 S2,0.5,3.65,38,P21/c
YIFHEE,C15 H16 Cl2 N2 O3 S1,1.0,6.329999999999999,39,P-1
IXESEL01,C10 H21 B10 N1 O2 S1,1.0,5.66,45,C2/c
DEHXAT,"C14 H18 N4,H2 O1",1.0,4.05,36,P21/c
ROXCAL,C23 H13 N1 O4,1.0,5.3100000000000005,41,P21/n
KEDBAX,"C12 H8 N2 O1,2(H2 O1)",1.0,4.23,23,P-1
LIJHAO,"C15 H13 N2 O2 1+,N1 O3 1-,H2 O1",1.0,6.58,32,P-1
HADPOV,"C18 H24 N1 1+,C20 H14 O2,Br1 1-",1.0,3.3000000000000003,43,P212121
KOSRAL,"C12 H24 K1 O6 1+,Cl1 O4 1-",1.0,4.2,43,P21/n
YOBZIA,"C12 H11 N4 S1 1+,Br1 1-",1.0,5.65,28,C2/c
DIWTOT,C26 H20 O4,1.0,4.3,50,P-1
LOTDEG,C13 H10 F2 N2 O1,2.0,3.71,28,C2/c
URACUP,C18 H20 F1 N7 O4,1.0,4.9399999999999995,50,P21/n
TEWBOM,C23 H24 O8,1.0,6.3500000000000005,55,P3221
JOPXIX,C29 H24 N2 O2,1.0,3.66,57,C2/c
ICINEP,"C27 H26 N2 2+,2(C1 F3 O3 S1 1-)",1.0,4.16,55,P21/c
PHENSS12,C12 H10 S2,1.0,4.12,24,P212121
KAMJEP,C17 H13 N1 O2,1.0,6.65,33,Pna21
GEMDUX,"C22 H21 N1 P1 1+,Br1 1-",1.0,4.4,45,P21/c
ATASEW,C23 H21 N2 P1,2.0,2.86,47,P41
YEXZEK,C6 H2 Cl2 N2 O3 S1,1.0,1.78,16,Pca21
TUVHIE07,C22 H24 O2 S2,0.5,4.04,50,P21/c
LIPRUA,C23 H23 Cl1 N3 O4 P1,1.0,3.6700000000000004,55,P-1
EBEMED,C20 H24,1.0,5.3100000000000005,44,P-1
IQIXOY,"C10 H14 N2 O5 Se1,H2 O1",1.0,1.7999999999999998,32,P212121
RAFJEP,C16 H14 N4 O2 S1,1.0,4.72,37,P-1
QARBUG,"C17 H18 N1 1+,C15 H9 O2 1-,C15 H10 O2",1.0,5.44,36,P21/c
HEJKIU,"C11 H12 Br1 N1 O1 S1,0.17(H2 O1)",1.0,6.6000000000000005,27,P65
COBFAC,C5 H2 Cl1 I2 N1,1.0,3.45,11,Pca21
DIFYAU,C16 H13 Br1 N2 O4,1.0,5.47,36,P21/c
EDEWES,C16 H13 Cl1 N2 O1,1.0,4.9799999999999995,33,Pbca
FICZEX,C18 H23 N1 O6,1.0,4.18,48,P212121
DOPBIX,C26 H25 N1 O2,2.0,4.279999999999999,54,P-1
COVYES02,C19 H29 P1 Si2,1.0,4.61,51,P-1
ROJROB,C19 H14 N2 O1,1.0,5.35,36,Pbca
HOLTUY,C18 H18 N2 O4 S1,1.0,4.51,43,P21/n
JEFTUJ,C18 H19 N1 O8,1.0,4.4,46,P21/n
YADGOB,"H12 Mg1 O6 2+,C6 H2 O5 2-",1.0,3.54,19,Pbca
WIZFUG,"C19 H18 P1 1+,C18 H13 O1 1-",2.0,4.4,38,P-1
GIWCEW,C21 H13 B1 F2 N2,1.0,4.2700000000000005,39,P2/c
LALNIN62,C3 H7 N1 O2,1.0,2.91,13,P212121
KEMRED,C23 H30 I4 N2 Se1,1.0,6.239999999999999,60,P21/n
EGAROW,C12 H8 Cl2 O2,1.0,4.5600000000000005,24,P21/n
TIFGEV,C16 H24 Br1 N1 O9,1.0,3.95,51,P21
ACEMUR,C14 H10 N4 O6,1.0,4.94,34,P21/c
VEFSOR,C11 H15 N1 O4,1.0,3.62,31,P-1
HOBZAD,"C19 H25 N3 O4 S1,H2 O1",1.0,4.92,52,P212121
GOKYEM,C16 H23 N1 O6 Si1,1.0,4.8,47,P21/c
DODCIK,C24 H31 Br2 N1 O5,1.0,4.42,63,P21/c
JOLNUV,C14 H22 N4 S2,0.5,4.64,42,P21/a
FAQKUH,"C26 H33 N1 O2,C11 H8 O3",1.0,6.0600000000000005,62,P21
LOZMOG,C27 H29 N1 O2,1.0,5.6000000000000005,59,P21/n
QAMQEA01,C8 H14 N2,1.0,4.87,24,I41/a
RITDAD,C29 H28 N2 O4 S1,1.0,3.11,64,P212121
FAJPUC,C24 H25 F1 N2 O1 S1,1.0,3.0300000000000002,54,P212121
YIXMIC,C20 H32 N2 O2 S2,1.0,4.92,58,P21/n
EVUZOO,C5 H5 N3 S3,2.0,4.53,16,Pbca
LECXOK,C25 H23 N1 O2,2.0,3.0,51,C2
FEQMOF,"C12 H10 I1 1+,C5 H5 N1,B1 F4 1-",1.0,2.67,23,P21/n
XAGWUC,C30 H26 N2 Si1,2.0,4.04,59,P-1
NUVLEZ,"C18 H15 N5 O3,C4 H8 O2",1.0,4.24,41,P-1
ABATIJ,C23 H14 N4 O2,1.0,4.62,43,P21/c
LEMHAN,C20 H20 N2 O4,1.0,4.42,46,P-1
ZZZLZE01,"C4 H4 O6 2-,2(K1 1+),0.5(H2 O1)",1.0,3.39,14,I2
VAYLEP,C10 H8 N2 O4 S1,1.0,5.83,25,P212121
ATUQEO,C6 H11 N5 S1,1.0,3.39,23,P-1
ROCHEY,"C26 H24 F3 N1 O1,0.5(C6 H14)",1.0,5.63,55,P-1
OYIWOL,C12 H12 Br1 N1 O2,1.0,2.33,28,Pbca
XERCEF,"2(C17 H10 O1),C10 H2 N4",0.5,6.79,28,P21/n
VEMFUO,C28 H28 N2 O2,1.0,5.1000000000000005,60,P21/n
LIXDAY16,C10 H10 N4 O2,2.0,1.52,26,P21/c
VADCAG,C12 H23 N3,2.0,5.43,38,C2/c
KUBFOC,C20 H25 N1 O3 S1,1.0,4.4,50,P21/n
TEHWOW,"C21 H36 N2 2+,1.5(H2 O1),2(Br1 1-)",2.0,5.18,59,P21/c
YUXQAN,C25 H28 F1 N1 O2 S1,1.0,5.63,58,P21/n
YUVDOI,C14 H16 Cl2 F6 N2 O1 Si1,1.0,5.89,42,P-1
GEXRAG,"C14 H20 N2 O3,2(H2 O1)",1.0,2.68,39,P21
RUPYEG,C16 H15 Cl4 F4 N1 S1,1.0,3.1,41,P21/n
TOJQER,C8 H10 N2 O1,1.0,3.01,21,P21
HAQJUI,C26 H21 N1 O3,1.0,6.43,51,P-1
IYAMAA,C24 H19 N1 O7,1.0,4.6,51,Pna21
WEJGIB02,C21 H20 N2,2.0,4.45,43,P212121
NETXET,C27 H16 N2,1.0,4.44,45,P21/c
NEKVIJ,C16 H14 N4 S2,1.0,4.78,36,P21/a
CILDUZ,"C16 H36 N1 1+,C26 H19 N3 O2,C7 H5 O2 1-",1.0,4.8,53,P-1
NIVJEI,C17 H17 N1 O6,1.0,3.54,41,P21
IVESUA,C28 H22 Cl1 N3 O6,1.0,6.88,60,P21/n
DICTAM,C23 H19 N1 O3,1.0,4.19,46,P21/c
SOMSEV,C16 H15 Cl1 O2 S1,1.0,6.260000000000001,35,P21/c
LUHCOK,C20 H18 F8 N2 O6 P2,1.0,7.1,56,P21/c
GUJQIL,C24 H16 N4 O2,0.5,4.5,46,P21/a
QENBOD,C21 H24 N2 O2,2.0,4.44,49,P21
KOSNIT,C17 H16 N2 O3 S1,1.0,2.37,39,P212121
TITVIC02,C11 H8 Cl1 N3 O1,1.0,7.1499999999999995,24,P-1
FUPQAK,C19 H15 N1 O2,2.0,4.4799999999999995,37,P21/n
OCATAN,"C14 H25 N1 O11,2(H2 O1)",1.0,2.69,51,P1
KAXSUA,C28 H24 O4,1.0,5.510000000000001,56,P-1
FAMFEH02,C25 H20 N4 O5,1.0,4.96,54,P21/c
DEGLAD,C22 H31 N1 O2,1.0,3.5100000000000002,56,P212121
HAHZEZ,C21 H14 Cl1 I1 O1,1.0,3.38,38,P-1
KIXGII,"C13 H16 N3 O1 1+,F6 P1 1-",1.0,5.57,33,P21/c
HOBQUO,C29 H24 N2 O6 S2,1.0,4.08,63,P-1
QAFDAG,C13 H12 N2 O2,2.0,3.5999999999999996,29,Pna21
REXSET,"C13 H9 F3 N1 O5 1-,C8 H12 N1 1+",1.0,4.69,31,P212121
DEHMAI,C9 H13 N1 O2 S2,1.0,1.4000000000000001,27,P21/n
CEDWEP,C18 H21 N5 O4,1.0,4.49,48,P21/c
XENTAM,C21 H22 Cl1 N1 O3,2.0,5.0,48,P-1
EKAFUS,C25 H26 N2 O2,2.0,5.12,55,P212121
YAZCUA,C13 H7 F4 N1 O1,1.0,3.61,26,Pna21
MESWUF,"C11 H8 O2,C6 H3 N3 O6,C5 H5 N3 O2",1.0,7.199999999999999,21,P-1
INAWEC,C20 H26 N2 O3,1.0,3.0700000000000003,51,P212121
IFOSEF,"C20 H22 O2 P1 1-,0.5(C4 H10 O2),Li1 1+",2.0,5.21,45,Pca21
TUWLOM,C17 H14 N2 O1,1.0,3.2600000000000002,34,F2dd
JASLEV,C4 H6 N4 O5,1.0,5.49,19,P21/c
ZAPPEN,C13 H15 N1 O2,1.0,4.08,31,P21/n
VURNIF,C18 H25 N1 O5,1.0,4.99,49,P21
TRIZIN05,C3 H3 N3,0.5,4.8,9,C2/c
XOFQER,C29 H24 O1,1.0,3.49,54,P212121
GEJLEM,C16 H18 N2 O2,1.0,4.1,38,P31
UDEDIR,"C24 H24 N2 O6,H2 O1",1.0,3.97,56,P21/n
QIGBIU,C28 H23 N1 O3 S1,1.0,4.15,56,P212121
GIWSAJ01,C13 H15 N1 O3,1.0,3.1300000000000003,32,Pna21
HITVUC,C24 H10 F6 N4 S4,1.5,4.22,48,P-1
PIWPER01,C16 H36 Li1 N3 Si3,1.0,3.0700000000000003,59,P-1
ULEBOD,C6 H4 Br1 N1 O2,1.0,4.54,14,P-1
GOPPEI,C21 H28 B1 N1,1.0,4.9399999999999995,51,P21/c
DUTNOX,C10 H12 N4 O3 S1,1.0,4.99,30,P-1
HEHTOG,C24 H16 N4,1.0,7.109999999999999,44,P21/n
QUMNUH,"C12 H14 N2 O7,2(H2 O1)",1.0,2.62,35,C2
SIGBEQ,C30 H20,1.0,3.92,50,Pbca
RACBED,"C5 H6 N1 O1 1+,C7 H5 O4 1-",1.0,5.6000000000000005,16,P21/c
MAXMUU,C27 H31 N1 O2,1.0,4.46,61,P21
VURFOG,C31 H23 N1 O4,1.0,5.21,59,P-1
ZEXYEJ,C16 H12 Br1 F1 N4 O1,1.0,2.23,35,P-1
POXFIV,C12 H13 N3 O2,1.0,3.75,30,P21/n
OBOZEN,C30 H24 N2 O3,1.0,5.65,59,P-1
HEZQIN03,C17 H14 N2,0.5,4.19,33,C2/c
ISEQUT,"C1 H6 N3 1+,F2 I1 O2 1-",2.0,2.35,10,P-1
SOLPIU,C18 H12 N2 Se1,1.0,5.55,33,P21/c
XUQHAS,C26 H3 B2 F18 N1,1.0,4.19,50,P21/c
CEWHUH,C21 H21 O2 P1,1.0,4.3,45,P21/c
DAPBIJ,C17 H18 O1 Se1,1.0,2.98,37,C2
GIYJEF,"C23 H22 N1 O1 Se1 1+,Cl1 O4 1-",1.0,3.56,48,P21/c
NUXTUW,C17 H13 N1 O3,1.0,3.62,34,Pca21
IHIGIR,"C5 H11 N2 S1 1+,C7 H4 Cl1 O2 1-",1.0,6.3,19,P-1
ALIKIT,C13 H17 F5 N2 O1 S1,1.0,4.89,39,C2/c
YECWIQ,"2(C9 H9 N4 O4 1-),C4 H12 N2 2+,2(C7 H6 O4),4(H2 O1)",0.5,3.88,26,P-1
ADISOV,C25 H29 N1 O4 S1,1.0,5.29,60,P212121
MENSIK,C19 H14 Cl1 N3 O1,1.0,6.23,38,P21/c
RUSYOV,C20 H16 N2 O4,0.25,4.0,42,Cmca
TIWYEG,C16 H8 F4 N4 S1,1.0,3.9600000000000004,33,P21/n
VABZUV,"C10 H9 O4 1-,H4 N1 1+,H2 O1",1.0,4.3,23,P21/n
BUGNAT,C12 H13 N1 O3,1.0,3.77,29,P21/n
XOKTUP01,C29 H26 Cl1 O2 P1,1.0,6.4399999999999995,59,Pna21
SODGEZ,"C6 H16 N2 2+,2(N1 O3 1-)",0.5,3.38,24,P21/c
LIPLON,C21 H18 N2 O2,1.0,4.05,43,P21
UZIWEH,C20 H18 Cl2 O2,1.0,6.58,42,P212121
IWESOW,"C10 H8 N2 O2,H4 N1 O1 1+,N1 O3 1-",1.0,5.72,22,P21/n
EGEVUH,C19 H22 N2 O5,2.0,4.92,48,P1
GAJRIS,C20 H21 Br1 N2 O1 S1,1.0,3.4,46,P21/n
QOMHAE,C18 H23 N1 O6,1.0,4.03,48,P21
GACGUO,C16 H16 O7,1.0,2.7600000000000002,39,P21/c
ACAYUY,C10 H7 Cl1 N2,1.0,4.29,20,P-1
FOXBON,C17 H16 N4 O1 S1,1.0,5.47,39,P21/n
GOJFOE,C17 H19 N3 O2 S2,1.0,3.4799999999999995,43,P212121
BUGHIY,C20 H16 N2 O2,0.5,3.56,40,Pbcn
RENQUA,C18 H24 Br1 O3 P1,1.0,2.65,47,P21
OXOWAC,C16 H17 N3,1.0,4.07,36,P21/n
TICRUS01,C7 H5 N1 O1,1.0,6.17,14,Pbca
YONTAA,C19 H22 O2,1.0,4.68,43,P21/n
NAHPAP,C15 H17 N1 O2,1.0,5.15,35,P21/c
WESVUM,C20 H21 F6 N3 O1,2.0,6.29,51,P21
CIFDAA,C14 H12 Cl1 N1 O3,2.0,3.83,31,P-1
METTIP,C22 H21 N3 S1,1.0,4.3,47,P-1
DADXOV,C14 H17 As1 O6,0.5,2.3000000000000003,38,C2/c
NIRLIK,C21 H14 Cl2 N2 O2,2.0,4.32,41,P-1
UGUXAW01,C16 H28 N2,1.0,4.760000000000001,46,P21/c
XUHBOT,C20 H14 Cl1 N3,1.0,4.55,38,P21/c
VERWUL,C15 H15 N1 O3,1.0,4.83,34,P21/c
TEHJOH,C6 H8 Cl2 F4 N3 O4 P3,1.0,2.86,30,P21/c
DUQMOS,C18 H17 N1 O2 S1,1.0,4.54,39,P21
SIZBOU,C8 H7 Cl1 O3,2.0,5.28,19,P42/n
LETNUU,C21 H17 N1 O1,1.0,3.5,40,P21/c
PUVTEF,"C13 H15 N4 O1 1+,I1 1-",1.0,4.3,33,P-1
UJUJOA,C10 H7 N3 O2,1.0,4.3999999999999995,22,P21/n
NAJNIX,C24 H23 N1 O5,1.0,5.07,53,Pca21
OMOTOA,C22 H20 Cl1 N3 O5,1.0,4.3100000000000005,51,Pbca
LHISTD49,C6 H9 N3 O2,1.0,6.01,20,P21
DORSEL,"C20 H18 O10,C1 H4 O1",1.0,3.82,48,P212121
GUFVEI,"2(C25 H16 O1 S3),C2 H3 N1",1.0,6.82,45,P21/a
PETDOH,"C30 H24 O6,C4 H10 O1",1.0,7.5,60,P212121
NITREN,C28 H30 N2 O4,1.0,5.7700000000000005,64,P-1
YUQQEH,"C16 H19 N2 O6 1+,I3 1-",0.5,2.77,43,P21/n
NASTOR,C27 H29 N3 O3,1.0,4.33,62,P212121
FEHFIJ,C25 H20 O1,1.0,2.99,46,P21/c
MAXXUH,C14 H13 N1 O1,1.0,3.51,29,P212121
YOXFUP,"C6 H11 N3 O2 2+,2(I1 1-)",1.0,1.35,22,P21
BAWSIF,C21 H17 N1 O2,1.0,4.12,41,P21
MXPNFP,C14 H11 N1 O6,1.0,6.8,32,P21/c
NBAMTI10,"C16 H36 N1 1+,I3 1-",2.0,6.03,53,P-1
POLZEV,C26 H23 N1 O2,1.0,5.0,52,P21/n
FANTBZ,C6 H2 F2 N4 O6,1.0,5.2,20,P21/c
XESZED,"2(C18 H18 O3 P1 1-),C4 H12 N1 1+,C3 H10 N1 1+,H2 O1",1.0,5.7,40,P-1
VIFGIA01,C11 H9 N1 O2,1.0,5.21,23,P212121
GLUAMC12,"C6 H14 N1 O5 1+,Cl1 1-",1.0,2.86,26,P21
YAYCEI,C14 H11 Br1 N2 O4,1.0,2.56,32,P-1
WOLPIZ,C11 H4 Br1 F4 N1 O1,1.0,3.05,22,P21/n
YEQHEH,C9 H15 N1 O4,1.0,4.14,29,P22121
RIJXOB,C16 H10 Cl1 N1 O3,1.0,3.93,31,Pbcn
NEZKAI,"C21 H25 N1 O3,H2 O1",2.0,4.04,50,P1
DAVTAX,C17 H13 N1 O3,1.0,4.53,34,P-1
TAQRUZ,C13 H19 N1 O6,1.0,3.18,39,P21
WEDBAJ,C13 H19 I1 O3,1.0,4.72,36,P21/n
QAKBEL,C26 H19 N1 O1,2.0,4.46,47,P-1
NAGNES,C36 H26 O2,1.0,4.66,64,P-1
EGEDAY,C22 H18 Cl1 N1 O3,1.0,4.31,45,P21/c
KISZOF,C16 H13 Br1 Cl1 N1 O2,2.0,4.18,34,P2/c
LIGKIY,C26 H19 Cl1 O2 S1,1.0,4.77,49,Pbca
MURBBD,C15 H28 O2,1.0,5.1000000000000005,45,P212121
BUTYIY,"C3 H4 N1 S2 1+,As1 F6 1-",1.0,6.2,10,P21/c
MOBDEO,C27 H31 P1 Se1 Si2,2.0,4.82,62,P-1
EZOVUL,C10 H7 F3 N3 O1 S1,2.0,2.73,25,P-1
TPEPHO26,C18 H15 O1 P1,1.0,3.8600000000000003,35,Pbca
HUDYEM,C19 H21 Cl1 N2 O1,1.0,3.7199999999999998,44,Pbca
SARXUH,C20 H26 Br1 N1 O4,1.0,4.9,52,P21
AYICES,C28 H27 N3,1.0,3.7600000000000002,58,Pc21n
TUMCUC,C27 H22 N2 O4 S1,1.0,4.9,56,Pbca
OMUSOF,C26 H26 N8,2.0,4.7700000000000005,60,Pna21
HIBVUJ,"C8 H12 N1 1+,C8 H7 O3 1-,2(C8 H8 O3)",1.0,4.4,21,P212121
POPGEI,C32 H26 O4,0.5,5.4,62,P-1
GAPMAL,C10 H10 O2 S1,1.0,5.7,23,P-1
UHILAA01,C19 H14 B1 F2 N1 O1,1.0,3.47,38,P21/n
IJOFUL,C23 H29 N1 O2,1.0,5.26,55,P-1
BEZSAC,C8 H5 N3 S1,1.0,4.590000000000001,17,P21/c
BUXSOG,"C15 H18 O5,H2 O1",2.0,4.73,38,P1
ZUPMII,C12 H17 N3 O1,1.0,3.19,33,P212121
JEJNIZ,"C25 H24 O5,C1 H4 O1",1.0,5.87,54,P21
DEFRAK,C11 H8 B1 F2 N3 O1,2.0,3.49,26,P21/n
VIQNAL,"C12 H28 N4 O8 Sr1 2+,2(Br1 1-)",0.5,4.54,53,P21212
IWUTID,C14 H8 Cl7 N1 O3,1.0,5.24,33,C2/c
FENMAQ,C17 H12 Br1 F3 O1,2.0,4.16,34,C2/c
BEXDOB,"C9 H14 N3 O2 1+,N1 O3 1-",2.0,5.970000000000001,28,P21/c
KODWEG,C18 H20 O4,1.0,4.72,42,P-1
HODSAV,"C13 H11 N4 O3 1+,Cl1 1-",1.0,3.68,31,P21/c
FOVSER,C21 H29 O4,1.0,4.63,54,P212121
IDOMOH,C12 H15 N1 O1,2.0,3.64,29,P-1
PUVXOT,C21 H16 O3,1.0,5.09,40,P21/c
FAGYOF,C18 H7 F1 N4 O1,1.0,4.0,31,P21/n
RAPLAW01,C7 H6 O3,1.0,4.04,16,P21/n
DOHDEJ,C9 H14 O6,1.0,4.0,29,P212121
REXQOD,C21 H15 Cl1 N2 O1,1.0,4.82,40,P21/c
KUBZUF,C19 H21 N1 O2,1.0,4.2299999999999995,43,P21/n
PASZER,C21 H24 Br1 N3,2.0,3.74,49,Pna21
BAZWUU01,C13 H13 N1 O1,1.0,3.85,28,P21/c
DAZCUE02,"C2 N8 O2 2-,2(H4 N1 O1 1+)",0.5,3.44,12,P21/c
NAVXIV,"H8 O20 Si8,2(C4 H10 O1)",0.5,5.19,36,P21/n
IPUPUE,C14 H6 F6 N2,1.5,5.88,28,P42/n
UTATAN,"C13 H10 Br1 N1 O2,C1 H1 Cl3",1.0,5.3100000000000005,27,P21/n
GAFPIP,C26 H28 N2,1.0,6.78,56,P21/n
SAXPOW03,C2 N3 S3,1.0,3.17,8,P21/c
DIJHUC,"C22 H32 N1 O1 1+,Cl1 1-",1.0,4.66,56,P212121
FIVNIL,"C10 H16 Mg1 N2 O4 2+,2(Cl1 1-)",0.5,2.98,33,I2/a
NIZTEV,C24 H28 B1 N1 O6,1.0,5.8,60,P21/c
UROXEH,C22 H18,2.0,4.19,40,P21
FORPAF,C15 H10 I1 N1 O1,1.0,4.15,28,P21/n
NIBFEM01,C14 H15 N1 O2 S1,1.0,4.97,33,P21
LENBOV01,C1 H2 Cl1 I1,0.5,2.07,5,Pnma
DATDUZ,"3(C4 H6 N4 O3 S2),C7 H6 O4",1.0,6.3,19,P21/c
RICZIO,C24 H20 Cl1 N1 O3 S1,1.0,4.42,50,P212121
COSXOB,C7 H13 N1 O2,1.0,3.54,23,C2/c
PURWAC,C13 H12 N2 O2,1.0,5.06,29,P21/c
BIVKOJ,C18 H14 Br2 N2 O2,1.0,5.83,38,P21/n
IXAHOE,C14 H21 N1 O1,1.0,5.3,37,P21/c
JUYWIL,C36 H24,1.0,5.06,60,P-1
MUPNOB01,"C8 H10 N4 O2,C7 H6 O5,0.5(H2 O1)",1.0,3.75,24,C2/c
VEBKAP,C28 H18,2.0,4.87,46,P-1
NOQZOJ,C13 H16 N2 O2,1.0,4.65,33,Cc
BIJWAS04,"C12 H24 O6,2(C1 H3 N1 O2)",0.5,3.3300000000000005,42,P21/n
FOKTUU,C14 H17 N3 O3,1.0,5.1000000000000005,37,P-1
BAQTOD,C21 H19 Cl2 N1 O5,1.0,3.73,48,P21/c
OLOPAG,C11 H16 O3,1.0,4.41,30,Pbca
SAQGOG,C9 H10 Cl4 S1 Te1,1.0,3.6,25,P21/c
AZIFUO,"C18 H23 N2 O2 S1 1+,I1 1-",2.0,3.9600000000000004,46,P21
MAVLOK,C30 H24 O1,1.0,5.6000000000000005,55,P212121
DBDPCP,C15 H12 Br2,1.0,3.5,29,P21/c
YICZOB,C24 H22 O3,1.0,4.87,49,P21
VAXBOO,"C14 H8 Cl2 I1 O4 1-,C4 H12 N1 1+",1.0,1.91,29,Pbca
DUVGAC02,"3(C1 H4 N2 S1),C8 H14 O1",1.0,3.54,23,P21/c
SORDEL,"C16 H36 N1 1+,C18 Cl12 O6 P1 1-",1.0,3.29,53,P1
BODKIO01,C5 H10 N4 O1 S1,1.0,3.5,21,P21/c
CENWAU,C17 H14 N2 O3,1.0,4.5,36,P212121
JAVRAD,C28 H23 N1 O3,1.0,3.81,55,P21
IHEDEE,C15 H15 N3 O4,1.0,6.0,37,P21/n
LOYGOZ,C13 H18 O3,1.0,3.05,34,P21
JUKJEI,C10 H2 Br2 N4 O2,1.0,3.4000000000000004,20,P21/c
OYEMAI,C27 H24 O1 S2,1.0,3.84,54,P21/n
DANXIC,C13 H15 N1 O3,1.0,5.1499999999999995,32,P212121
ROCYEP,C26 H28 N2 O2 Si1,1.0,7.13,59,P21/c
MEYDEB,C15 H12 Cl1 N1 O1,1.0,4.63,30,P21/c
ROPVEZ,C26 H25 N1 O3,1.0,4.44,55,P-1
WUWFUT,C13 H12 O3 S2,1.0,3.44,30,P21/c
OPAYAH,C20 H19 F1 O1,1.0,5.16,41,P212121
ESOKUV,C14 H10 Br1 Cl1 N2 O2,1.0,2.39,30,Pca21
NANRAV,C8 H12 N2 O2,0.5,3.3000000000000003,24,Pbcn
ILENUM,C17 H14 N2 O2 S1,1.0,5.17,36,P-1
PIHFOC,"C6 H18 I1 N3 P1 1+,I1 1-,0.17(C2 H3 N1)",2.0,5.5200000000000005,29,P3c1
IGATUJ,C16 H21 N1 O3,1.0,3.47,41,P-1
XIFTIR,"C20 H25 N2 O1 1+,Cl1 1-",1.0,2.76,48,P-1
NAJDAF,"C12 H10 N6 O2,H2 O1",1.0,3.59,30,P21/c
YIFYAP,C30 H30 B2,1.0,7.17,62,P21/c
HOFCAH,C18 H12 Cl2 F6 N2,1.0,3.86,40,C2/c
WIXYUY,C12 H14 O2,1.0,4.2700000000000005,28,P21/n
YAHDAP,C30 H28 N2,1.0,6.59,60,P-1
QAKCIP,C17 H14 F21 I1,1.0,3.5,53,P21/a
ROHMIL,C22 H31 I1 N2 O2,2.0,4.61,58,P21
CIKNUI01,"C4 H10 N1 O1 1+,C2 H1 O4 1-",1.0,4.15,16,P21/c
QOGPEL,"C13 H13 N2 O1 1+,I3 1-",1.0,3.1199999999999997,29,P21/n
KIKMEX,C17 H20 N2 O5,1.0,5.8100000000000005,44,P21/c
VEZBIL,C15 H12 F6 N1 O1 P1,1.0,4.6000000000000005,36,P21/c
TOVFUJ,C18 H14 F4 N2 O4,0.5,4.66,42,P-1
FEJTOF,C8 H16 O1 S2,1.0,4.79,27,Pbca
EVABUZ,C13 H9 Cl2 N1 O1,1.0,3.0100000000000002,26,P212121
CAJWOA03,C7 H7 I1 O1,1.0,1.81,16,P21/n
CBITAZ,C7 H4 Cl1 N1 S1,1.0,3.5,14,P212121
MEFNIU,"C16 H20 N1 1+,C1 F3 O3 S1 1-",1.0,3.69,37,P212121
LORLIR,C19 H32 N1 P3,1.0,2.68,55,P-1
YOVFAT,C17 H16 N2 O1,1.0,5.64,36,P21/n
REWWUP,C26 H24 N2 S1,1.0,3.4099999999999997,53,P21
UMISAM,"C14 H17 N2 O2 S1 1+,C7 H7 O3 S1 1-",1.0,5.56,36,P21/c
XUCJUA,C8 H12 N4 S1,1.0,3.31,25,P21/c
CACPAC,C30 H20 N2 O2,0.5,4.35,54,P-1
ELAWOH,C15 H10 B1 F2 N1 O1,1.0,3.93,30,P21/n
AZANEU,C16 H14 O6,0.5,4.12,36,C2/c
CENZEE,"C6 H6 N2 O1,5(C4 H3 F1 N2 O2)",2.0,3.62,15,P-1
WOWWUD,C18 H15 F3 N2 O5,1.0,3.88,43,P21/n
ECILUZ,C11 H16 O2,1.0,3.91,29,P21/n
AXADEJ,"C9 H14 N1 1+,C2 H2 Cl1 O2 1-",1.0,5.65,24,C2/c
AFERIN,C19 H4 F10 O4,1.0,5.08,37,P21/c
TUTQIL,C24 H23 N3 O1 S1,1.0,3.9,52,P21/c
BOYDUP,C14 H14 O1 S1,1.0,4.05,30,P212121
TEDPOK,C13 H13 N3,1.0,4.61,29,P21/c
ZIMCOR,C27 H26 N2 O4 S2,1.0,3.74,61,P21
RERSEQ,C4 H3 N7 O3,0.5,6.39,17,Pnma
NEQGUP,C17 H17 N1 O3 S1,1.0,3.62,39,P21/c
LUBNEB,C19 H20 N2 O1,1.0,4.5200000000000005,42,C2
QOKNIQ,C16 H21 I1 O6,1.0,3.61,44,P21
VESCOO,C24 H26 N4 O5,2.0,3.9699999999999998,59,P1
NOKHUT,C20 H24 N1 O2 P1 S1 Se1,1.0,3.84,50,Pbca
WEYYEI,C24 H20 F1 N5 O2,1.0,5.2299999999999995,52,P-1
ZUMBIW,C24 H24 B1 N1 O4 S1,1.0,5.71,55,P-1
AMAFAZ,C19 H19 Cl2 N1 O4,1.0,2.82,45,P-1
EQOXOA,C23 H30 O3,1.0,4.14,56,P212121
CIPQAX,C18 H15 N3 O1 S1,1.0,2.97,38,P21/c
MAPVAB02,C20 H15 N3 O3 S1,1.0,3.8899999999999997,42,P-1
VOFGAY,C15 H18 O4,1.0,3.2,37,P21
RIFROQ,C15 H20 O3,1.0,3.88,38,P21
SUQQEB,C12 H20 O4,1.0,2.81,36,P21
AXAHEO,"C11 H12 N1 1+,I1 1-",1.0,2.91,24,P21/c
DEKKOW,C19 H21 N1 O3 S1,2.0,1.97,45,Pc
PAWFUQ,C19 H19 Cl1 O4,1.0,6.83,43,Pna21
QECBUZ,C34 H24 N2 O2,1.0,4.61,62,Pna21
HARJIV,"C6 H2 N3 O7 1-,C5 H9 N2 1+",1.0,4.72,18,P-1
KIGRUR,C22 H19 N1 O2,1.0,4.109999999999999,44,P212121
XIPCOP,"C9 H16 N2 P1 S1 1+,C1 F3 O3 S1 1-",2.0,4.3100000000000005,29,P-1
SUNDIQ,"C3 H5 O1 S2 1-,C1 H6 N3 1+",1.0,4.67,11,C2/c
JIMWOV,C14 H11 I1 N4 O1,1.0,4.24,31,P21/n
YIMSAP,C27 H20 N4,1.0,3.9,51,P21/c
PEMBEO,C6 H6 N2 S4,1.0,2.3000000000000003,18,P21/n
YAFTIK01,"C15 H13 Cl1 N2 O3,C1 H4 O1",1.0,5.71,34,P-1
YUJCEP,C15 H14 O3 S1,1.0,4.109999999999999,33,P21/c
QITMUB,C23 H22 N2 O1,1.0,4.34,48,C2/c
QAQWEL,C24 H29 N1 O3 S1,1.0,5.05,58,Pcab
VARHAA,"C12 H10 Cl1 N2 O5 S1 1-,0.5(C12 H14 N2 2+)",1.0,3.63,31,P21/c
LAWXAL,C17 H14 Cl2 O4,1.0,2.78,37,P21/c
KMOTZD,"C4 H4 N1 O4 S1 1-,K1 1+",1.0,4.0,14,P21/c
HEFMEN,C17 H11 F3 N2,2.0,7.2700000000000005,33,P-1
KAWQAD,C19 H14 N2 O5,1.0,6.460000000000001,40,P21/c
GATROK01,"0.63(C26 H18 F6 N2 S2),0.37(C27 H20 F6 N2 S2)",1.0,6.44,57,Pbca
VATVOC,C10 H17 N1 O2 S1,1.0,3.45,31,P43212
QADWIG,C21 H16 F1 N1 O5 S1,1.0,3.2300000000000004,45,I2
WULHOC,C24 H28 O6,1.0,3.7900000000000005,58,P21
IWABUG01,C7 H13 I2 N1,1.0,4.51,23,P-1
ELAYUN,C17 H13 Br1 Cl1 N3,1.0,2.83,35,Pbca
AKUSIM,"C19 H11 N3 O4,C1 H1 Cl3",1.0,6.94,37,P21/c
XEDGUK,C16 H13 N1 O6 S1,2.0,3.1,37,P21
XEZSOO,C17 H15 N1 O4,2.0,3.52,37,P-1
ISAFEP,"C12 H15 Br1 N1 Se1 1+,Cl1 1-",1.0,4.8,30,P21/c
TULYEE,C24 H28 O2,1.0,4.9,54,P21/c
GIRXOV,"C17 H14 N4 O2,1.5(H2 O1)",1.0,4.45,37,C2/c
WOQKIA,C26 H24 O1,1.0,4.2,51,Pbca
IMUTOZ,C19 H18 O4 S1,1.0,6.5,42,P21/n
LUNZUP,"C4 H4 N2,2(C10 H20 O2)",0.5,4.7,32,P-1
BUVLUC,"C26 H24 P2,3(C6 F4 I2)",0.5,3.3000000000000003,52,P-1
YUHGOB01,C32 H20 Cl1 N1 O2 S1,2.0,3.6999999999999997,57,P21
JAVWEL,C22 H17 N1 O1,1.0,7.380000000000001,41,P21/c
PIPOSD,C17 H21 N1 O2,2.0,3.8000000000000003,41,P-1
MOZBEK,"C7 H5 Br1 O2,2(C4 H5 N3)",1.0,3.82,15,P21/c
DANFIL,"C16 H27 N4 O2 1+,N1 O3 1-",1.0,5.07,49,P-1
MAPMEW,C20 H16 N2 O2,0.5,5.43,40,Pcab
JARFAM,C8 H5 Br2 N3,1.0,3.75,18,P21/c
VUXXUH,"C12 H28 N2 O4 2+,2(C9 H7 O3 1-)",0.5,4.15,46,P-1
LAJDEJ,C31 H24 N2 O2,1.0,4.390000000000001,59,Cc
LEJJUI,C16 H18 Br1 N1 O4,2.0,3.39,40,P21
QOZRAY,C19 H25 N3 O1,1.0,4.82,48,P-1
TEVHOU,C16 H12 N2,1.0,4.03,30,P21/c
DMATPZ,C12 H36 N9 P3,1.0,4.7,60,P21/c
HIRBOA,"C30 H28 N6,2(H2 O1)",1.0,5.96,64,P21/n
GOWQIW,C8 H9 N3 O5,1.0,2.7,25,P212121
ENABAW,C19 H22 O7,1.0,4.0,48,P21/c
ZOSLUO02,C26 H20 N2,0.5,3.7,48,C2/c
