refcode,formula,z_prime,r_factor,n_atoms,spacegroup
NEYNOU,C12 H17 B1 N2 O4,1.0,4.49,36,P21/c
GOPJUQ,"C9 H7 N1 O2,C7 H4 N2 O6",2.0,4.5,19,P-1
GIVXOZ,C31 H24 Si1,1.0,4.03,56,P21
MEJNIB,C8 H11 N5 O1,1.0,4.2299999999999995,25,P21/c
BUNCOF,C30 H19 N1 O2,1.0,4.37,52,Pbca
EYUSIC,C14 H12 Br1 N1 O2,1.0,2.91,30,P21/n
JIFRAR,C10 H9 Br1 O2,1.0,3.7,22,P-1
FUXVIF,C20 H23 N2 O3 P1,1.0,2.98,49,Pbca
UJEWUE,C19 H17 N1 O1,1.0,5.08,38,P212121
NIXXEY,C22 H20 O4,1.0,5.3500000000000005,46,P-1
LAYRUA,C15 H20 N2 O3,1.0,3.47,40,P212121
AFAXAH,C26 H22 O2,1.0,7.0,50,Pbca
SAYSUG,C13 H17 N1 O2 S3,1.0,4.59,36,P21/c
DUFDEP,C22 H28 O9,2.0,5.48,59,P21/c
SOQQAR,"2(C19 H18 P1 1+),Br10 Se3 2-",0.5,3.97,38,P-1
QORGAH,C18 H28 Br1 N1,1.0,4.63,48,P21/n
DIKFUZ,C24 H37 N1 O1,1.0,5.86,63,P21/a
ENUDUQ,C23 H24 Cl1 N1 O2,1.0,5.91,51,C2/c
REMTUB,C26 H23 N1 O5,2.0,5.81,55,P-1
BAMGOL10,C18 H22 N2 O4,1.0,4.3,46,P212121
DUVBIF,C11 H8 F5 N1 O1 S2,1.0,4.5,28,P21/c
KONCAR,C12 H12 N6 O3,1.0,6.3,33,P21/n
TURYIQ,C14 H12 Cl1 N1 O1,1.0,2.3800000000000003,29,P212121
RIMGEC,C9 H9 N1 O3,1.0,3.3300000000000005,22,P21/c
YOWPEF,C14 H15 N1 O1,1.0,5.5,31,P21/c
JAHBEA,C18 H12 Cl4,0.5,4.0600000000000005,34,P21/a
QINGAV,C11 H17 O9 P1,1.0,3.36,38,P21
LIZVOH,"C13 H14 N2 O1,2(C8 H5 N1 O2)",1.0,5.510000000000001,30,P21/c
AVAFEK,C23 H18 F1 N3 O1,2.0,5.96,46,P-1
KOFNAX,C15 H19 B1 O6,1.0,5.01,41,I2/a
MIKDAM,C13 H39 P3 Si6,1.0,5.5,61,P21/c
DEKTAS,C12 H14 N6 O4,1.0,3.29,36,P21/c
QEHDOW,C22 H17 N1 O3,1.0,3.35,43,P21
POHSIO,C12 H28 N4 O1 P2 S2,1.0,2.81,49,P-1
BAHLEC,"C5 H12 N1 O2 1+,C4 H3 O4 1-",0.5,3.61,20,Pnma
CATHOU,C17 H21 N3 O3,1.0,5.6000000000000005,44,P212121
KUCLUT,C25 H18 O1,1.0,4.29,44,P21
UBAJIS,"2(C16 H9 O8 1-),C12 H12 N2 2+,C16 H10",0.5,5.68,33,P-1
MCHTEP12,C10 H8 Cl2 O6,1.0,2.9,26,P-1
GETQEB,"2(C5 H6 N1 1+),C6 H18 N2 P2 S4 Si2 2-",1.0,3.35,34,P21/n
HARXAZ,"C9 H16 I1 N2 1+,I1 1-",1.0,2.5,28,P-1
YEJJOM01,C17 H10 S5,1.0,4.24,32,P21/n
DIMXEG,C11 H12 N4 O4,0.5,4.04,31,P2/n
CEDKAB01,C4 H1 N7 O7,1.0,5.18,19,P21/c
RIDRED,C17 H18 N2 O2 S1,1.0,3.74,40,P-1
RUSGUK,C17 H25 N1 O3,2.0,4.62,46,P21
FUBSAA,C25 H24 N2 O1,2.0,4.7,52,P21/n
DUFBAH,C15 H19 N1 O3 S2,1.0,3.1,40,P21
IFUQAC,"C10 H8 N2,2(C3 H3 N1 O2)",0.5,4.63,20,P21/n
MEDLUE06,C4 H9 N1 O2,2.0,3.88,16,P21/n
OCOMIF,C13 H25 N1 O3 Si1,1.0,7.380000000000001,43,P21/a
AWELIY,C17 H20 N2,1.0,2.5300000000000002,39,P21
IVAMOI,C24 H25 N3 O5,1.0,5.57,57,P-1
MOFQOO,C12 H10 O4,1.0,6.29,26,P21/c
EGICAC,C12 H11 N1 O4,1.0,4.2299999999999995,28,P21/c
KEPHIW,C21 H22 O2 S1,1.0,4.6000000000000005,46,P-1
VUBKEL,C23 H20 N2 O1 S1,1.0,2.92,47,P-1
OREVIS,C15 H20 O3,1.0,3.62,38,P21/n
NEVFUP,C19 H17 F2 N1,1.0,3.7600000000000002,39,P212121
VAVXAT,C14 H25 N1 O6 S1,1.0,4.59,47,P212121
KUWNAT,"C15 H11 N3 O2,C6 H6",1.0,6.1,31,P21/c
LGLUAC01,C5 H9 N1 O4,1.0,6.0,19,P212121
DORJUP,C17 H23 Br1 N2 O2 S1,1.0,6.7,46,P21/c
WIPYIF,C19 H19 N3 O2 S1,1.0,3.46,44,C2
HOHTOR,C16 H10 F1 I2 N1 O1,2.0,2.4299999999999997,31,C2
WAHDIU,"C8 H10 N2 O3 S1,2(H2 O1)",1.0,2.5500000000000003,24,P21
ROJJEH,C26 H28 Cl2,1.0,4.04,56,P21/c
OXAYOC,C24 H16 N2,0.5,6.7700000000000005,42,P-1
ZIWQON,C14 H12 N2 O1,1.0,3.49,29,P212121
ITINEE,C9 H8 N8 O8,1.0,4.92,33,C2/c
KEMSEE,"C23 H30 N2 S1,C6 F4 I2",1.0,2.53,56,Pna21
FUHGOF,C11 H6 I2 S9,1.0,3.77,28,C2/c
RURQAX01,C14 H6 Br2 O2,1.0,3.19,24,P21/c
XAGVUW,C18 H15 Cl1 N2 O1 S1,1.0,4.4,38,Pbcn
WACYUZ,C24 H23 Cl1 N2 O2 S1,1.0,3.83,53,P21
IGIXIJ,C15 H11 N1 O1 S2,1.0,3.7699999999999996,30,P21/c
NAPCEP,C22 H20 F1 N1 O5 S2,1.0,2.58,51,P212121
ATALAJ,C16 H23 N1 O2 Si1,1.0,7.1000000000000005,43,Pcab
LAQCIT,C11 H18 O3,1.0,5.75,32,P21/n
GATXEF,C31 H30 N2,1.0,5.15,63,P21ca
HIGWOK,C16 H22 Cl3 N1 O2 S2,1.0,1.5,46,P21/n
GOMSOQ,C16 H13 N3 O2 S2,1.0,3.5700000000000003,36,P-1
PTSSIM01,C19 H17 N1 O2 S2,1.0,3.7699999999999996,41,P21/c
ASITOO,C18 H19 N1 O3 S1,1.0,5.680000000000001,42,Pbcn
ZEWCUB,C24 H24 O4,1.0,5.16,52,C2/c
ZOGJAJ,C15 H20 O2,1.0,3.7199999999999998,37,P212121
FOGTUR,C13 H17 N3 O9,1.0,4.05,42,P212121
AVUNUB,C35 H24 O2,0.5,4.46,61,P22121
FABSAC10,C23 H19 F3 O1,1.0,6.1000000000000005,46,P21
WOTKUN,C13 H13 Cl3 O2 S1,1.0,3.8899999999999997,32,P21/c
IVOHEH,C15 H14 Cl3 N5,1.0,2.86,37,P21/c
BZAMID07,C7 H7 N1 O1,1.0,5.33,16,P21/c
RIHDAO01,C11 H11 N1 O1,2.0,5.59,24,C2/c
BUQWUJ,C20 H21 F2 N1 O3,1.0,3.74,47,P21/c
XEGTAE,C22 H30 O5,1.0,3.9,57,P212121
SUPNEA,"C20 H14 N2 O1,2(H2 O1)",1.0,6.04,37,Pbca
QEMTEL,C16 H18 N2,1.0,3.52,36,P21/n
NAHDAD,C17 H18 N2 O2,1.0,5.42,39,P21/c
TUYGOM,C23 H19 N5 O2,1.0,5.18,49,Pbca
KOHLAW,C36 H22 N2,0.5,4.17,60,C2/c
TUWLIG,C17 H14 N2 O1,1.0,3.41,34,P21
SISROD,C7 H12 F9 N2 P1,2.0,4.19,31,P21/n
ASIHIV05,"C6 H8 N1 1+,C6 Cl4 O2 1-",0.5,1.29,15,Pbnm
SICBOY,C15 H15 N1 O3,1.0,5.949999999999999,34,P21/c
ORUWAB,C23 H24 N2 S1,1.0,4.97,50,P21/n
ZAPTIV,"C15 H17 N1 O4,H2 O1",2.0,5.39,37,P21/c
TINPAL,C17 H14 F3 N1 O2 S1,1.0,5.779999999999999,38,P21/c
SEPXAO,C13 H11 Br1 F1 N1 O2,1.0,3.2399999999999998,29,P21/c
YUMPIG,C4 H2 N4 O4,0.5,3.36,14,P21/n
ISELAX,C23 H18 Br1 I1 N2 O3 S1,1.0,3.04,49,P-1
MEGKAK,C25 H28 N2 O4,1.0,5.58,59,P-1
TULVUR,C10 H11 N1 O2 S1,2.0,4.9,25,P-1
AHEQIP,C8 H10 O8,0.5,3.2800000000000002,26,P21/c
PUXZIU,C22 H21 I1 N2 O7,1.0,3.52,53,P212121
IWAJOH03,"C7 H10 N1 1+,H1 O4 S1 1-",1.0,5.86,18,P21/c
QITCUV,C12 H16 Li2 O9,0.5,3.83,39,Pbcn
YUDMEP,C24 H25 Br1 O1 Si1,1.0,5.1000000000000005,52,Pbca
EBIQUC,C14 H18 Cl2 O6,2.0,5.5600000000000005,40,P21/a
HOFQAY,C23 H16 O2,1.0,6.81,41,P212121
JAKTAQ,C10 H10 N2 O1,1.0,4.5,23,P21/c
LIMGIY,"C17 H26 N1 O2 1+,C6 H2 N3 O7 1-",1.0,4.83,46,P212121
FENTUR,"C23 H19 Cl2 N3 O2,C1 H4 O1",1.0,3.6700000000000004,49,P21/c
SUGRAQ,C17 H14 Br1 N1 O1 S2,1.0,1.96,36,P212121
JOCVUT,C11 H10 F3 N1 O2,1.0,3.4,27,C2/c
KEYLOR,"C10 H18 B1 N4 S2 1+,I1 1-",1.0,2.1,35,P21
UPIQAO,"C6 H2 F5 O3 P1,C6 H1 F5 O3 P1 1-,C2 H8 N1 1+",1.0,3.55,17,P-1
AMOWIL,"C8 H10 Br1 N1 O1 S1,2(H2 O1)",1.0,5.17,22,P21/c
NIVCAY,"C26 H28 N1 O4 1+,Br1 1-",1.0,3.2199999999999998,59,P-1
XODDUP,C18 H15 F1 N4 O1,2.0,6.22,39,Pna21
MEOHPH,C15 H17 O3 P1,2.0,4.3,36,P-1
MOSNOY01,C14 H16 O3,1.0,4.02,33,C2/c
LEPYIP,C15 H10 Br1 Cl1 O1,1.0,4.6000000000000005,28,P21/c
MIHYIL,"3(C2 H8 N1 1+),As2 Cl9 3-",1.33,6.48,11,R3c
FUDVUX,C19 H15 N1 O2,1.0,4.15,37,P21/c
ZIWMOJ,C19 H14 O3,1.0,3.5700000000000003,36,P21/c
MEHYAD,C11 H11 N1 O1,1.0,5.779999999999999,24,P21/c
BOXCOG,C13 H15 O1 P1,1.0,3.4,30,Pbca
MOXNAR,"C6 H7 N3 O1,C3 H3 N3 O3",1.0,3.64,17,Pc
IDOLUM,C31 H27 N1 O3 S1,1.0,5.92,63,P21/c
NNAPAN10,C12 H4 N2 O7,1.0,5.4,25,P21/c
DIYKEB,C15 H20 O4,1.0,4.7,39,P21
MODKUO,C18 H16 Br2 F1 N1 O3 S1,1.0,4.79,42,P-1
FONHAS,C24 H24 N4 O3,1.0,4.88,55,P21/n
WOKHIP,C26 H24 O7,1.0,3.9600000000000004,57,P21
APENOA,"C7 H5 N13 O1,4(H2 O1)",1.0,3.9800000000000004,26,P-1
ERUGUU,C18 H18 O2 S1,1.0,5.8100000000000005,39,P21/c
WUQJAX,C17 H15 N1 O2 S1,2.0,2.3,36,P212121
OCAYEZ,C18 H16 O1 S1,1.0,4.590000000000001,36,P21/c
GAMPUI,C18 H15 N3 O1 S1,1.0,2.87,38,P21/c
JOPTUF,"C18 H19 N2 1+,I1 1-",1.0,2.4299999999999997,39,P212121
XIGGIF,C24 H19 N1 O4 S1,1.0,4.12,49,P21/n
VAHPIF,"C26 H22 N2 O8 S2 2-,2(C24 H20 P1 1+),4(H2 O1)",0.5,7.28,60,P21/c
YOVDAP,C8 H6 F1 N3 S1,1.0,4.71,19,P21/c
SAFXUU,C24 H29 N3 O2,1.0,4.82,58,Pbca
YUYMAG,C11 H10 O5,1.0,4.61,26,P212121
IGOPUS,C14 H14 O2 S4,0.5,2.06,34,P-1
PABNAL,C17 H13 N1 O1,1.0,5.93,32,P-1
DACXIO,C7 H13 N1 O3,2.0,4.5,24,P21/c
NOSSEW,C13 H14 N2 O6 S1,1.0,4.8500000000000005,36,P21/n
GOVLUA,"C14 H20 N4 2+,2(B1 F4 1-)",1.0,5.09,38,P21/n
MUKDII,"C12 H12 N3 1+,C1 F3 O3 S1 1-",0.5,6.94,27,Pnma
UPUZOV,C16 H15 N1 O4 S2,1.0,3.19,38,P21/n
BOYXEV,C18 H10 N2,1.0,6.2700000000000005,30,Pbca
QIJMOL,C20 H19 N3 O5,1.0,4.6000000000000005,47,P212121
PAVBEV,"C11 H23 N1 O5 P1 1+,I1 1-",1.0,1.6,41,P212121
YIFZAP,C6 H7 N1 O2 S1,1.0,7.390000000000001,17,Pc
XOSZIR,C24 H27 N1 O1,1.0,3.71,53,P21/c
AJEQEL,"C35 H22 Br2 Cl2 N2,2(C1 D1 Cl3)",1.0,4.9,63,P-1
LIPLAB,C17 H20 N2 O5,1.0,4.79,44,P21/c
COGCEI,C14 H15 N1 O4,2.0,3.29,34,P21
ODOVUZ,C25 H23 B1 N2 O4,1.0,4.11,55,P21
OYIGAG02,"C3 H2 N8 2-,2(C1 H6 N3 1+)",1.0,3.9600000000000004,13,Pca21
OWOBEL,C16 H23 N1 O2 Se1,1.0,2.77,43,P21/c
WAQLOQ,C12 H12 Cl1 N3 O5,1.0,3.2,33,P-1
UMEZAP,"C1 H7 N4 1+,y(C3 H1 N8 O2 1-)",1.0,3.2300000000000004,14,I2/a
MEPVOT,C23 H32 B1 N1 O3,1.0,5.12,60,Cc
KELSIH,C23 H21 N3 O1,2.0,4.9,48,P21/c
YALRAH,"C12 H24 O6,C6 H4 Cl1 F3 N2",1.0,3.44,42,P-1
OLAJAN,C18 H3 B1 F12,0.5,2.16,34,Aba2
UZUNUB,C12 H7 I2 N1 O2,1.0,5.92,24,Fdd2
QIFKAV,"C26 H18,C20 H12",0.5,5.79,44,P21/c
OHOCET,C17 H39 B1 F3 N1 Si2,1.0,3.71,63,P212121
PATFAR,"C14 H19 N3 O5,2(H2 O1)",1.0,4.1,41,P212121
TANXOY,C10 H14 N2 O1,1.0,5.26,27,Cc
QEGBEM,C20 H26 O3,1.0,2.77,49,P212121
HAVLID,C25 H20 N2 O2,1.0,3.73,49,P212121
ZAYGOY,C11 H16 N8 O20,1.0,3.1199999999999997,55,P21/n
PONYOH,"C22 H29 Cl2 N4 O2 1+,C2 F3 O2 1-",1.0,4.75,59,P-1
ROYYUD,C26 H24 N2 O3,1.0,6.97,55,P-1
SAGDOT,C18 H21 N3 O3,2.0,6.7,45,P-1
VAPZUH,C10 H9 Cl1 N2 O3,1.0,5.2,25,P21/c
JINXUZ,C7 H15 N5 O2 S1,1.0,6.3,30,P21/n
TEVJEN,C26 H26 O4,0.5,3.54,56,Pbca
SIQYIB,C22 H32 N8 O2,1.0,4.62,64,I2/a
CEDVIR,"C17 H11 N6 1+,I1 1-",1.0,5.58,34,Cc
IXITIW,C13 H19 N1 O1 S2,2.0,3.63,36,Pna21
RERGUQ,C14 H12 N2 O1 S1,1.0,4.7,30,P21/c
ZEYBIQ01,C12 H14 N4 Se2,0.5,2.71,32,P21/n
AKIREV,C25 H18 Cl1 N3 O2,1.0,4.75,49,P-1
KOWMIU,C26 H16 O1 S2,1.0,3.01,45,Pna21
HOWMOW,"C14 H22 N1 O1 1+,Br1 1-,C20 H14 O2",1.0,3.91,38,P212121
DIHWAS,C17 H17 Cl1 O2,1.0,4.5,37,P21/n
VAPWOZ,"C12 H28 N1 1+,Br1 1-,C1 Br4",1.0,4.59,41,P21/n
FEJLIT,C6 H12 B1 Cl4 N3 P2,0.5,2.16,28,C2/c
GAZGOG,C13 H11 F5 N2 O3,1.0,2.81,34,P21
UNUVOP,C20 H22 Cl2 N2 O6 S2,0.5,3.77,54,P21/c
HIMLIA,C12 H15 Cl1 N2 O2,1.0,5.33,32,C2/c
NAXDIZ,C14 H10 N2 O1,1.0,3.4,27,P21/c
XARZEZ,C22 H21 N1 O1,1.0,5.94,45,P21/n
REKYAI,C6 H5 I1,1.0,6.6000000000000005,12,Pbcn
TIFPAA,C20 H20 O8,1.0,4.23,48,P21/c
CIHQOD,"C20 H12,C13 H4 N4 O1",1.0,4.99,32,Pn
MAZLUX,C23 H27 N3 O5,2.0,4.41,58,P21
XANSIS,"C13 H10 N1 1+,C7 H4 Cl1 O3 1-",1.0,4.43,24,P21/n
NOJVEN,C19 H15 N1 S1,2.0,5.16,36,P21/n
DOBHEJ,C14 H9 Cl3 N2 O1 S1,2.0,3.6999999999999997,30,P21/n
RUNCIQ,C32 H23 N1 O1,1.0,6.260000000000001,57,P-1
KUBSAE,"C12 H22 N1 1+,C2 H1 O4 1-",1.0,4.4799999999999995,35,P21/c
BEFRUD,"2(C8 H12 N5 1+),H1 O3 P1 2-,2(H2 O1)",1.0,3.08,25,P21/n
EQAPOC,"C21 H13 Cl1 N2 O2,C1 H4 O1",1.0,5.23,39,Pbca
XEQZIC02,C12 H16 N2,1.0,5.48,30,Pna21
CELBEA02,C14 H17 N3 S1,1.0,3.84,35,P21/n
YUDRUN,"C14 H11 N1 O4,C14 H11 N1 O4",1.0,5.09,30,P21/n
UBOYET,C17 H11 F3 N2,1.0,4.16,33,P212121
SUCNOT02,C13 H20 N1 O3 P1 S1,1.0,5.94,39,C2/c
JOTVET,C13 H28 Cl2 O6 P2,0.5,5.4,51,C2/c
VOCSOV,C15 H16 O5,2.0,3.7,36,P1
IFOREB,C11 H10 N2 O1,1.0,4.59,24,P21/c
FIPHUI,C13 H14 F6 N2 O3,1.0,3.79,38,P-1
LUHDIC,C15 H15 N1 O2 S2,1.0,5.11,35,P21/c
LOTLIS,C17 H19 N3 O1 S1,1.0,5.0200000000000005,41,P21/c
CORJIG,C13 H15 N1 O3,1.0,5.18,32,P21/c
AMACPH,C8 H9 N1 O1,1.0,7.3,19,P21/a
NAQJIC,C29 H18 Br1 N3 S2,1.0,4.6,53,P-1
NODHEW,C28 H25 N2 O2 P1 S1,1.0,3.6900000000000004,59,P-1
WEYCAE,C9 H10 O1 S1,2.0,3.3000000000000003,21,P-1
HEKMOZ,C9 H10 O4,1.0,3.2,23,P21/c
ZARZEA,C7 H6 N2 Se1,1.0,2.35,16,P21/c
OXPBUN10,C22 H19 O4 P1,1.0,4.9,46,P21/c
GUKPOR,"C4 H12 N2 2+,C2 H6 O6 P2 2-",0.5,5.91,18,P21/c
ASOPEE,C23 H26 Cl1 N3 O4,1.0,4.49,57,P-1
ELOJEY,C16 H20 N2 O4 S1,1.0,5.66,43,P-1
BIVZIT,C23 H19 N1,1.0,3.5999999999999996,43,P21/c
KUNYAX,"C4 H9 O3 S1 1-,C6 H6 Br1 Cl1 N1 1+",1.0,4.8500000000000005,17,P-1
MUJWEV,C10 H11 Br2 Cl1 O2,1.0,6.78,26,P21/c
GUSSIY,C30 H32 O1,2.0,6.7299999999999995,63,P212121
VABFOT,"C20 H20 N1 O1 1+,Cl1 1-",1.0,6.0,42,Pc21b
VEMRAI,C19 H20 Br2 N6 O4 S1,1.0,2.82,52,P-1
QOTGOV02,C15 H19 N3 O2,1.0,6.59,39,Pna21
VIHMII,"C14 H11 N2 S2 1-,K1 1+,C4 H8 O2",1.0,5.2,29,P21/a
AYEFOZ01,C22 H21 N5,1.0,4.75,48,P21/n
PECVEA,C17 H18 N2 O2,1.0,5.21,39,P-1
TILPOV,C27 H30 N6,1.0,4.9399999999999995,63,P21/c
DOLMIE,C16 H14 O1 S2,2.0,6.22,33,P21/c
XEMBEA,C10 H13 N1 O3 S1,1.0,3.88,28,P43212
HUYCEM,C11 H20 B10,1.0,7.01,41,P21/c
DAGSAJ,C22 H23 N1 O5,2.0,4.6899999999999995,51,P21212
IJUCIB,C14 H20 N14,0.5,4.9,48,C2/c
AHONUK,"C27 H24 N2 O5,0.5(C2 H6 O1 S1)",2.0,4.81,58,P21/n
OQIDEZ,C20 H32 O3,1.0,3.38,55,P212121
NOZWII55,C25 H28 N6 O1,1.0,3.47,60,P-1
VUBXUP,C14 H14 O4 S2 Se2,0.5,4.09,36,P-1
UPANIJ,"C5 H4 N3 O2 1-,H4 N1 1+",2.0,2.5500000000000003,14,Pca21
PAQSOS,"C26 H25 P2 1+,C1 F3 O3 S1 1-",1.0,4.05,53,P21/n
FUWHOV,C13 H10 B1 N3 O3 S1,1.0,3.38,31,P-1
UJOFOP,C12 H17 N1 O4 S1,1.0,3.06,35,P21
ULEJUT,C29 H22 Cl1 N1 O2 S2,1.0,3.2399999999999998,57,P21
QARXOY,C24 H27 N1 P2,1.0,4.63,54,P21
USOHEQ,C21 H25 N1 O2,1.0,4.46,49,P21/n
IYEFAW,C8 H16 F2 O2,0.5,4.21,28,P21/c
GINNAT,"C16 H10 N2 O8,2(H2 O1)",0.5,6.12,36,P-1
AQASIV01,C13 H10 Br2 N2 O1,0.5,2.2399999999999998,28,P21212
ISUMUG,"C8 H14 N2 O2,C5 H6 O5",1.0,6.67,26,P21
EBIFOL,C14 H13 N1 O1,1.0,4.16,29,Pccn
COWJAB,C2 H4 N2 O4,2.0,5.390000000000001,12,P-1
LIPZOD,C15 H20 O4,1.0,2.87,39,P212121
ZAZHUH,C20 H21 N1,1.0,5.75,42,Pbca
BUBVIE,C22 H18 N2,2.0,6.84,42,P21/n
PODACE,C16 H16 N2 O5 S1,1.0,5.6000000000000005,40,P21
BAQRUJ,"C2 H10 N2 2+,C4 H4 O4 S1 2-",1.0,2.62,14,P21/c
EZAFEQ,C18 H30 N2 O8 S1,1.0,4.3500000000000005,59,P212121
SAYPUE,"C14 H24 N2 O6,C14 H8 N2",0.5,6.2700000000000005,46,P-1
LOZYII04,C14 H17 N3 O3 S1,1.0,3.66,38,P21/n
HANDIM,"C13 H16 N1 O2 1+,Cl1 1-",1.0,2.91,32,P21/c
UTAGUS,C27 H23 N1 O4,1.0,5.44,55,Pca21
ANUXUD,C25 H27 N1 O6,1.0,5.37,59,P21
HUCLEW01,"C8 H4 N2 O8,2(H2 O1)",0.5,2.33,22,P-1
CANDOM13,C21 H30 O2,2.0,3.44,53,P21
HACPAE,C24 H29 N1 O4,1.0,4.3,58,P-1
IJOBOY02,"C14 H18 Ca2 N2 O14,2(C7 H5 N1 O4)",0.5,3.21,50,P21/c
UREDOL,C15 H14 N4 O6,1.0,6.33,39,P-1
WUVXUG,C11 H20 N2 O4 S1,1.0,4.5,38,P-1
BASRIA,C16 H20 N2 O4,0.5,6.3,42,P21/c
MAVGEW01,C15 H11 N3 O2,1.0,5.8,31,Pna21
FUVKOA,C16 H20 O5,1.0,4.24,41,Pbca
YUYGEE01,C9 H10 O3,1.0,4.38,22,P21/c
LIMJEZ,C30 H28 B1 N1,1.0,4.9399999999999995,60,P21/c
LATREH,C21 H19 F3 N2 O6,2.0,3.0,51,P212121
RUVZIV,C19 H22 Cl1 N1 O2,1.0,5.390000000000001,45,P1
QELZEN,C18 H17 N1 O4,1.0,5.48,40,P-1
GAYGES,"C20 H31 N1 O10,H2 O1",2.0,6.11,62,P21/a
RUBWUI,C19 H23 F1 O2 S1,1.0,5.64,46,P21/n
TEJKUO08,"C6 H16 N1 1+,Br1 1-",1.0,3.3099999999999996,23,P212121
TICZOW,"C11 H10 N1 1+,C7 H3 N2 O6 1-,C7 H4 N2 O6",1.0,3.74,22,P-1
JOZSID,C25 H20 Cl1 N1 O1,1.0,7.3,48,P21/n
OJOYES,C25 H20 N2 O1,1.0,3.83,48,P-1
FONVUD,C13 H17 N1 O1,1.0,5.25,32,C2/c
RAWYEX,"C10 H13 N3 O3 P1 1+,Cl1 1-",1.0,4.24,30,P21/c
UWADIH,"C20 H23 N1 O3 S1,C1 H1 Cl3",2.0,2.6599999999999997,48,P21
JUMXAT,C11 H16 O3,1.0,4.46,30,P212121
HOZCUV01,"C18 H14 Br1 N3 O2,H2 O1",1.0,2.94,38,C2/c
YUYZEX,C30 H18 O3,1.0,5.55,51,P-1
WUVSOV,C17 H21 N1 O3,1.0,4.8100000000000005,42,P21/c
MIWYOG,C13 H16 O1,2.0,5.7,30,P21/c
BUVRAM,"H12 Mg1 O6 2+,2(C5 H4 N3 O2 1-)",0.5,2.6,19,P-1
LICVOM,"C10 H8 N2 O2 Se2,2(C12 H10 N2)",1.0,2.16,24,P-1
ANOXUA,"C7 H21 B1 N3 O1 1+,I1 1-",1.0,2.1,33,P21/n
EMADIJ,C17 H13 F1 N2 O2,1.0,5.7,35,Pbca
GOLPOO,C13 H16 F3 N1 O8 S2,1.0,3.9600000000000004,43,P21
TIRZAX,C8 H11 N1 O2,1.0,4.22,22,P21/n
WOBQOW,"C6 H7 N2 O2 1+,C7 H5 O3 1-",1.0,4.05,17,P21/n
SIRKEL,"C6 H14 N1 O1 1+,C7 H5 O3 1-",1.0,5.17,22,P21/c
LACMUA,C30 H26 N2 O1,1.0,4.24,59,P212121
LAXZIU,C6 Cl2 N2 S2,1.0,5.7,12,P21/c
HURQEQ,C32 H22 S5,1.0,4.0200000000000005,59,P-1
VAWZUQ,C20 H23 N3 O5 S1,1.0,3.39,52,P212121
FUWZOQ,"C19 H19 N3 O3,2(C9 H6 O6)",1.0,6.569999999999999,44,P21/c
BILKIT,"H4 N1 1+,C7 H16 N2 2+,3(Cl1 1-)",1.0,4.93,25,P21
NAGHOT02,C14 H8 N4 O5,1.0,4.88,31,P21/c
IYEQEM,"C10 H17 N6 S1 1+,C3 H3 O4 1-",1.0,6.710000000000001,34,P21/c
TUQGES,C21 H20 N2 O3,1.0,5.41,46,C2/c
VACWUW,"C5 H10 N10 2+,2(Cl1 O4 1-)",1.0,6.1899999999999995,25,P-1
FUJSUZ,C15 H23 N1 O3,1.0,4.12,42,P-1
TORCIP,C17 H18 N5 P1 S1,0.5,2.8400000000000003,42,P21/m
UXIKIW,C19 H18 N2 O3 S1,1.0,7.11,43,P21/c
XOXDUK,C9 H14 N2,1.0,4.44,25,I41/a
JUDCOE,C17 H18 O3,1.0,3.8,38,P21/c
HOHROO,"C22 H13 F1 N2 O1,C1 H2 Cl2",1.0,7.1,39,P21/n
HAQHIQ,C24 H28,0.5,5.2,52,C2/c
ZEYGEP,"C19 H18 P1 1+,C1 H15 B10 Si1 1-",1.0,4.5,38,P212121
XANGAU,C12 H12 N2 O4,0.5,5.3,30,Pnma
LEYMAH,C26 H14 Br1 N1 O2,1.0,3.37,44,P21/c
TUJQOG,C16 H19 O1 P1,1.0,4.43,37,P21
CIXGIZ,C16 H22 O4,0.5,3.6,42,A2/a
GEPPIA,C4 H4 F3 N1 O3,1.0,3.81,15,P21/n
DUBPAV,C22 H26 F1 N1 O1 S1,1.0,6.64,52,P21/c
DARMUI,C22 H24 N2 O2,1.0,4.12,50,P21
EWAKOF,C11 H17 Cl1 N2 O2 S1,1.0,4.68,34,P21/c
LUQQEW,"C2 H4 O2,Cl1 1-,C16 H36 N1 1+",1.0,6.52,53,Pccn
TILZOF,C21 H21 Br1 N2 O2 S1,2.0,2.86,48,P21
ABACAI,C16 H15 N1 O1,2.0,7.0200000000000005,33,P-1
NOGDES,"C24 H22 S6 2+,2(I3 1-)",0.5,3.46,52,P-1
REMWAH,C19 H13 Cl1 O1,1.0,5.63,34,P-1
SOMNAN,"C8 H11 N4 1+,I1 1-",1.0,3.16,23,P21/c
SOTVIH,C21 H18 N2 O1,1.0,4.36,42,P-1
WAKDOB01,"C18 H25 K1 O19,2(H2 O1)",1.0,3.8600000000000003,63,P212121
DUSQEP,C26 H23 N1 O11,1.0,3.6999999999999997,61,P21
AXEBAK,C20 H22 O3,1.0,4.12,45,P21/n
SERZEU13,C12 H8 N2 S1,2.0,5.36,23,Pca21
BAMZAT,C11 H13 N1 O2 S1,1.0,3.53,28,P212121
YUHQUQ,C28 H26 I2 N1 O2 P1,1.0,5.01,60,C2
PITZIE,C16 H14 O2,1.0,4.2700000000000005,32,P212121
UYIGUF,C15 H27 N1 O4,1.0,3.7800000000000002,47,P212121
ONEMEA,C22 H20 F2 N2 O5,2.0,3.2,51,P212121
JIPGEX,C15 H10 Cl1 N1 O3 S1,1.0,4.33,31,P21/n
UJORAM,"C10 H8 N2,2(C6 H4 N2 O5)",0.5,4.7,20,Pbcn
ISOSOY,"C14 H27 N2 O4 1+,Cl1 O4 1-",0.5,4.09,47,C2/c
RUMDUC03,"C22 H19 N6 1+,Cl1 1-",1.0,1.23,47,C2/c
MOMJOP,C21 H17 N1 O3,1.0,5.680000000000001,42,P21/c
YECWEI,"C4 H11 N1,0.5(H2 O1)",2.0,7.4,16,P21/c
YIHGIF,C24 H16 Se3,1.0,6.55,43,P21/n
FEVSOQ,C24 H30 N2 O3,1.0,2.79,59,P212121
KUNLAK,C10 H9 F3 N2 O4,1.0,2.17,28,P21
LEHQEU,C21 H26 O2 S1,1.0,4.5,50,P212121
TAJHEW,C20 H16 N1 O2 P1,2.0,7.22,40,P-1
XIRQUM,C13 H12 N2 O7,1.0,4.02,34,P21/c
MUPWAX,C21 H18 N4 O2,1.0,5.140000000000001,45,P21/c
JOKWOY,C19 H18 N2 O3,1.0,4.09,42,P21/n
FIDBUR,C16 H14 Cl4 O1,1.0,3.36,35,P212121
XUKNIE,C18 H21 N1 O3,2.0,4.4799999999999995,43,C2
BEFRIQ,C24 H20 N2 O1,2.0,6.61,47,P-1
SILLEE,C20 H25 N1 O3,1.0,6.1000000000000005,49,P21/a
KELKAO,"C11 H13 N2 O2 1+,H1 O3 Se1 1-",1.0,3.46,28,P212121
IKOTEL,C28 H22 F3 N1 O3,1.0,4.87,57,P21/c
EPUPUB,"C10 H8 N2,2(C7 H6 O3)",1.0,6.32,20,P21/c
QATXEP,C10 H13 F2 N3 O1,1.0,4.03,29,P21/c
AVURAO,C14 H22 N2 O1 S2,1.0,3.63,41,P-1
FIGWOH,C14 H8 F3 N1 O1 S1,1.0,4.3,28,P21/n
HUCROQ,C28 H20 O4,1.0,4.43,52,P21/c
JOHKAV,"C7 H14 N3 1+,C2 H2 N3 1-",0.5,5.7,24,C2/c
HUGRAD,C23 H23 N1 O5,1.0,3.7800000000000002,52,P21/c
HOLSUA,C33 H16,0.25,4.54,49,Ccca
HEHZOJ,C21 H16 N2 O1,1.0,3.7,40,P-1
SOSLIV,C22 H20 N2 O2,1.0,6.4,46,P21/n
KAXREJ,C19 H18 F2 O2,1.0,3.18,41,P43212
NUFMIO,C21 H14 N4 O2,1.0,5.94,41,P-1
FAQKOB,"2(C26 H33 N1 O2),C6 H6 O6",1.0,4.87,62,P21
WAJTUB,C21 H29 N3 O4,1.0,3.2,57,P212121
ETEYUX02,C13 H11 N1 O2,1.0,6.18,27,P21/c
BUFBAJ,C17 H24 F1 N1 O4 S2,1.0,4.29,49,P-1
CADZEP,C31 H27 B1 O4 S1,1.0,5.9799999999999995,64,P21/c
VUSSOS,C19 H12 F1 N1 O1,2.0,6.92,34,P-1
ICEREQ,C18 H22 N2 O1,1.0,4.16,43,P2/c
BORCUG,C17 H17 B1 O2,1.0,4.6000000000000005,37,P-1
COBKUZ,"C8 H14 N1 1+,C2 H3 O2 1-",1.0,4.8500000000000005,23,C2/c
HAPXON,C28 H25 N3,1.0,5.97,56,P21/c
FURVEV,C23 H19 N3 O3 S1,1.0,4.04,49,P21/c
YIFJOQ,C16 H18 Cl2 N2 O4 S1,1.0,4.15,43,P-1
LACGII,C5 H8 N4 O1,1.0,4.5,18,P212121
BUYTAR,C30 H27 N1 O3 Se1,1.0,4.92,62,P21/n
TABDEI,C12 H11 N1 O3,1.0,3.82,27,P21/n
SOXMIF,C28 H25 N1 O4,1.0,6.68,58,P-1
AKALIJ,C16 H11 Br1 N2 O4,1.0,3.54,34,P21/c
PAQJIE,C23 H17 N1 O4,1.0,3.2800000000000002,45,Cc
OYAJIK,C25 H19 Br1 F1 N3 O6,1.0,3.2199999999999998,55,P212121
VUKRAY,C31 H21 N3 O1 S1,2.0,7.430000000000001,57,P-1
TECPAT,C21 H25 N1 O3,1.0,4.2,50,P212121
ZEYROM,C19 H24 N2 O4,1.0,3.3099999999999996,49,P212121
HUXYAC,C12 H13 Br1 O3,1.0,2.85,29,P21/c
PABMIS,C28 H28 O6,1.0,4.58,62,P21/c
JUSXIG,"C18 H38 N4 2+,2(Cl1 O4 1-)",0.5,3.25,60,P21/c
EXUHAJ,"C24 H32 O8,C14 H24 N1 O3 1+,C3 H6 O1,F6 P1 1-",2.0,3.8899999999999997,64,P-1
XAYZUW,C17 H14 N2 O2,1.0,5.37,35,P21/c
HITBEV,"C22 H14 Br1 N3 O4,H2 O1",1.0,2.8000000000000003,44,P212121
JOWPIY,C21 H12 F6 N4,1.0,5.7,43,P21
QULFIO,C22 H34 O6,1.0,3.05,62,P212121
NIWPUI,C18 H21 N1 O2 S1,1.0,4.99,43,P21
AWEZIP,C21 H14 B1 F2 N1 O2,1.0,5.5,41,P212121
EVAYAE,C30 H23 N1 O2,1.0,5.27,56,P-1
TOFPUD,"C6 H6 N6 O2,C7 H6 O4,C1 H4 O1",1.0,4.02,20,P-1
TUJMOC,C20 H14 Cl1 N1 O1,1.0,3.32,37,P21
URIYIG,C29 H33 N1 O1,1.0,5.680000000000001,64,P-1
HOMZOZ,C13 H12 N2 O1,2.0,5.65,28,P21/c
SOWFAO,"C9 H6 O6,C3 H8 O1",2.0,5.64,21,C2/c
OKITUA,C22 H17 N1 O5,1.0,3.65,45,P21/n
GEKTIZ,C15 H12 N3 P1,1.0,4.6000000000000005,31,P21/c
MOSMIR,"2(C3 H5 N2 S1 1+),C4 H4 O4 2-,C4 H6 O4",0.5,2.65,14,P21/n
XILREP,C23 H20 N4,0.5,4.09,47,C2/c
ZOZRAL,C20 H19 N3 O3,1.0,7.33,45,P21/c
XETJOZ,C14 H25 B1 O4,1.0,4.97,44,P-1
UGEKID,"C8 H4 N1 O6 1-,C4 H8 N5 1+,H2 O1",1.0,4.7,19,P21
XUXBAV,C27 H29 Br1 O2,1.0,4.109999999999999,59,P-1
WOTMAV,C20 H16 Br1 N1 O2,1.0,4.590000000000001,40,Pbca
LUQWID,C16 H10 N2 O2,1.0,3.68,30,Pna21
YIDCAR,C6 H10 N2 O1 Se1,1.0,4.44,20,Pbca
VUTPOS,"C23 H23 N4 O2,H2 O1",1.0,5.779999999999999,52,P21/n
PEYBEB,C30 H24 N2 O2,1.0,4.15,58,P21/c
TEFDAM,C15 H16 N4 O1,1.0,3.6700000000000004,36,P-1
QULGUD,C20 H18 Cl1 N1 O1 S8,1.0,2.32,49,P212121
REMRAE,C14 H17 N1 O2,1.0,4.46,34,P21/c
TEKCEU,"C25 H20 N2 O2,H2 O1",1.0,4.87,49,P21/c
KERVAF,C16 H16 O6,1.0,4.62,38,P21/c
YACKIB,C22 H23 F1 N2 O5,1.0,4.0,53,P21/c
PORXUR,C28 H22 N2 O2,1.0,4.9799999999999995,54,P-1
VOPKOD,C9 H13 N5 O4,1.0,4.77,31,P21/c
LITNOV,C23 H27 B1 N2 O5,1.0,3.4099999999999997,58,P21/c
HAGLUA,C16 H13 N1 O2,1.0,4.07,32,P21/c
ANILUH,C17 H18 N4 O6 S1,1.0,4.49,46,P21
EDEWUA,C18 H23 N3 O3,1.0,6.03,47,P-1
YAQHEH,"C28 H18 Br4 N4,2(C8 H10)",0.5,5.140000000000001,54,Pbca
DUJSUA,C16 H14 N2 O4,1.0,5.29,36,P21/n
IZEBOI,"C22 H21 B1 N2 O3,C1 H1 Cl3",1.0,6.9,49,P21/n
IXAGIX,C12 H8 N4 O1,1.0,5.41,25,P21/n
WUSDEX,C11 H14 N2 O2,1.0,6.12,29,P21/n
KISTIT,C26 H21 Br3 O2,1.0,6.63,52,P21/c
MAYTIT,"C13 H18 N1 O1 1+,C7 H7 O3 S1 1-",1.0,5.41,33,Pbca
YALCUM,"C7 H15 F1 N1 O3 1+,Cl1 1-",1.0,1.69,27,P212121
ROXMEY,C24 H30 N6 O2,0.5,4.38,62,P-1
TEWRIW,"C2 H16 B10 N1 1-,C14 H19 N2 1+",1.0,4.7,35,P21/c
BIVBEP,C23 H32 O4,1.0,5.52,59,C2/c
IRAMAS,C12 H8 Cl1 N3,1.0,3.01,24,Pbca
HOKCEP02,C15 H15 N1 O1,1.0,2.95,32,P21
OKEFUJ,C20 H17 N1 O5,1.0,4.2299999999999995,43,P-1
CALKOQ,C5 H10 N2 O2,1.0,5.32,19,P212121
VISHUD,C13 H24 O2,2.0,6.38,39,P-1
VOHTUJ,C24 H16 Br1 N3 O4,1.0,3.6799999999999997,48,P21/c
DIBENZ15,C14 H14,0.5,3.6700000000000004,28,P21/n
YOYWEP01,C18 H19 N1,1.0,3.91,38,C2
BPYRDB08,"C10 H10 N2 2+,2(Br1 1-)",0.5,5.11,22,P-1
RIVMIV,"C7 H10 N2,C6 H5 Br1 O1",1.0,4.92,19,P21/c
YIWZEN,C11 H16 N5 O4,1.0,4.01,36,P21/c
LAJKOX,C7 H15 N3 O2,1.0,4.25,27,P21/c
DORKOO,C17 H20 F1 N1,0.5,3.7900000000000005,39,Pnma
AZOSAK,C16 H13 Cl1 O3 S1,1.0,4.0200000000000005,34,P-1
NEMJUO,C15 H12 N2 O1,1.0,5.19,30,P21/c
ECEWUE,C21 H28 O2,1.0,5.49,51,P-1
BOKJAQ,C21 H26 N2 O4 Si1,1.0,3.54,54,P212121
KITBEX,C32 H20 Br2 O2,0.5,4.6,56,Aba2
UKOQUK,C28 H24 O7 S2,1.0,3.46,61,P-1
UCOHAZ,"C16 H24 N6 O8,H2 O1",1.0,5.11,54,P21/c
NOZCIQ,C10 H13 N3 O2,1.0,5.87,28,P21/c
VUCXOH,"C6 H8 N1 O1 1+,Cl1 O4 1-",1.0,1.96,16,P21
QUCPAJ,C27 H30 O4,1.0,3.8699999999999997,61,P212121
XIMJOT,C9 H15 N3 O3,0.33,3.45,30,R-3
NIXPET,C23 H19 F3 N2 Se1,1.0,6.08,48,P-1
UZOLUU,C23 H17 F2 N1 O5 S2,1.0,3.2199999999999998,50,P-1
IZUCEP,"C15 H9 O5 1-,C4 H12 N5 1+,2(H2 O1)",1.0,5.08,29,P-1
XITHEP01,C18 H10 O4,1.0,3.7699999999999996,32,P212121
SUMLOD,"C16 H22 O7,0.13(H2 O1)",1.0,3.0700000000000003,45,P212121
XIGNUX01,"C20 H24 O6 Rb1 1+,I3 1-",2.0,4.87,51,P21/n
GIHCIL,"C20 H30 O5,C8 H8 O4",1.0,4.01,55,P21
RIZCIN,C16 H14 O4,1.0,4.5600000000000005,34,P21/c
NEDQIW,C24 H30 O8,2.0,5.07,62,P-1
CIYNOR,C32 H8 B2 F20,1.0,5.59,62,P21/c
XILPUD,C16 H14 N4,0.5,3.8200000000000003,34,Pbca
NARYAI,C15 H6 Cl1 F3 N2 O1 Se1,1.0,4.98,29,I41/a
LIMHIZ,C27 H21 Cl1 N2,2.0,6.8,51,P212121
IPACAH,C32 H26 B1 N1 O1,1.0,5.9799999999999995,61,Pna21
QUZNIJ,C12 H10 N2 O2 S1,1.0,4.8100000000000005,27,P21/c
CAYYUW,C23 H19 N2 O3 P1,1.0,3.5,48,P-1
MUSZIM,"3(H1 B1 O3 2-),3(H1 O1 1-),5(Sr1 2+),F1 1-",0.5,3.8,5,P21/m
LILXAJ,C23 H16 F1 N1 O1,1.0,2.9899999999999998,42,Pna21
DOQWEN02,C13 H12 N2 O3,1.0,3.49,30,P212121
KEPGAO,C10 H10 N2 O2,1.0,4.24,24,P21/c
FITZIS02,C15 H22 O2,2.0,3.9699999999999998,39,P43212
VOJNIU,"C18 H21 F1 N2 O2,H2 O1",1.0,4.05,44,P21/c
SECXOQ,"C4 H4 I1 N1 O2,C6 H4 N2",1.0,2.13,12,C2/c
WISNAN04,"2(C10 H9 N2 1+),C10 H4 O8 2-",0.5,3.39,22,P-1
IVOQAO,"C12 H14 F2 N1 O3 1+,H2 O1,Cl1 1-",2.0,4.42,32,P21
INAGEN,C28 H18 F2 N2,1.0,4.09,50,P-1
VIPNOX,"C9 H18 N1 1+,Cl1 1-",1.0,3.3000000000000003,28,P-1
UHAZEI,C22 H16 N2,1.0,4.9,40,P21/c
EVECIV,C10 H18 N4 O2,1.0,6.01,34,P21/n
KETZUI,C10 H6 N8 O8,2.0,6.4799999999999995,32,P-1
GAQDEH,C13 H25 N4 O5 P1,2.0,4.23,48,P-1
JINQUW,"C20 H12 N2 O2 S2,2(C2 H6 O1 S1)",0.5,2.6100000000000003,38,P21/c
PTRPHE15,C18 H15 P1,1.0,5.050000000000001,34,P21/c
UHEMIH,C28 H23 N1 O1 S2,1.0,6.77,55,I41cd
XENSUF,C12 H10 O3,2.0,6.6000000000000005,25,P-1
SEQHAX,C18 H20 N2 O1,1.0,4.3,41,P21/n
WUBDAY01,C14 H16 N2 O6,1.0,4.23,38,C2/c
VUYZOI,"C6 H6 N2 O3,2(C6 F4 I2)",1.0,2.46,17,P-1
XIVHET,C29 H31 Br1,1.0,6.05,61,P21
TUVWUD,C12 H7 F3 O2,2.0,5.03,24,P21/c
FAPYAW,C14 H29 B3 N4 S2 Si2,1.0,4.6000000000000005,54,P212121
QEQZAR,C6 H3 N5,1.0,4.72,14,C2/c
YEYVED,C10 H9 N1 O3 S4,2.0,5.5,27,P-1
DOMSUT,C13 H9 N1 O5,1.0,3.9,28,P-1
DILKUH,C23 H15 F3 N2,1.0,4.31,43,P21/c
XUJPEZ01,C28 H14 N4,0.5,4.109999999999999,46,C2/c
FUSXOK,"C2 H5 F3 N1 1+,N5 1-",1.0,5.18,11,P-1
HAXQEG,C16 H13 N1 O4,1.0,4.72,34,C2/c
YOZDAW,"C14 H28 N2 2+,2(B1 F4 1-)",0.5,3.5900000000000003,44,P21/c
BEDCUK,C20 H28 O6 S2,2.0,3.81,56,P21
BIBNIL,C18 H20 O2,1.0,2.54,40,P212121
JIDXED,C10 H14 O2,1.0,3.3000000000000003,26,P21/n
QAKVII,"C7 H13 N2 O1 1+,C24 H20 B1 1-",1.0,4.03,45,P-1
CABNIE,"C14 H8 O4 S2 2-,2(C5 H7 N2 1+),2(H2 O1)",0.5,3.94,28,C2/c
OZASAN,C9 H9 I1 N2 O2,1.0,2.09,23,Ccca
SAWTUG01,C15 H10 Br1 N3,1.0,1.5699999999999998,29,Pna21
TEDZIO,C23 H31 N1 O7,1.0,2.58,62,P21
BISFAN,C13 H9 Br1 N2 O1,1.0,2.5100000000000002,26,P21/c
EQADOS,C16 H15 N1 O2,1.0,3.6700000000000004,34,P21/n
XAHYUD,C26 H34 Si4,1.0,4.99,64,P21/n
DEQGAK,"C7 H9 Cl1 N3 O4 S2 1+,C6 H4 N1 O2 1-",1.0,5.33,26,P212121
CEWZOX,"C7 H8 O3,C8 H12 N2,C7 H10 N2",1.0,5.319999999999999,22,P-1
EXUFOS,"C21 H24 F1 N2 O2 1+,Cl1 1-,C3 H8 O1",1.0,2.47,50,P21
CLANIC05,C6 H6 Cl1 N1,0.5,2.6,14,Pnma
DULHAU,C17 H15 N3 S2,1.0,2.82,37,P21/c
APISOI,"C25 H22 N3 O1 1+,Br1 1-",1.0,3.75,51,C2/c
FATJOD,C31 H28 O1,2.0,6.619999999999999,60,P21
VUZBUQ,C29 H25 N3 O1,1.0,4.63,58,P21/n
KABQIS,C21 H26 B2 O5,1.0,4.41,54,P212121
JOQSAM,C23 H18 O3,1.0,5.8999999999999995,44,Pna21
YEBJAU,C26 H23 B1 N2 O2,1.0,4.3,54,Pca21
VEYYII,C9 H10 O3,1.0,5.15,22,P21/c
SENJIF02,"C20 H24 Cl1 N3 O1 2+,2(H2 O1),2(Cl1 1-)",1.0,4.37,49,P21/n
GALJEJ,C20 H21 N3 Se1,1.0,2.74,45,C2/c
WONLIV,C16 H18 N2 O3,1.0,3.17,39,P32
XASWIY,C24 H30 N2 O5,1.0,4.15,61,P21/n
DELDEG,C26 H27 N3 O4 S1,1.0,3.42,61,P32
HPXPSA,"C14 H12 O3 P1 S1 1-,C4 H12 N1 1+,H2 O1",1.0,5.6000000000000005,31,P21/c
NANVII,C19 H28 N2 O5,1.0,6.78,54,P212121
LABVES,C27 H22 O6,1.0,4.43,55,P-1
XUTPEL,"C27 H21 O2 P1,C1 H1 Cl3",1.0,5.45,51,P-1
DIPYOQ,C27 H24 N2 O5,1.0,4.73,58,P21/c
IZUWOQ,C17 H20 O2 S1,1.0,4.0600000000000005,40,P21/c
TUQMUR,C12 H11 Cl1 O2,1.0,3.3099999999999996,26,C2
HELJUF,"C14 H6 O8 S2 2-,2(C1 H6 N3 1+),H2 O1",1.0,4.23,30,P21/c
YIKQUG,"C6 H2 Br2 O4,C6 H6 Br1 N1",1.0,3.93,14,P21/c
CONZOV,C23 H19 Cl2 N3 O1,1.0,5.14,48,P21/c
ZOZWUG,C12 H13 Cl1 N4 O5,1.0,3.97,35,P21/c
ABACUG,C17 H15 F3 N2 O2 S1,1.0,3.44,40,Fdd2
KAQFEP,C23 H25 N1 O5,1.0,3.36,54,P212121
SUFDEE,C16 H17 N1 O2 S1,1.0,3.61,37,P21/n
NAYBEV,C14 H15 N1 O1 S6,1.0,5.83,37,P212121
DEFVET,C29 H22 Cl1 N3 O2 S1,1.0,3.73,58,P21/n
LOKBAO,C18 H15 F3 O4 S1,1.0,4.1,41,Pbca
KOWFIP,C30 H12 F9 N3 O3,1.0,5.62,57,P21
YETCIN,C23 H23 Br1 O5,1.0,5.0200000000000005,52,P21/n
WUJXIJ,C24 H20 O2,1.0,5.2,46,Fdd2
KECHIJ01,C3 H6 N2 O1 S1,2.0,4.3115,13,P-1
FOYVIC,C15 H15 O2 P1,2.0,3.27,33,P21
KOMLUU,C20 H27 N1 O3 S1,1.0,5.4,52,P21/c
CIXPOR,C10 H8 Cl2 O4,1.0,3.88,24,P21/a
LINCOM03,"C18 H35 N2 O6 S1 1+,H2 O1,Cl1 1-",1.0,2.63,62,P21212
HOHCOW,C24 H2 B2 F20,1.0,5.84,48,C2/c
BUQNUY,C22 H22 O1,1.0,5.0200000000000005,45,P-1
KOWKUE,C15 H10 O3 S2,2.0,4.88,30,P21/c
QIBREY,C14 H13 Cl1 O2 S1,1.0,5.91,31,P21/n
TATJOP,C24 H24 N3 O3 P1,1.0,3.7800000000000002,55,P21/c
BADVIO,C15 H16 N4 O4 S1,1.0,4.4799999999999995,40,P212121
MOBDAJ,C15 H11 Cl1 O3,1.0,4.0,30,P212121
GEQYOR,"C2 H1 N2 O2 1-,Cs1 1+",1.0,2.34,7,P212121
LELGUG,C28 H21 Br1 N2 O3,1.0,4.15,55,P212121
UCEPAU,C6 Cl3 I3,1.0,2.85,12,P-1
NACMOT,C16 H14 N1 O1 P1 S1,2.0,5.5,34,P21/c
YOCNEN,C21 H21 N1 O4,1.0,4.44,47,P-1
NISBEA,C31 H19 N1 O3,1.0,4.44,54,P-1
QAQLUP,C13 H28 N2 O3 Si1,1.0,5.63,47,P212121
GATZAD,C9 H11 Br1 N2 O3,1.0,3.66,26,P21/c
BULKEA,"C10 H8 N4,C6 F4 I2",0.5,3.53,22,P-1
QECGOY,C3 H6 B1 F3 O3,1.0,2.5,16,P21/n
AYISUA,C23 H19 Br1 N2 O3,2.0,3.6999999999999997,48,I2
DISDER,C21 H20 N2 O2,1.0,4.760000000000001,45,P21/c
NULVEW,C7 H5 Br2 N1 S1,1.0,4.58,16,P21/c
GAPMOA,C22 H23 N1 O4 S1,1.0,3.41,51,P21/c
WUFSUO,C21 H22 O3,2.0,2.69,46,P212121
TAHPIB,C6 H5 Cl3 O5,1.0,3.3000000000000003,19,P21/c
OMULAK,C20 H26 O4,1.0,3.3200000000000003,50,P21
NEQSIO,C17 H14 O3,1.0,5.48,34,P21/c
DOTNUW,C18 H20 O2,2.0,4.8,40,P21/c
TOVKEY,C16 H17 Cl1 O1,1.0,3.16,35,P212121
UWEZIJ,C25 H23 I1 N2 O4 S1,1.0,4.55,56,P21/c
UMOKUF,"C19 H23 N2 O2 1+,H2 O1,Cl1 1-",1.0,3.7900000000000005,46,P212121
JUKSEN,C14 H18 O2,1.0,5.47,34,Pbca
JOYCUV,C15 H20 O2,1.0,6.5200000000000005,37,P21
FEXHAV,"C1 H2 N7 O2 1-,H5 N2 1+",2.0,3.1199999999999997,12,P21
FOLTEF,C17 H24 O5,1.0,5.72,46,P21/c
IYOREU,C17 H21 I1 N4 O2,2.0,2.83,45,P21
WEVXIF,C22 H18 N1 O1 P1,1.0,5.37,43,P21/c
TMTOLP11,C21 H21 P1,1.0,4.47,43,Pbca
IDUQEE,C11 H8 N2 O2 S1,1.0,4.0,24,Pbca
QIJYEN,C6 H13 N1 O5,1.0,3.0,25,P21/n
ZUNVEN,C11 H10 N2 O4 S1,2.0,4.95,28,C2
LAGXUM,C16 H18 O5,1.0,5.01,39,Pca21
WOQFUG,C17 H18 Br1 N1 O1,1.0,3.51,38,P21/c
CRBZOL13,C12 H9 N1,0.5,5.79,22,Pnma
SILSAI,C23 H24 N2 O2,0.5,3.79,51,Pmn21
XEBPID,"C8 H20 N1 1+,C7 H5 O2 1-,C1 H4 N2 S1",1.0,4.92,29,P212121
LOLQAF,C18 H36 N5 O3 P1,1.0,4.2,63,P21/c
IFOKUM,C20 H18 N2 O2 S2,1.0,3.2099999999999995,44,C2/c
DUZDUX,C18 H18 N2 O2,1.0,5.2,40,P22121
POGWAN,C11 H7 F1 N2 O1 S1,1.0,5.21,23,P21/c
YOBHII,C15 H25 N1 O6,1.0,3.26,47,P21
VETFOS,C15 H13 N1 O3,1.0,5.47,32,P21/c
LULQIV,"C14 H10 Cl2 N1 O2 1-,C5 H7 N2 1+",1.0,4.65,29,P21/c
PIRNOW,C21 H20 O3,1.0,4.87,44,P21/c
QULCIM01,C18 H14,1.5,4.38,32,P21/c
EMOBIS,C18 H14 O1,1.0,4.48,33,P21/c
ROKLIN,C16 H11 F3 O4 S1,1.0,5.67,35,P21/c
IZUQUS,C28 H24 O4 S1 Se1,1.0,3.49,58,P-1
BUVFAA,C20 H17 Br1 F1 N1 O2,2.0,5.0,42,P-1
IHOWUZ,C13 H10 N2 O1,1.0,4.75,26,P21/c
REJLIF,C10 H10 N2 O1,1.0,4.9799999999999995,23,P21/c
UTOMUM,"C13 H19 F1 N1 O1 1+,C11 H13 Cl1 O4 P1 1-",1.0,4.48,35,P21
GIPRUT,C24 H25 I1 Te1,1.0,3.5,51,P21/n
WIGNOR,C16 H25 Cl2 N1,1.0,4.8500000000000005,44,P212121
JENZAG,C13 H8 N2 O3,1.0,5.220000000000001,26,Cc
FATWII,C22 H21 N1 O4 S1 Si1,1.0,4.72,50,P21/c
MIPHIF,C17 H21 N1 O1,1.0,5.390000000000001,40,Pbca
VINJOR,C8 H4 N4 Se4,1.0,6.2,20,P21/n
BBZCPO03,C19 H18 O1,1.0,6.11,38,Pbca
JOFKOI,C19 H17 N1 O4,1.0,3.61,41,C2/c
ASUPUB,"C14 H26 N6 O2 2+,2(F6 P1 1-),H2 O1",1.0,4.89,48,P-1
XAJNOM,C16 H14 Cl1 N3 O1,1.0,5.11,35,P212121
QAXVAP,C16 H25 N1 O2,1.0,3.7900000000000005,44,P21
CRBAMP30,"C1 H4 N2 O1,H3 O4 P1",1.0,3.48,8,Pbca
CEYZAI,C22 H24 N2 O7,1.0,5.3500000000000005,55,P-1
TEZKOB,C12 H6 F4 N2,1.0,4.82,24,Pna21
LUMVIZ01,C12 H18,1.0,5.55,30,P21/c
YECJAS,"C12 H8 N4 O1,C10 H10 O6",1.0,3.74,26,P-1
QUCXAP,C19 H23 B1 Br1 N1,1.0,3.64,45,P21/c
ETEZUY,C20 H23 N5,1.0,4.8500000000000005,48,P21/c
KABJED,C6 H6 N4 O2 S1,1.0,5.42,19,P21/n
EROMAB,C8 H15 N1 O3,1.0,3.6799999999999997,27,Pbca
YEWZOQ,C12 H18 N2 O2,1.0,6.5,34,P21/a
UKUCAE,C18 H19 N1 O3 S1,1.0,3.38,42,P212121
POGBEU,C17 H14 N2 O1,1.0,5.09,34,R-3
KEDJEI01,C17 H13 N1 O2,2.0,4.93,33,P21/n
RASTAJ,C21 H30 N4 O1,1.0,4.72,56,P21/c
ETONAC,C13 H13 N1 O3 S1,1.0,5.5,31,P21
VUZZUM,"C26 H28 I1 N1 O4,H2 O1",1.0,3.6,60,P21
RUFLOV,C11 H11 Cl1 O1,1.0,3.02,24,P212121
UWABIH,C15 H14,1.0,2.6100000000000003,29,Cc
ZUDCUW,C12 H11 F3 O2,1.0,5.13,28,P21/n
PUMFAG,C16 H18 O3,1.0,4.9799999999999995,37,P21
KISLIL,C21 H24 N2 O5 S1,1.0,6.09,53,P21/c
REJKAV,"C10 H12 N3 1+,C7 H4 N1 O5 1-",1.0,5.9799999999999995,25,P21/c
GIBZUQ,C18 H6 B1 F9 O3,2.0,3.56,37,P21/n
SIQWUM,C8 H15 N1 O7,1.0,3.45,31,P21
PEBZEB,C20 H26 O8,1.0,4.14,54,P-1
BUWJIQ,C22 H16 F9 N1,1.0,5.12,48,P-1
TORFUF,C14 H14 Cl1 N1 O1,1.0,3.4099999999999997,31,P21/c
VIHBEW,C22 H24 N2 O3 S1,1.0,3.0,52,P-1
NEWJAC,C27 H23 Br1 N2 O2,1.0,5.99,55,P212121
QAJQAV02,C6 H5 N5,1.0,3.46,16,P21/n
MEHKOZ,"C10 H13 I1 O4 S1,C1 H2 Cl2",1.0,3.45,29,C2/c
QINTUF,C13 H11 N3 O2,1.0,3.5700000000000003,29,P21/c
JODJES,C12 H15 N1 O4,1.0,4.03,32,P-1
GUZFIS,C28 H31 N1 O2,1.0,4.19,62,P21
WAKKUP,C25 H26 B1 N1 O2,1.0,5.46,55,P21/n
OBIREX,C15 H18 O5,1.0,4.24,38,P212121
ASIMIZ,C24 H27 N1 O5,1.0,5.92,57,P21
ZEVQOG,C11 H16 O6 S1,1.0,7.22,34,P212121
MEPMAY,"C14 H22 Ca1 N8 O8,2(C7 H8 N4 O2)",0.5,4.72,53,P-1
RISDAB,"C14 H14 Br2 N1 O1 1+,C6 H2 N3 O7 1-",1.0,5.57,32,P-1
MUGCAS,C20 H21 N1 O4 S1,1.0,5.3100000000000005,47,P21
ROYYIP,C25 H32 Cl1 O2 P1,1.0,6.29,61,P212121
QAHFUE,C34 H26 N2,0.5,4.64,62,C2/c
POZKUN,"C23 H21 N4 O2 1+,Cl1 1-",1.0,3.37,50,P-1
DELPIU,C16 H28 N6,1.0,4.7,50,P21/c
SIXNAQ,C8 H2 Cl2 N6 O2,1.0,3.8899999999999997,20,P21/c
JUGVOZ01,"C7 H9 N2 O2 1+,H2 O4 P1 1-",2.0,4.36,20,P1121
CONZUA10,C17 H14 O5,1.0,5.2,36,P21/n
BAHZUK,C10 H24 B20 F2,0.5,6.4799999999999995,56,P21/c
OZEZAV,C31 H25 P1,1.0,4.55,57,P21/c
TIWHAI,C17 H21 N1 O1,1.0,5.0,40,P212121
YIFNIN,C20 H30 O3,2.0,6.41,53,P21
DPDBCB,C30 H24 O2,1.0,5.7,56,P21/c
DIHFIK,C22 H19 N1 O6,1.0,6.74,48,P-1
GIKQEZ03,"C12 H8 N2,C6 Br2 F4",0.5,2.94,22,P21/c
DARVEX,C26 H36 N2,0.5,6.13,64,P21/c
MOXSOI01,"C20 H13 F3 N4 O2 S1,0.5(C4 H6 O4)",2.0,4.72,43,P-1
OJAPAR,C24 H24 N2 O1,1.0,5.88,51,C2/c
VEQPEN,C14 H10 F13 I1 O2,2.0,5.4,40,P21
CICSAJ,C16 H13 Br1 O2,2.0,3.37,32,P-1
GUGTOU01,C9 H9 N3 O5,1.0,3.7800000000000002,26,P212121
ENIGOY,C14 H10 N2 O1,2.0,5.83,27,P21
QIWWIG,C26 H20 O3,1.0,4.65,49,P21/c
GUQXIB,C16 H13 N1 O4,1.0,3.5999999999999996,34,C2/c
IDOQOI,C13 H8 Cl3 N3 O1,1.0,3.9,28,P21/c
SAYKUZ,C24 H18 I2,1.0,4.66,44,P21/n
LARSEC,C10 H28 Si3,1.0,4.6000000000000005,41,P21/c
GUTNOY,"2(C7 H5 N1 O5),C4 H8 O2",0.5,3.43,18,P21/c
IVIZAQ,C12 H15 N1 O2,1.0,3.44,30,P212121
VAPMEF,C10 H20 O6,1.0,4.79,36,Pbca
UWONIH02,C8 H10 N4 O2,1.0,3.7800000000000002,24,P21/c
EDARUZ,C16 H15 F2 N3 O1,1.0,5.92,37,P21/c
HODBIO,C18 H11 F3 O4,1.0,6.77,36,P-1
MEGJAJ,C12 H26 O3,1.0,4.53,41,P-1
CIHCUR03,C14 H11 N1 O2,0.5,2.83,28,Iba2
MENPAW,"C11 H12 N1 S1 1+,Cl1 O4 1-",1.0,4.19,25,P21/c
UJABUG,C27 H25 N1 O5,1.0,6.03,58,Pca21
NILREJ,C30 H22,1.0,4.17,52,P2/c
NENYAK04,"C14 H14 N4,C14 H10 O4",0.5,5.04,32,P21/n
HERSEG,C15 H14 O3,1.0,2.48,32,P212121
BIGMUC,"C14 H26 N2 O4 2+,2(Br1 1-)",1.0,2.26,46,P21
GABTAH,C24 H20 F1 N1 O1,1.0,4.93,47,P21/n
VOQXOP02,C14 H10 N2 O1 S1,1.0,3.5999999999999996,28,Pbca
EYAWEH,C14 H14 N4 S1,1.0,4.0,33,P21/c
GACFAR,C19 H14 O2,1.0,4.4,35,P-1
EYIZER01,C25 H24 O8,1.0,4.15,57,P21
YAVZUS,C14 H15 F1 O3 S1,1.0,5.09,34,P-1
ANUQIK,C22 H15 Br1 O1,1.0,3.44,39,P21/n
NALGUC,"C9 H19 N4 1+,I7 1-",1.0,4.2700000000000005,32,P-1
HEGWEV,"2(C5 H7 N2 1+),2(C18 H13 O8 1-),C18 H14 O8,2(H2 O1)",0.5,5.8,40,C2
PUKDEH,C4 H2 Cl2 N4 O2,2.0,4.18,14,P21/c
LUQCOT,"C24 H18 Br1 N3 O2,0.5(C1 H2 Cl2)",2.0,3.88,48,P212121
OGENUJ,"C26 H21 N1 O1,0.5(C8 H10)",1.0,6.28,49,P-1
HUFRAC,C10 H19 N1 O2,2.0,4.2,32,P212121
JILCUG,C15 H18 N2 O3,0.5,4.29,38,P21/m
DIFPAK,"C20 H14 N2,C12 H8 O4",1.0,5.3,36,C2/c
FOMZIR,"C21 H18 N6 S3,H2 O1",1.0,3.25,48,P-1
AJORID,C21 H12 Cl2 O1 S2,1.0,3.6900000000000004,38,P-1
GAGJEI,C16 H10 F1 N1 O1,2.0,5.13,29,P-1
LOWTOI,C17 H19 N1 O1,1.0,3.49,38,P21
UDANOD,C25 H21 Cl1 N4 O6,1.0,4.78,57,P-1
ADELOX10,"C22 H30 N1 O5 1+,C2 H1 O4 1-",1.0,4.28,58,C2/c
INACIL,C26 H29 O2 P1,1.0,4.29,58,P-1
SACSIY,C11 H14 O3,1.0,5.0,28,P21/c
ENIRAX,C26 H23 Cl1 N2 O3,2.0,2.76,55,I2
ISAFIT01,C10 H10 Br1 N1 O2 Se1,1.0,3.9,25,P21/n
AMBNAC14,C7 H7 N1 O2,1.0,3.39,17,Pn
IMIHOD,C10 H6 Cl1 N1 O1 S2,1.0,5.91,21,P-1
LAGKUD02,C13 H6 F5 N1,2.0,4.82,25,P1
TIYQOL,C17 H14 O3,0.5,2.94,34,C2/c
QUGTOB,C15 H26 N1 O2 P1 S2 Te1,1.0,3.5100000000000002,48,P-1
VIDSAF,C11 H9 N1 O3,1.0,3.95,24,C2/c
KAZHUR,C17 H26 N2 O4 Se1,1.0,4.02,50,P-1
BEKCUP,C14 H10 N4 O2 S1,1.0,6.7,31,P21/n
PUJDIL,C22 H26 N4,1.0,5.800000000000001,52,P21/n
LEZQEQ,C23 H20 N2 O3 S1,1.0,4.279999999999999,49,P-1
FACLOP,C11 H12 F3 N1 O1,1.0,3.6999999999999997,28,Cc
PHACRD,C19 H13 N1 O1,1.0,3.7,34,P-1
FOGWED,C14 H13 N7 O2,1.0,6.3,36,P21/c
IRESUV,"C8 H5 N1 O6,2(C7 H8 N2 O1)",1.0,5.2,20,P-1
EHIJUD,C16 H23 Cl1 N2 O3,1.0,3.8699999999999997,45,P21
DUWFUX,C15 H17 N1 O4,1.0,3.79,37,P21/c
XICRAF01,C29 H15 F6 P1,1.0,6.16,51,P21/n
IDEXIY,C12 H6 F6 Te1,0.5,1.74,25,I41/acd
YUBWAV01,C13 H13 N1 O1,1.0,6.660000000000001,28,P21/n
RICKEV,C20 H15 N1 O3,1.0,4.58,39,P21/c
QOYRUR,C16 H15 N1 O1,2.0,4.75,33,P212121
QEVSUG,"C9 H11 N1 O2,0.5(H2 O1)",2.0,4.65,23,C2/c
EWEDIU,C23 H33 N3 O3 S1,2.0,6.73,63,P-1
CMACPE,C19 H22 Cl1 N3 O2,1.0,5.5,47,A2/a
QAVVOA,C29 H29 N3 O2,1.0,5.55,63,P21
HUXTIF,"C25 H21 N2 1+,F6 P1 1-",0.5,5.48,48,P4322
JOFKUO,C19 H17 Cl1 O2,1.0,5.42,39,P21
ZIVLOH,C20 H26 O8,1.0,3.82,54,P212121
UNUXOS,C9 H7 N5 O3,1.0,6.959999999999999,24,P21/n
AJULAS,C20 H16 N2,0.5,3.65,38,P43212
PERROT,C6 H14 F3 N1 Si1,1.0,3.7,25,P21/n
PIDKOE,"C16 H14 N3 O3 1+,C2 F3 O2 1-",1.0,5.609999999999999,36,P21/n
FEYHIE,"C6 H11 N2 1+,C3 F6 N1 O4 S2 1-",2.0,3.56,19,P-1
SAGGAL,C19 H16 Br1 N1 O1,1.0,3.29,38,P21/c
GEYTUC,"C20 H22 N1 O2 1+,2(H2 O1),Br1 1-",1.0,3.45,45,P21/c
APEJEM,C14 H15 N3 O2,1.0,4.91,34,P21/n
MIXQIT,C13 H10 N2 O1 S1,1.0,5.6000000000000005,27,Pbca
PICCOX,C18 H12 B1 I1 S1,1.0,2.64,33,P21/n
YELXUJ,C14 H12 N2,1.0,3.63,28,P212121
DXYLEN19,C16 H16,0.25,3.95,32,P-4n2
QAKHAO,C23 H17 N1 O2 S1,1.0,6.2700000000000005,44,P212121
LETJAZ,"C14 H17 I1 N1 O4 1+,C7 H7 O3 S1 1-",1.0,5.7700000000000005,37,P-1
DUDZAG02,C23 H21 N1 O3,2.0,3.93,48,P21
JORHIK,"C6 H12 O5 Xe1,C3 H6 O4 Xe1,3(C3 H6 O1)",1.0,3.42,24,Pbca
VITBEG,C2 H4 N6 O2,2.0,2.97,14,P212121
HIDSAQ,"C24 H26 O2,C6 H4 Cl2",2.0,7.12,52,P-1
NECWEB,C14 H16 B10 F4,1.0,3.95,44,Pna21
ACAXIP,C32 H21 N3 O1 S1,1.0,4.49,58,P21/n
LUMTOC,C13 H9 N5 O4 S1,1.0,4.5600000000000005,32,P21/n
IWAFOF,C26 H27 N1 O3 S1 Si1,2.0,3.58,59,P21
PUYFAR,C35 H23 B1 N2 O2,1.0,5.3100000000000005,63,P21/n
JUXNUO,C14 H7 Br1 N2 S1,1.0,3.17,25,P21/n
BEBREH,C10 H17 N5 S1,1.0,3.13,33,Pccn
MIZCUV,C16 H12 N2,0.5,4.9799999999999995,30,P21/c
XOHDEF,C8 H9 N3 O1,1.0,2.76,21,P21/c
NESSEM,C19 H25 Cl1 N2 O4,1.0,5.779999999999999,51,P-1
NUWLUP,C25 H27 N1 O2,2.0,3.4799999999999995,55,P21
AJEFAZ,C19 H17 N1 O1,1.0,2.63,38,P21
BITYEL,C13 H12 Cl1 N3 O1,2.0,4.93,30,P-1
PAWMUX,"C19 H16 N2 O3 S1,C2 H6 O1",1.0,5.43,41,P21/n
KUBXUB,"C8 H17 B10 N1 O1,0.5(C4 H8 O2)",1.0,4.8,37,P21/c
TAQSAI,C9 H4 I2 N2 O2,1.0,2.01,19,P-1
WATDUR01,"C6 H5 N7,H2 O1",1.0,4.79,18,P-1
ZIPXOP,C14 H9 B1 Cl1 F2 N1 O1,1.0,3.9899999999999998,29,P21/c
YUJJEU,"C10 H18 N1 1+,C1 F3 O3 S1 1-",1.0,5.3,29,P21/c
LUMSIY,C18 H12 Br1 F3 N2 O2,1.0,4.63,38,P21/n
ZOMWED,"C24 H20 P1 1+,2(C2 I2),Br1 1-",0.25,3.9,45,P-421m
NIWXAW,"C7 H8 N1 O2 1+,Br3 1-,0.5(Br2)",1.0,4.73,18,P-1
DUMRIQ,C18 H18 O4,1.0,6.329999999999999,40,P-1
LEXWOD,C19 H20 O3,1.0,3.06,42,I4
RACJUE,"2(C17 H20 N4 S1),C8 H10,C6 H6 O2,4(H2 O1)",0.5,3.29,42,C2/c
QIMPUB,C16 H16 O2,1.0,4.63,34,Pbca
QURBEN,C24 H18 Cl1 N1 O1,1.0,7.06,45,P21/c
KULWOE,C14 H11 F1 N2 O2,1.0,3.86,30,Pna21
XIPLOY,C20 H17 N1,2.0,6.5,38,P-1
ZIFLAE,C25 H28 O1,1.0,2.8899999999999997,54,P212121
ROWWEI,C13 H11 N3 O3,1.0,3.7699999999999996,30,Pna21
ETACIP,C24 H16 F1 N1 O2 S2,1.0,6.1899999999999995,46,P21/c
VIRFOV,C20 H18 N1 O4 P1,1.0,3.26,44,P21/n
YUFMAN,"C4 H12 N1 O3 1+,C5 H8 N1 O2 S2 1-",1.0,4.2,20,P21/c
HUJQOU,C15 H14 O2 Te1,1.0,5.24,32,Pbca
BOMFOA,C12 H15 N1 O3,2.0,4.68,31,Pn
ZIVBAL,C16 H15 I1 O6 S1,1.0,2.08,39,P21212
HUCCAJ,C10 H16 Cl2 N4 S2 Te1,2.0,4.0600000000000005,35,P21/c
AJOHUF,"C15 H16 N2 O2,0.5(C6 F4 I2)",1.0,3.45,35,P21/n
HAVVIL,C20 H18 N2 O4 S1,1.0,3.04,45,P212121
ZEWKOF,C30 H14 Cl8 N1,1.0,6.419999999999999,53,P21/c
WUMPED,C21 H34 B1 Br1 N2 Si1,1.0,6.329999999999999,60,P21/c
CESZIK,C31 H27 N1 O1,2.0,5.38,60,P1
MUTXAE,C14 H11 N3 O3,1.0,5.93,31,P21/n
KOJFAT,"2(C6 H9 N2 1+),C8 H4 O4 2-,2(H2 O1)",0.5,4.73,17,P21/n
RENSEK,C16 H20 N2 O3,1.0,3.29,41,P21/n
UXUDID,C26 H32 N2 O2,1.0,5.220000000000001,62,P212121
IDUKOI01,C18 H17 Cl1 O4,1.0,4.35,40,P42/n
ICANAB,C8 H8 Br1 N1 O1,1.0,2.4,19,Pna21
XABSEZ,C23 H19 N2 O6 P1,1.0,3.54,51,P21/n
MIWXUP,"C19 H20 N2 O1,C1 H4 O1",1.0,4.66,42,P21/c
PEVXET,C6 H4 N2 O1,2.0,4.3,13,P21/c
DEMZUU,C15 H10 Br1 N3,1.0,4.22,29,P21/n
QOSHAK,C19 H19 N3 O3,1.0,4.31,44,C2
XOYHOK,C27 H26 Br1 N1 O5,2.0,6.4799999999999995,60,P21/c
LACFON,"C5 H8 N4 O1,H2 O1",1.0,3.9899999999999998,18,P21/n
ZECYAH,"3(C12 H17 N3 O7 S1),4(H2 O1)",1.0,7.07,40,P212121
QOFZIW,C17 H15 N1,1.0,4.52,33,P21/c
JACFIH,"C19 H40 N1 O2 1+,Cl1 1-",1.0,6.52,62,C2
UJEXAK,C20 H25 N1 O3 S1,1.0,4.3999999999999995,50,P-1
ICOGIQ,C12 H18 O2 S1,2.0,6.8,33,P-1
LUNZEZ,"C4 H4 N2,2(C7 H14 O2)",0.5,4.36,23,P-1
COBGAE,C18 H21 Br1 O4,1.0,2.39,44,P21/n
UWOZUE,"C11 H26 N2 2+,H2 O1,2(Cl1 1-)",1.0,2.6,39,P21
QEKJAU,C28 H21 Br1 N4 S1,2.0,7.140000000000001,55,P21
BIXMUS,"C6 H6 N1 O2 1+,C4 H1 O4 1-,H2 O1",1.0,4.21,15,P-1
MIXYOI03,C10 H10 N4 S1,2.0,3.62,25,P-1
HUFZAJ,C13 H19 N1 O2,1.0,7.1000000000000005,35,P21/a
KURPAS,C24 H21 N3 O3,1.0,5.07,51,P21/n
PONGIK,C32 H24 N2 O2,1.0,6.59,60,P21/c
MASJEY,C12 H10 Br2 N2 S2,1.0,5.48,28,P21/c
GIFWOJ,C11 H8 Br1 N3 O1,1.0,2.37,24,P-1
NILZER,C22 H21 N1 O4,1.0,4.21,48,P21/c
WUPDUI,C12 H15 F1 N6 O4,1.0,4.5,38,P43
BABZOU,C26 H30 N1 O1,1.0,4.7,58,Pbca
IPEPAX,C18 H15 N1 O3,1.0,6.61,37,Pbca
KEKDIQ,C26 H21 N1 O2,1.0,6.569999999999999,50,P-1
QIQXIX,C11 H24 N2 O1,1.0,4.5,38,P21/c
YIZDAM,C11 H14 N4 O8,1.0,6.83,37,P-1
BAPYUO,C29 H24 O3,1.0,4.59,56,P21/c
KEZSIT,C17 H30 O4,1.0,6.4399999999999995,51,Pbca
MUWMOK,C16 H8 Br4,1.0,2.44,28,P-1
EWIRIP,"C26 H32 N1 Si1 1+,0.5(C2 H3 N1),Cl1 1-",2.0,3.88,60,P21/n
YIZTIK,C13 H9 N3,1.0,3.8000000000000003,25,P21/c
VAWFUX,C11 H8 N2,1.0,4.2,21,Ia
OXALDH42,"C2 H2 O4,2(H2 O1)",0.5,2.53,8,P21/c
KIPLIG,C24 H29 N5 O3,1.0,5.800000000000001,61,P212121
XIZBIV,"C19 H24 N1 O1 1+,C8 H7 O3 1-",1.0,4.55,45,P21
DOKXAF,"C12 H16 S5 2+,2(C1 F3 O3 S1 1-)",1.0,3.17,33,P-1
LUVSEE,C24 H22 O3,1.0,7.46,49,P21/n
XEDMOM,C21 H16 O4,1.0,2.34,41,P212121
ACOKEI,C7 Br1 F4 N1,1.0,4.47,13,Pna21
YAKROS,C23 H19 N3 O2 S1,1.0,3.92,48,Pca21
BEWPUP,C20 H24 O4,1.0,3.72,48,P212121
XECBOZ01,C17 H13 N1,1.0,3.84,31,P21/c
WEFQOO,C23 H27 N1 O3,1.0,3.7800000000000002,54,P43212
XUTQIN,C18 H22 N2 O2,1.0,4.94,44,P-1
TEVXEX,C21 H24 O4,1.0,3.94,49,P21/c
LUMXOG,C8 H8 N4 O1,2.0,4.63,21,P21/c
TUSPUS,C10 H10 Br2 O2,1.0,5.95,24,I41/a
UPIJOV,C24 H19 N1 O3,1.0,4.44,47,Pbca
MAZPAG,C30 H22 O7 P2,1.0,3.91,61,P21/n
HITCAP,"C34 H24 N2,C1 H2 Cl2",1.0,6.0200000000000005,60,Fdd2
XAJJUQ,"C6 H6 N12 O12,2(C7 H6 N2 O4)",1.0,6.08,36,P-1
LEJROH,"C6 H4 N2 O4,C5 H5 N1 O1",1.0,4.5,16,P212121
SEZCAC,C19 H22 N2 O5,2.0,3.58,48,P41
POTYUU,"C14 H10 N3 O1 1-,H1 F1,C16 H36 N1 1+",1.0,6.419999999999999,53,P21/c
AHUQOK,C27 H27 N1 O2 S1,1.0,6.22,58,Pc21b
CUGNUQ,C12 H13 Cl1 N2 O3,1.0,2.27,31,P21
DAJJUV,C26 H20 Br2 O3,2.0,3.16,51,P21
NOQGOT,C15 H14 N2 O1,2.0,7.04,32,P21
JAGRIV01,C17 H14 N4 O3,1.0,4.22,38,P21/c
KAHRUK,C15 H11 Cl2 N1 S2,1.0,5.680000000000001,31,P-1
QODBIW,C23 H30 Cl2 N2 O2,1.0,3.66,59,P21/c
QAVXER,"C26 H23 Br1 N4 O10,C1 H2 Cl2",1.0,3.79,64,P212121
UBUYIC,"C1 H3 N1 O2,C4 H2 N8 O5",1.0,2.78,19,P212121
WOQCAI,C14 H14 Br1 N1 O4,2.0,3.53,34,P21
DORMED,C20 H24 N2 O9,1.0,3.3200000000000003,55,P21/c
PCOZHP10,C11 H9 Cl2 N1 O1,1.0,4.4,24,P21/n
IFAWOC,C24 H27 N1 O5,1.0,4.5600000000000005,57,P212121
SETTIU,C4 N3 S2,2.0,4.2,9,P21/n
LEFRAR,C15 H12 N2 O1,1.0,4.0,30,P212121
VOQKUI,C8 H6 N4,1.0,4.13,18,P21/c
DEWHES,C8 H13 N1 O3,1.0,3.2,25,P21
JIZRUH,C15 H14 Cl1 N1 O2,1.0,3.9600000000000004,33,P21/n
YANDEX01,C13 H14 O5,1.0,3.63,32,P21
KABJUU,C18 H14 O3,1.0,3.63,35,P21/c
XUNWOS,"C11 H13 N4 O1 1+,Cl1 O4 1-",1.0,5.94,29,C2/c
HOSSIU,C17 H17 N3 O5 S1,1.0,5.220000000000001,43,P21/n
TIMCIE,C29 H29 N3 O3,1.0,5.91,64,P212121
GESTEH,C19 H14 F3 N1,1.0,4.74,37,C2/c
HOWQIW,C20 H12 S3,1.0,4.279999999999999,35,P21/c
URAZOG,C13 H26 O3 Si1,1.0,6.17,43,P212121
UPIFEG,C12 H20 O5,1.0,2.91,37,Pbcn
UJEVAG,C21 H22 N2 O4,1.0,4.99,49,P-1
FUPDED,C22 H27 N3 O2,1.0,3.81,54,P212121
FIYVUE01,C10 H6 O4,0.5,3.7,20,Fdd2
IRAQAW,C21 H22 N2,1.0,2.54,45,P212121
OPUFEM,C12 H12 N2 O1,1.0,5.19,27,P21/n
KEHYOP,C11 H18 O3,1.0,3.7600000000000002,32,P212121
QAZZUQ,C25 H21 N3,1.0,5.0200000000000005,49,P21/c
ZOJSOJ,C21 H13 Cl1 F1 N1 O1,1.0,5.489999999999999,38,P21/c
TOMZIG,C20 H12 Cl4 O2,0.5,4.65,38,C2/c
JUSTEW,C12 H15 N1 O4 S1,1.0,3.2,33,P21
UBABIM,C16 H22 N2 O3,1.0,4.109999999999999,43,P21
WUWTOX05,"2(Rb1 1+),C2 O4 2-",0.25,5.86,6,Pbam
AKENAG,"C9 H11 N3 O2,C3 H7 N1 O1",1.0,4.15,25,P21/c
SABGIN,C7 H9 Cl1 N4,1.0,4.23,21,C2/c
KUWQIG,C21 H19 N1 O3,1.0,3.3000000000000003,44,Pbca
YAZKET,C8 H6 O3,1.0,4.67,17,P21/n
REVCIH,C30 H18 F2 O2,1.0,3.9899999999999998,52,P21/n
ZZZAWV10,C20 H12 N2 O2,1.0,3.7,36,P1121/n
UBAHIR,C9 H8 Br1 N1,0.5,4.43,19,P21/m
SIWQEX,"C11 H12 N5 S2 1+,2(H2 O1),Cl1 1-",1.0,4.26,30,Pna21
RIFBEO,C26 H29 N1 O3 S1,1.0,6.04,60,C2/c
GOMREI,C24 H33 N3 O2,1.0,5.65,62,P-1
KUQMES,C22 H16,1.0,3.05,38,P21/c
SAXMOX,"C23 H22 N3 1+,C2 H6 O1,Cl1 1-",1.0,5.2,48,Pna21
NAMPEY,C17 H20 N4 O3,1.0,3.48,44,P21/c
EXUXIH,C19 H17 F6 N1 O2 S1,1.0,4.34,46,P21
TOZSEJ,C27 H34 N2 O1,2.0,4.52,64,P-1
AMIXOJ,C22 H14 Br2,1.0,5.18,38,P-1
DCMOPZ,C5 H4 Cl2 N2 O1,1.0,5.7,14,P21/c
NEYFOQ,C20 H17 Cl1 N2 O2 Se1,1.0,6.959999999999999,43,P-1
RIVGUZ,C19 H18 O6,1.0,3.7600000000000002,43,Pna21
TICBUD03,C26 H20 N2,0.5,3.7199999999999998,48,C2/c
PIPMDC11,"C14 H17 N5 O3,3(H2 O1)",1.0,5.3,39,P-1
VURPEH,C19 H24 N4 O5,1.0,2.41,52,P21
OVUJOF,C17 H19 N1 O6,1.0,4.78,43,P212121
OHUJOQ01,C18 H16 N4 O6,0.5,4.64,44,Pnc2
PEVSEQ,C16 H14 S2,2.0,5.13,32,P21/c
QAQSEK,C22 H20 F1 N5 O6 S2,1.0,2.4899999999999998,56,P21212
APURAG,"C7 H5 N1 O4,C7 H4 N1 O4 1-,C6 H8 N1 1+",1.0,4.52,17,P21
MOYHOZ,"C10 H11 N4 O2 1+,I1 1-",1.0,2.92,27,P21/c
FAFSUB,C15 H15 N1 O3,2.0,3.8000000000000003,34,Pbca
VADWOQ,C21 H20 N1 O4 P1,2.0,3.18,47,P-1
PAKPIC,C26 H27 N1 O1,1.0,4.13,55,P-1
LIXDAY21,C10 H10 N4 O2,2.0,3.2199999999999998,26,P21/c
PIBWAZ,C26 H21 N1,1.0,3.99,48,P21/n
ALODAK,C25 H19 Br1 N1 P1,1.0,5.08,47,P21/n
GUSHAD19,"C10 H11 N3 O3 S1,0.5(H2 O1)",2.0,6.87,28,P21
UHAMEW,C25 H33 N3 O1,1.0,4.94,62,C2/c
SOZFEV,C4 H3 Cl1 N2 O2,1.0,5.510000000000001,12,P21/c
MEBGAF,C30 H26 N2 O3,1.0,4.859999999999999,61,P212121
FABVOX,C1 H12 B2 N2,0.5,4.79,17,P21/m
FEZLAY,C17 H21 N1 O3,1.0,3.64,42,Cc
CETCEK,C19 H18 O3,1.0,4.38,40,P-1
XUXNEJ,C17 H19 N5,1.0,3.5700000000000003,41,Pna21
PABKOU,C10 H20 B10 O1,1.0,4.53,41,P-1
GIVGUR,C26 H27 N3 O4 S1,1.0,4.19,61,Pbca
FUSNOZ,C26 H17 N1 O1,2.0,6.11,45,P21/n
HIBCIF,C22 H30 B1 N2 O4 P1,1.0,5.18,60,P212121
BEYJIC,"C13 H11 N2 Se1 1+,Cl1 O4 1-",1.0,1.6500000000000001,27,P21/n
JIZGOQ,C13 H19 N1 O3 S1,1.0,5.89,37,Pbca
JEVXOY,C28 H23 N1 O2 S1,1.0,5.1000000000000005,55,P-1
VOWHOE,"2(C5 H8 N1 O4 1-),C4 H14 N2 2+",1.0,5.1000000000000005,20,P21
VOSSUR,C30 H20 O2,1.0,6.4,52,P-1
IMUJEG,C22 H15 N1 O3,1.0,6.140000000000001,41,C2/c
BIDGOK,C17 H31 Br1 Mg1 N2,1.0,7.4,52,P212121
UHOMUA,C16 H25 B10 N1,2.0,6.8,52,Pbca
ZUXDUT,C23 H19 N1 O2,1.0,4.75,45,P21/n
DACLIF,C22 H18 O8,1.0,4.03,48,P-1
DEGDUP,C28 H22 N4 O2,1.0,3.47,56,P-1
IRAWEG05,C13 H13 N1,1.0,3.88,27,Pccn
XOJGIM,C15 H14 O4 S1,1.0,4.22,34,Pbca
MODDOC,C35 H22 N2,1.0,3.16,59,Fdd2
QIKHUN,"C6 H14 N1 1+,C12 H10 O4 P1 1-",1.0,5.43,27,Pca21
DOFNAN01,"C10 H12 S4 1+,C10 H12 S4,I1 O4 1-",0.5,3.91,26,C2/c
REVJOU,C14 H11 N1 O2 S1,1.0,3.2099999999999995,29,P21/c
JOMBAS,C15 H18 F2 O2,1.0,3.45,37,P212121
SASHAZ,C14 H13 F1 O4,1.0,4.87,32,P21/n
GEZBEW,C21 H32 O4,2.0,3.17,57,P212121
TICHAO,C14 H20 O2,1.0,5.15,36,P21/n
SEPQEL,"C30 H23 N1 O3,C1 H2 Cl2",1.0,5.27,57,P212121
NEPDOE,C6 H14 B2 I6 S2,0.5,5.76,30,P21/n
IPEYAG,C27 H24 Si1,1.0,3.9699999999999998,52,P212121
VUTBUI,C28 H30 O6,1.0,4.09,64,P21
GAMKEN,C11 H14 N2 O2 S2,1.0,5.4399999999999995,31,P21/c
PAGLOY,C22 H24 O1,1.0,4.4,47,P212121
XALRUA,C17 H22 O4,2.0,6.1899999999999995,43,P-1
BNPHTA07,C20 H14,0.5,5.13,34,P41212
XAYDIM,"C30 H20 O2 S1,C1 H2 Cl2",1.0,4.04,53,P21
BEPTIZ,C20 H18 O4,0.5,6.0,42,C2/c
GOVZEW03,C7 H5 N3 O2,1.0,3.0700000000000003,17,P-1
HARYAC,C22 H18 Cl1 N1 O4,1.0,3.95,46,P-1
HIQNAW,"C18 H19 N5 O6,H2 O1",1.0,3.56,48,P21
LAXTEK,"C5 H9 N4 O2 S1 1+,Cl1 1-",1.0,3.2800000000000002,21,P21/n
BEQPUM,C23 H21 N1,1.0,6.859999999999999,45,P21/n
UCAYIG,C22 H20 Cl2,1.0,4.6000000000000005,44,P-1
CORZIT,C10 H8 N2 O1 S1,1.0,3.2800000000000002,22,P-1
CEWRUR10,C15 H18 O3,2.0,4.5,36,P212121
UZITEE,"C8 H11 Cl1 N1 1+,C12 H10 N3 O3 S1 1-",1.0,7.24,29,P21
IGIYUU,"C6 H18 Mg1 O21 P6 4-,C3 H10 N1 1+,3(C2 H8 N1 1+),3(H2 O1)",0.3333333333333333,5.66,52,R-3c
ERAPOG,C15 H10 Br1 N1 O1,1.0,3.6700000000000004,28,Fdd2
IRUJOY,C14 H17 N1 O3,1.0,3.39,35,P212121
FAHZUJ,C23 H19 N3 O4,1.0,3.7,49,Pbca
HIWNIN,C15 H13 N1 O6,1.0,3.84,35,P21/c
XOMFOX,C21 H14 N2 O3 Se1,1.0,2.1,41,Pn
JADNIQ,C15 H29 B10 N1,1.0,5.63,55,P21/c
YIVRIE,C17 H16 O2,1.0,6.6000000000000005,35,P21/c
OXALDH37,"C2 H2 O4,2(H2 O1)",0.5,1.9900000000000002,8,P21/c
GAPBOR,C26 H27 N1 O4,1.0,6.660000000000001,58,P21/c
ENODER,"C13 H14 N4 O3,0.5(H2 O1)",2.0,3.86,34,C2
ULAJIA,"C23 H30 O5,H2 O1",1.0,7.43,58,P212121
CESZOQ,"C30 H28 N2 O3,C1 H2 Cl2",1.0,3.09,63,P21
JOQZEW,C15 H27 N1 O3 S1,2.0,5.8500000000000005,47,P212121
ROMQIW,"C17 H13 N3 O2,H2 O1",1.0,4.79,35,P21/n
SAFJUI,C22 H28 B1 N1 O5,1.0,3.94,57,P212121
EVIVAH,C20 H20 O5,1.0,5.66,45,P21/n
JAVDIW,"C6 H16 N1 1+,C7 H4 Br1 O3 1-",1.0,3.84,23,P21/c
IPOJOO,C22 H21 N3,2.0,4.65,46,Pca21
JEDEUS,C16 H12 O2 S1,1.0,5.5600000000000005,31,P21/a
YITJEU,"C3 N10 O4 2-,2(H2 O1),2(K1 1+)",1.0,6.58,17,P21/c
ETEFUF,"C14 H18 N4 O4 S2,C5 H5 N1",1.0,5.3,42,P-1
POHROW,"C28 H24 Cl1 N3 O2 S1,C3 H7 N1 O1",1.0,5.36,59,Cc
JUPBAX,C15 H12 Br1 N1,1.0,4.53,29,Pna21
CUZYOM,C21 H21 Br2 N1,2.0,3.7800000000000002,45,P212121
XICPEE,C21 H20 Cl2,1.0,4.3,43,P21/c
TABSUP,C19 H18 N2 O3,2.0,5.47,42,P21/n
FEDVOZ,C22 H26 O5 S1,1.0,3.79,54,P-1
XITREB01,C12 H15 N1 O2,2.0,5.25,30,P21/c
USUVIR,C27 H21 N3,2.0,5.2,51,P21/n
MIGRUT,C18 H25 N1 O3 S1,1.0,6.41,48,P21/n
ANTCEN15,C14 D10,0.5,3.4,24,P21/a
VEPDOK,"C9 H18 N3 O4 S1 1+,Cl1 1-,H2 O1",1.0,7.29,35,P212121
CYHXUR08,C13 H24 N2 O1,0.5,4.31,40,P2/c
HUDQAZ,C10 H12 N2 O1,1.0,3.99,25,P21/n
XUMCIV,C7 H6 Br1 F1 N2 O2 S1,1.0,4.08,20,P-1
QAPTEJ,C18 H15 N3 O7 S1,1.0,6.32,44,P21/n
YIYJOH,C11 H17 N1 O6,1.0,4.36,35,P21
QUXDIA,C32 H26 Br1 N1 O3 S1,2.0,7.19,64,P21
NOTJEP,"C20 H24 F4 N2 2+,2(Cl1 1-)",0.5,2.56,50,Pbcn
AKOWUU,C17 H14 O6,1.0,4.3,37,P21/c
FIQVUA,C21 H35 Cl1 N2 O2 S2,1.0,4.36,63,P212121
SUBTIV,C20 H17 N1 O4 S1,1.0,6.77,43,P21
FEJXEZ,C16 H14 N2 O1 S1,1.0,3.1,34,P-1
KORZUP,C28 H19 N3 O2,1.0,5.11,52,P-1
TMPENO,C18 H30 O4,1.0,4.6000000000000005,52,P21/c
LIXZOL,C34 H24 B1 N1,1.0,4.49,60,P-1
VAWSAO,"2(C12 H24 N1 1+),C4 O4 2-",0.5,4.94,37,P-1
PITPIV,"C6 H14 N1 O2 1+,C7 H7 O3 S1 1-",1.0,5.37,23,P21/n
BOGLAK,"C12 H20 N2 O2,3(H2 O1)",1.0,4.86,36,P21
FAXMAS02,C20 H18 O4,1.0,4.78,42,P21/n
NEBCIJ,"C14 H11 N3 O2,0.5(H2 O1)",2.0,5.41,30,P212121
DIBFUQ,C23 H18 N2 O3,1.0,5.79,46,Pna21
CIDPOU,C12 H16 O3,1.0,5.8,31,P-1
KESWOX,C22 H20 F3 N2 O8 P1,1.0,5.050000000000001,56,C2/c
QEKRED,C29 H29 N1 O5,1.0,3.89,64,P212121
AFAMOM,C7 H4 Br1 N1 O4,0.5,2.82,17,P21/m
YUQFUN,C11 H9 Cl1 N4 O3,1.0,4.65,28,P21/n
OHUZEZ,C18 H16 F1 N1 O3,1.0,5.46,39,P21/n
KEBPEQ,"C17 H19 F1 N3 O3 1+,C5 H7 O4 1-",2.0,5.680000000000001,43,P-1
KOYFIR,C16 H11 F3 I1 N1 O2 S1 Se1,1.0,2.93,36,P21/c
FEVVUB,C17 H12 N2 O2 Se1,2.0,2.48,34,P21/c
EVIDES,C11 H16 O4 S1,1.0,3.54,32,P21/n
PEFXIJ,"C10 H6 O6 S2 2-,H6 N2 2+",0.5,3.87,24,P21/c
WUXBUP,C18 H11 Br1 F6 N4 O7 S1,1.0,3.65,48,P21/n
HINVOT,C16 H15 Cl2 N1 O3,1.0,3.83,37,P212121
VASXIX,C20 H27 F4 N1 O3 S1,1.0,4.9,56,P-1
WOYSIO,C22 H15 I1 N2 O2,1.0,3.7800000000000002,42,P21/c
ACIHEB02,C13 H10 N4,1.0,3.27,27,C2/c
GODFUA,"C12 H24 N1 1+,C7 H10 N1 O3 S2 1-",1.0,5.2,37,Pbca
AKIPIU,C6 H12 Cl8 Si4,0.5,2.72,30,P-1
OXIKAI,"C17 H22 O4,H2 O1",1.0,6.46,43,P21/c
PELXUZ,C12 H24 I8 S6,1.0,5.73,50,P-1
ZUZGAC,C22 H12 N4,0.5,3.5100000000000002,38,P21/c
XOWKIF,"2(C13 H9 F3 N2 O2),C10 H8 N2",0.5,4.2299999999999995,29,C2/c
OLEYIQ,C25 H21 N1 O3 S1,2.0,4.45,51,P-1
XILQUE,C22 H18 N4 S1,0.5,3.47,45,Fdd2
UQOLOD,C24 H37 N2 P1,1.0,4.03,64,P21/n
JUSREW,C20 H24 N2 O4,1.0,6.01,50,P21
NUBNOR,C19 H22 N2 O6,1.0,6.08,49,P21/c
CINDOW,C10 H13 B1 Br2 N2,1.0,2.59,28,P21/n
XIKMOW,C26 H23 N1 O7,1.0,3.9600000000000004,57,P21/c
RADNIW,C18 H22 Br1 P1 Te1,1.0,2.3,43,P21/n
LIZCUS,C12 H10 N4,0.5,6.7,26,P21/c
UMAYOW,C18 H22 O2,1.0,4.36,42,P21/c
UMULIB,C27 H29 B1 N2 O3,1.0,5.3100000000000005,62,P-1
BUTLAH,C19 H26 O2,1.0,3.8699999999999997,47,P21/c
ISAXUV01,C7 H7 N3 O4,1.0,3.35,21,P21/c
WUCBEB01,C19 H19 N1 O1,2.0,5.11,40,P-1
POCDAO,C12 H16 Cl6,1.0,1.8499999999999999,34,P212121
MUDLED,C26 H22 O2,1.0,5.67,50,P-1
AGIDUQ,C30 H22 F2 O4 P2,0.5,3.0,60,P-1
YAMZOC,"2(C30 H18),3(C12 H4 N4)",0.5,4.83,48,P-1
WIVPOJ,C29 H25 O3 P1 S1,1.0,6.460000000000001,59,P212121
OHEJIU,C8 H13 N3 O1 S1,1.0,6.65,26,P21/c
PASYUH,C20 H17 Br3 O2,1.0,2.87,42,Pbca
IYETEM,C17 H27 O2 P1,1.0,2.52,47,P21
ZIWQUR01,C15 H21 N1 O7,1.0,7.49,44,P21/n
OZAPIQ,C20 H23 Br1 N2,1.0,2.41,46,P21
OHAVAY,C24 H24 Br1 N3 O5 S1,1.0,5.63,58,P212121
GUGZOY,C20 H24 O2,1.0,5.26,46,P-1
KESGUL,"C22 H31 N1 O3,Na1 1+,I1 1-,H2 O1",1.0,3.92,57,P21
NATCOB,C9 H9 Br1 O2,1.0,3.83,21,P21/c
IHOTOQ,C21 H20 Cl1 N1 O6,1.0,6.25,49,P21/c
SOYNIE,C15 H14 N2 O4,1.0,4.75,35,P-1
FIFDIH,C5 H3 F6 N3 O2,1.0,5.1000000000000005,19,Pna21
OQUJOD,"C18 H21 F1 N3 O4 1+,C8 H7 O2 1-",1.0,6.01,47,P212121
AFIXIY01,C17 H13 N1 O4,1.0,5.79,35,P21/n
FUWLAN,C7 H14 O2,1.0,3.63,23,P32
BIRYUW10,C2 H5 N3 S2,2.0,2.42,12,P21
VAYNOZ,C20 H22 N2 O2,1.0,3.81,46,P21/c
HUKMUW,C17 H14 Br1 N1 O5 S2,1.0,3.5100000000000002,40,P21/c
CALKEI,C24 H21 N5 O4,1.0,4.109999999999999,54,P-1
SIDHOD,C14 H10 O2 Se2,2.0,2.92,28,Pca21
IRUSUN,C11 H4 F5 N3 O3,1.0,4.5,26,P21/c
SOBYIV02,"C24 H16 S16 Se4 1+,F6 P1 1-",0.5,4.590000000000001,60,C2/c
EFAZOE,C13 H9 Cl1 O4,1.0,3.75,27,P212121
OLGINE,C18 H22 O9,1.0,4.7,49,P212121
BOVBUL,C19 H16,1.0,4.88,35,P21/n
AWIFOE,C24 H19 Br1 O2,1.0,2.3,46,C2/c
HUKRUC,C25 H21 Cl1 N6 S1,1.0,3.62,54,P-1
OHOJAZ,C10 H7 F2 N1,2.0,6.88,20,P-1
SANCAN,C28 H16 S2,0.5,3.2600000000000002,46,P21/c
KEMPAT,C18 H18,0.5,3.6,36,I2/a
RUZXEP,C14 H17 O6 P1,1.0,5.5,38,P21/c
BUGZOT,"C12 H16 N3 1+,Cl1 1-",1.0,3.7,31,P-1
ZUKDES,C15 H20 O4,2.0,3.54,39,P21
FEDPIO,C34 H16 N4 O4,1.0,4.5200000000000005,58,P21/c
HORNOR,C24 H36 N2,0.5,4.1,62,P21/n
VUNSII,C14 H14 N2 O3,2.0,4.78,33,P2/c
XADQAV,C20 H24 N4 O1 S1,1.0,3.8000000000000003,50,P21/c
RISDAC,C25 H28 O2 S1,2.0,6.17,56,P212121
PAVJAY01,C14 H10 N2 O6,1.0,3.2399999999999998,32,P212121
QAGLAP,C13 H15 N9,1.0,4.16,37,C2/c
DOFWUT01,"C17 H19 F1 N3 O3 1+,C7 H5 O3 1-,H2 O1",1.0,3.93,43,P21/n
XIVTAX,"C18 H15 O1 P1,C13 H10 O3",1.0,5.18,35,C2/c
KADTUE01,C6 H4 Cl10 N6 O2 P6,1.0,3.1,34,P-1
FOWTER,C7 H10 N2 O2 S1,1.0,5.55,22,P212121
UGOHUV,"C7 H6 O4,C5 H7 N1 O2",1.0,3.1199999999999997,17,P-1
SAQJUS,C18 H16 F3 N1 O3 S1,1.0,4.6899999999999995,42,P21/c
ZAQNIR,C20 H23 N1 O6 S1,1.0,5.19,51,P21/c
KATBOW01,"C6 H4 N1 O3 1-,K1 1+,H2 O1",1.0,5.0,14,P21/n
RIFFEU,C20 H27 As1,1.0,2.4699999999999998,48,P21/n
ZITSOM,C27 H21 N4 P1,1.0,3.7800000000000002,53,P-1
IGIVAZ,"C8 H12 N2 2+,C12 H4 N4 1-,I1 1-",0.5,6.4,22,C2/c
GAXXUY,"C12 H12 S8 1+,C12 H12 S8,Cl2 I1 1-",0.5,2.9,32,P2/c
GLUCSA22,C6 H12 O6,1.0,5.2299999999999995,24,P212121
BAJZOB10,C20 H28 N2 O4,1.0,4.3,54,P212121
EQIZIQ,C10 H10 Cl1 O4 P1,1.0,4.73,26,P21
PMYNPQ,C23 H16 O1,1.0,6.0,40,P21/c
ARUBEU,C13 H16 N4 O2,1.0,5.15,35,P21/c
VUPRAA,"C5 H8 O1,C1 H1 Cl3",1.0,3.52,14,P21/n
ZEKMEJ,C26 H21 Cl1 N2 O5,1.0,6.97,55,P212121
NAFBEF,C19 H18 F3 N1 O1,1.0,5.319999999999999,42,P21/n
HIQHOI01,C24 H20 S4,0.5,5.4,48,P-1
QAFHAJ01,C9 H13 N1 O2,1.0,4.93,25,P21/n
UYUGUU,"C27 H9 B1 F15 1-,C12 H28 P1 1+",1.0,4.42,52,P21/c
XAJDEU,"C15 H26 O3,H2 O1",1.0,2.77,44,C2
GOBNEU,C11 H13 N1 O1,1.0,3.61,26,P21/n
HABNAB,"C19 H20 Br1 N2 1+,Br1 1-",1.0,2.19,42,P212121
DOLMEZ,C24 H20 Cl1 F3 O2,1.0,3.88,50,P-1
USEQOA,"C15 H15 N2 1+,B1 F4 1-",1.0,4.61,32,P21
IBASUE,C12 H18 O3,2.0,3.2300000000000004,33,P212121
EJUPOR,C28 H21 N1 O2,1.0,4.37,52,P21/c
MIRQOV02,C6 H4 Br1 Cl1 O1,1.0,4.07,13,I41/a
KUYWUX,C26 H22 Cl2 O4,1.0,6.24,54,P21/c
BEPRIB,"C20 H20 N1 1+,B1 F4 1-",1.0,4.46,41,P212121
RABPAL,"C8 H12 N1 1+,C4 H5 O6 1-,0.5(H2 O1)",2.0,5.4,21,P22121
DIHKAJ,C15 H14 O6,1.0,3.19,35,P212121
IXUWAD,C23 H29 B1 O2 Si1,1.0,7.31,56,P-1
LIMMUS,C14 H4 N4 O6 S1,1.0,3.66,29,Pbca
GOYRIZ,C28 H23 N1 O3 S1,1.0,5.83,56,P21212
GUXXEG,C17 H16 O3,1.0,5.7,36,P21/n
ZUKYAI,C15 H14 Cl1 N1 O4,1.0,7.19,35,P21/n
PUMYAZ,C14 H15 F3 N2 O2,1.0,4.73,36,P-1
TACMAO,C23 H36 O4 Si1,1.0,5.42,64,P212121
BOHHOV,"C19 H21 N5 O2,H2 O1",1.0,4.5,47,P21/c
WAKNAA,"C22 H20 N4 2+,2(C4 N3 1-),H2 O1",0.5,6.7,46,P-1
SATMEG,"C12 H11 N2 O4 1+,Cl1 O4 1-",0.5,4.28,29,C2/c
DEVTUW,"C4 H2 N10 O4 2-,H12 Mg1 O6 2+",0.5,4.53,20,P-1
JODSAW01,C14 H13 N1 O1,1.0,3.7900000000000005,29,P21/n
YEQPIW,C11 H11 N4 O3,1.0,5.59,29,P-1
KURZOM,C20 H24 N2 O1,1.0,3.8000000000000003,47,P212121
OJENEW,C13 H10 Cl2 O3 S1,1.0,2.84,29,P-1
BOLZOV,C12 H22 I1 N1 O2,1.0,5.5,38,Pna21
YOKDOT,C28 H20 O2 S2,0.5,5.489999999999999,52,P21/c
SIFBAN02,C7 H9 N1 O3,2.0,1.52,20,P21
WUQKIE,C15 H14 O5,1.0,4.24,34,P21/n
OFUHOQ,C13 H10 N2 O1 S1,1.0,3.25,27,P21/n
QABMUB,C17 H21 N1 O5,1.0,4.45,44,P212121
LIQMAD,C22 H12 S2,1.0,5.09,36,P21/c
JARMOH,C24 H30 N4,1.0,5.949999999999999,58,P21/n
CEWFAO,"C21 H30 N1 O2 1+,Cl1 1-",1.0,3.0700000000000003,54,P21
LIKFIU,C10 H10 Br1 Cl1 O2,2.0,4.01,24,P21
JUBNAV,"0.83(C19 H16 N2 O2 S3),0.17(C19 H15 Br1 N2 O2 S3)",1.0,5.4,42,P-1
KIMSUW,"C20 H32 N4 2+,2(Br1 1-)",1.0,3.6900000000000004,56,P21/c
IZUDAK,C20 H18 Br1 N1 O3 S2,1.0,2.87,45,P21/c
GUCBEM,"C6 H8 N4 2+,2(I1 1-)",0.25,3.14,18,C2/m
EBUDUD,C14 H13 Br1 O3,1.0,5.34,31,P21/c
TUTZEN,C19 H22 O3 S1,2.0,4.4,45,P1
ZUYSEV,C21 H18 N2,1.0,5.1,41,Pbca
PUSFIW,"C6 H4 N12 O4,2(C2 H6 O1 S1)",1.0,4.02,26,P-1
NEDNAL,C18 H22 O4 S1,1.0,3.38,45,P-1
FEFLEK,C18 H15 N3 O2,1.0,4.21,38,P21/c
TENPOV,C16 H9 Cl1 F2 O2 S1,1.0,5.1499999999999995,31,C2/c
QUQDIT,C11 H9 I1 N2 O1,1.0,5.37,24,P21/n
OVAQEL,"C18 H15 Cl4 N2 O1 1+,N1 O3 1-",1.0,5.9799999999999995,40,Pc
OMUWEA,"C4 H8 N5 1+,Cl1 1-",1.0,3.8,17,P21/n
VOVPEE,C13 H12 N4 O1,1.0,4.95,30,P21/n
ZAWKEQ,C27 H19 F5 O1,1.0,3.95,52,Cc
KIPGIZ,C13 H17 N3 O4,1.0,5.3,37,Pbca
FEDNIL,C16 H20 As1 F6 N1 O4,1.0,3.6,48,P21/c
LEFVEZ,C15 H12 N2 O1 S1,1.0,4.67,31,P21/c
OZENOZ,C21 H17 Br1 O1,1.0,3.1300000000000003,40,P21
YEJYOB,"C5 H4 F6 O4,C4 H8 O2",1.0,5.32,19,P21/c
QOZFUH,C18 H15 N9 S3,1.0,3.92,45,P-1
OWEWEW,C13 H21 N1 O4,1.0,6.35,39,Pbca
DUNMIJ,C12 H11 N3,1.0,3.91,26,Pbca
JEXBOH,C24 H21 N1 O3,1.0,4.75,49,C2/c
LOKQOT,C24 H27 N1 O4,1.0,3.7900000000000005,56,P21/c
QETTIS,C18 H20 N2 O2,1.0,5.34,42,P21/c
IBEHAY,C17 H21 N1 O3,2.0,3.9,42,P21/c
ZUTGEA,C8 H10 N4 S1,1.0,2.86,23,P212121
DUDMAQ,C9 H11 B1 N2 S2,1.0,4.1,25,P21/c
ATIGUJ,C9 H7 N1 O5,1.0,3.52,22,P21/c
TOKGOP,"C6 H18 N3 O1 P1,C2 H12 B10",1.0,5.08,29,Cc
BOQKIB,C17 H10 Cl1 N3 O1 S1,1.0,3.5,33,P21/c
KOMYEQ01,C5 H7 N1 O2,1.0,3.37,15,P21/n
MUQCEG,C11 H12 O1,1.0,5.83,24,P-1
GAGGOL,C16 H12 N2 O2,1.0,3.14,32,Cc
KUNVEU01,C8 H9 N1 O4,1.0,4.1,22,P21/c
IQIWEN,C22 H19 N1,1.0,5.48,42,P21/c
OKODUO,C29 H27 N1 O6,1.0,6.49,63,P21/c
ALOHAK,C15 H27 Br1 Mg1 O4,1.0,4.3,48,P212121
LEJBUA,"6(C18 H15 O1 P1),5(C6 F4 I2)",0.5,2.6100000000000003,35,P-1
EGAREM,"C14 H13 N3 O3,H2 O1",1.0,3.62,33,P21/c
OPOHAE,C21 H20 O1,1.0,5.050000000000001,42,P212121
PICRAC12,C6 H3 N3 O7,2.0,4.03,19,Pca21
XIJZIB,C23 H28 O8,1.0,4.38,59,P212121
UTABAV,C18 H16 O4 S1,2.0,2.85,39,P21/c
HONZAN,"C16 H19 N2 O1 1+,H2 O1,Cl1 1-",1.0,3.3300000000000005,38,P212121
AQIKUK,C8 H24 Br2 Li2 O4,0.5,4.96,40,P21/n
TEWKOZ,C17 H14 Cl1 N1 O2,1.0,4.38,35,P21/c
QUMPAP,C19 H16 N2 O5 S1,1.0,7.07,43,P21/n
UYOSOR,C20 H18 N2 O4,1.5,5.92,44,C2/c
DIWTOU,"C15 H11 N3 O1,C15 H11 N3 O1",1.0,4.89,30,C2/c
LOYCEJ,C18 H12 O2,1.0,3.7900000000000005,32,P21/c
USASIR,C8 H18 Cl3 N6 P3,1.0,3.13,38,P212121
NOSZAZ,C4 H6 N2 O1,1.0,2.6599999999999997,13,Pna21
GALJEL,C9 H5 F3 N4 O2,1.0,2.8400000000000003,23,Pc
HAFBID,C23 H32 O4,1.0,6.1,59,P21/c
HOPPEK,"C23 H21 N1 O2,C1 H1 Cl3",1.0,5.64,47,P21/c
FUQGIK,C25 H19 F5 N2,1.0,3.17,51,P21
NUNMUE,C15 H14 N2 O1 S2,1.0,4.95,34,P21/c
KEKQOK01,"C8 H9 B1 O4,H2 O1",2.0,5.76,22,P-1
ZEHPEK,"C19 H33 N6 O6 1+,Cl1 1-",1.0,3.71,64,P21/c
PICGEN,C11 H13 N1 O1,1.0,5.1000000000000005,26,Pbca
NORQIV,C16 H15 Br1 N2 O3,2.0,5.82,37,P21/c
SOHVOB,C21 H30 F2,1.0,6.1000000000000005,53,P21/n
RIPSEQ,C22 H22 N2 O4 S1,1.0,3.63,51,P21
CIVLAU10,C11 H14 O6,1.0,5.0,31,Pbca
QERNUX,C15 H12 Cl1 N1 O1,1.0,5.44,30,P21/c
FUTDAZ,C19 H26 O5,1.0,3.62,50,P21
HOFKES,C12 H15 Cl3 O2 Te1,1.0,2.7,33,P-1
EPIVIL,C18 H18 Cl1 N3 O3,1.0,3.6900000000000004,43,P212121
LAQFEP,C12 H16 O5,1.0,2.43,33,P21
UKIXAO,C6 H2 Br3 N3,1.0,2.24,14,P21/n
TURVUX,C12 H17 Cl1 N4 O2 S2,1.0,5.0,38,P21/n
MAXGIF,C16 H10 F3 N1 O2,1.0,5.37,32,P21/c
WEWCOR,C20 H8 F10 O4,0.5,5.94,42,P-1
KASVUW,C16 H15 Cl1 N4 O2,1.0,4.6000000000000005,38,P-1
QOVHUI,C13 H17 N3 O3 S1,1.0,6.38,37,P-1
XOKLAN,"C26 H17 N5 O7 S1,C2 H3 N1",1.0,5.489999999999999,56,P21/c
CIJWEB,"2(C3 H2 N3 O2 1-),C6 H18 N2 2+",0.5,4.9,26,P21/c
OJOSUC01,"C4 H12 N5 1+,C2 H3 O2 1-",1.0,4.26,21,P21/n
BUVGOS,C21 H18 O6,1.0,4.18,45,P-1
COUMAR21,C9 H6 O2,1.0,6.890000000000001,17,Pca21
HIXNOS,C29 H23 Cl1 N4 S2,1.0,6.1000000000000005,59,P21/n
ECOFOV,C21 H14 O2 S1,1.0,3.2199999999999998,38,Ia
TAGNAQ,C9 H10 N2 O1,1.0,4.76,22,P21/c
WINJEL01,C11 H12 Br1 N1 O2,1.0,1.8800000000000001,27,P32
NUQJEP,C7 H6 N2 O3,1.0,6.63,18,P21/n
VEXKOC,C19 H20 I1 N3 O3,2.0,5.53,46,P21
TEGVAF02,C25 H15 N1 O3,1.0,4.78,44,P21/c
SOYMUQ,C15 H22 O4,2.0,4.390000000000001,41,P21
BOQJID,C18 H16 N2 O1,1.0,6.819999999999999,37,P-1
VIKVEU,"C7 H11 B11 I5 1-,C8 H20 N1 1+",1.0,3.29,34,P-1
NUBFAV,C20 H32 O2,1.0,3.55,54,P212121
BIDWIU,C14 H12 N2 O2,1.0,3.2,30,P21/c
MONRIU,"C12 H14 N1 1+,H2 O1,Cl1 1-",1.0,2.74,27,P21
UWIPOI,"2(C18 H12 Br1 N1),C10 H2 N4",0.5,4.96,32,P-1
EJEFEE,C34 H28 O2,0.5,5.43,64,P21/a
JUYMOF,C9 H17 Cl2 N4 O2 P1,1.0,2.8000000000000003,35,P-1
UXOTUZ,C18 H19 N1 O4,1.0,3.35,42,P21/n
FUWDIO,C20 H23 N3 O5,2.0,3.16,51,P1
GOYZEC,C17 H18 O3,1.0,4.04,38,P-1
SEWJAH,C14 H12 N2 O5 S1,1.0,4.24,34,P-1
WIYGEQ,C4 H8 N4 S1,1.0,3.5,17,P-1
ELAMAJ,"C10 H8 N2 O2,H4 N1 O1 1+,Cl1 1-",1.0,3.37,22,P21/c
YOGNAM03,C9 H6 I1 N1 O1,1.0,2.09,18,P21/c
LOVCAE,C21 H25 Cl1 F1 N3 O3,1.0,5.09,54,P21/c
URINER,C10 H9 B1 F2 O4,1.0,3.5999999999999996,26,P21/c
OJODUP,C18 H16 F3 N5,1.0,3.93,42,Pc
CEMSOG,"C31 H25 N1 O4,C1 H2 Cl2",1.0,5.06,61,P212121
FBPAZD02,C23 H26 F1 N3 O2,1.0,4.36,55,P21/n
CYHACL04,"C6 H14 N1 1+,Cl1 1-",1.0,4.61,21,Pca21
NUBBAQ,"C19 H18 As1 1+,C4 N3 1-",1.0,3.06,38,P-1
XAKBAR,C18 H14 O5,1.0,4.51,37,I41/a
SINLAF,"C9 H9 N2 1+,0.5(C6 Cl4 O2),I1 1-",1.0,4.99,20,P21/n
EMIJOD,C10 H13 N3 O3,1.0,5.57,29,P21/n
IXINIQ,"C15 H12 I1 O3 S1 1+,C7 H7 O3 S1 1-,C1 H2 Cl2",1.0,6.45,32,P-1
LAQKOG,C14 H6 Cl4 O4,0.5,6.52,28,P-1
XINWIE,"2(H4 N1 1+),C4 N8 O8 2-",0.5,5.45,20,P-1
HERJIY,C17 H15 N3 O2,2.0,6.19,37,P21
XEPSER,C9 H8 Br1 N1 O3 S1,1.0,3.62,23,P21/c
VEZXIK,C24 H24 N2 O4,0.5,3.95,54,P-1
DUHZAI01,"C7 H6 N1 O2 1-,C3 H5 N2 1+",1.0,4.6,16,P21/n
ZIMHEM,C8 H7 N3 O8,1.0,3.08,26,P-1
BUKNIH,C9 H10 F3 N1 O4,1.0,2.79,27,P212121
PEGDAK,"C8 H9 I1 N2 O1,C7 H6 O2",1.0,4.02,21,P21/n
NOXYUW,C19 H22 N2 O2,1.0,3.62,45,P21/c
IFUGID,C9 H11 N3 O1 S1,2.0,7.02,25,C2/c
NOSFAE,"C15 H15 N3 O5 S1,C2 H6 O1 S1",1.0,5.34,39,P21/c
GAVJET,C7 H15 N1 O4 S1,2.0,2.64,28,P21/c
WIMGAD,C15 H15 N3 O3 S1,1.0,3.9,37,P21/n
BENZIL07,C14 H10 O2,0.5,3.1,26,P3121
SIZLIA,C21 H18 O2,2.0,4.34,41,P21/c
GOFZUY,C10 H13 Br1 O4,1.0,2.62,28,P21/n
JALMIV,C16 H13 F3 N2 O1,1.0,6.569999999999999,35,P21/c
PAHDEI,C28 H24 N2 O4,1.0,6.18,58,Pbca
NENYAK02,"C14 H14 N4,C14 H10 O4",0.5,4.75,32,P21/n
PEVPIP,C10 H15 N1 O3,1.0,4.1,29,P21/c
CUKDOE01,"C22 H12,C8 F4 N2",1.0,4.44,34,P21
PARYIQ,"C21 H15 N3 O3,0.5(C4 H8 O2)",1.0,6.6000000000000005,42,P-1
XESQEU,C24 H22 O6,1.0,6.13,52,P-1
COZXOI,C27 H17 N3 O4,1.0,7.470000000000001,51,P21
KALHOW,C15 H18 O2,2.0,6.98,35,P21/n
CEQPOH,C32 H21 N3 O5 S1,1.0,6.7,62,P-1
EYAWUX,C14 H15 N5 S1,1.0,3.68,35,P-1
ZIVQAW,C7 H13 N1 S2,1.0,4.86,23,P21/c
GOFNEW,C10 H11 N1 O2 S1,1.0,4.88,25,P21/n
WOLVOI,C23 H20 B3 N1 O3,1.0,5.74,50,P21/c
TEVBAY,C19 H37 N2 P1 Se1,1.0,2.91,60,P-1
TIQXAT,C10 H13 N1 O2,0.5,6.44,26,P21/m
NAVFIB,C19 H24 O2 S1 Si1,1.0,4.92,47,P-1
XIJQIU,C24 H18 Br1 N1 O4 S1,1.0,4.05,49,P212121
OGEJOD,C19 H26 O2,1.0,5.41,47,P212121
JIWZAQ,C11 H10 O8,1.0,6.72,29,Pca21
SAMPIH,C24 H16 O2 P2,1.0,3.08,44,P21/n
WOVTIM01,C17 H16 N2 O4,1.0,6.36,39,P-1
JUXKAO,C18 H19 N4 S1,0.5,3.4,42,Pnma
XAJVEN,C26 H24 N2 O5,1.0,5.35,57,P-1
ZUKSUW,C20 H14 F2 O1 S1,1.0,2.92,38,Pca21
ROMJUZ,C9 H9 Cl1 N2,1.0,2.72,21,Fdd2
XAVMUE,C16 H14 N6,1.0,3.38,36,P21/n
VETMAJ01,C14 H13 N1 O1,1.0,5.49,29,Pbca
TECPOG,C11 H21 N1 O7,1.0,5.1000000000000005,40,P212121
CUVTOG,C25 H36 O3,1.0,5.04,64,P21212
YAGREI,C26 H20 Br1 N3 O6,2.0,5.24,56,P1
EMOFEV,C20 H14 N2 O2,1.0,3.7600000000000002,38,I41/a
JAZLAX,C9 H7 N1 O3,1.0,4.7,20,P21
UJEQEI,C15 H19 N3 O2 S1,1.0,3.5900000000000003,40,P21/n
VAMQUV,C8 H27 B11,1.0,3.6,46,Pbca
UHOZAU,C12 H12 B1 N1 O5,1.0,3.35,31,P21/n
VIJXES,C14 H15 N1 O5 Si1,2.0,3.65,36,P1
FOHVOQ02,C19 H26 N2 O6 S1,2.0,3.38,54,P21/c
HAXLAV01,C12 H9 F1 N2 O1,1.0,4.37,25,P21/n
IODYBZ,C6 H5 I1 O2,1.0,4.6000000000000005,14,P21
ROPYEE,"C13 H9 N4 O1 Se1 1-,Cs1 1+",1.0,2.78,28,P-1
OGOQIK,C6 H4 N3 S4,1.0,2.71,17,P212121
PALTAZ,C19 H16 N2 O8,1.0,4.63,45,P21/a
XEXXUT,C11 H13 F1 N2 O3,1.0,6.1000000000000005,30,C2/c
TOHXUK,"C6 H9 N2 1+,C7 H4 I1 O2 1-",1.0,2.07,17,P21/c
INOSUB,C19 H21 N3,1.0,5.24,43,P21/c
QITWAR,C18 H15 N1 P2 Se3,1.0,2.88,39,P21/n
LISVIU,C20 H19 Br2 N3 O5,2.0,4.1000000000000005,49,P-1
ZESSOH,C14 H14 O2,1.0,5.79,30,P-1
ARIYUZ,C18 H20 F2 N4,0.5,5.7700000000000005,44,C2/c
MAMDEK02,C11 H9 Cl1 N2 O1,1.0,3.83,24,P21/c
YOLHAM,C20 H15 N1 O1,1.0,2.78,37,P212121
CUQBIA,C24 H15 Br1 Cl2 F3 N7 O1,1.0,4.1,53,P21/c
MNAPAD,C19 H14,1.0,6.6000000000000005,33,P21/c
MIMHOI,C8 H7 N3 O1,1.0,3.82,19,P21/c
QIDVOP,C10 H12 N4 O2 S1,1.0,6.17,29,P-1
QITTUM,C15 H20 O5,1.0,2.48,40,P21
OWAGOJ,C11 H12 N4 O4,1.0,4.44,31,P21/n
NOVFOV,C17 H17 N3 O2 S1,2.0,4.04,40,P-1
TPHETY08,C26 H20,1.0,3.9899999999999998,46,P21
RENMIG,"C12 H36 Br4 Mg4 N4 P4,C7 H8",1.0,6.96,64,Pca21
ALOYOT,C25 H22 N2,0.5,3.19,49,P21212
MOZHOA,"C12 H12 N4 O2 2+,O4 S1 2-",1.0,3.8600000000000003,30,P21/c
FORTMN,"C8 H20 N2 O4 2+,2(Cl1 1-)",1.0,3.0,34,C2
CLPRAL01,C8 H12 N2 O2,1.0,3.52,24,P21
FUBDEO,"C7 H10 N3 O6 S1 1-,H2 O1,Na1 1+",1.0,2.6,27,P21
CIJDEI,C30 H20 F4 O2,0.5,4.5600000000000005,56,P-1
RERWOB,C19 H23 N1 O1,2.0,4.22,44,P21
ZIZREJ,"C21 H30 O2,C7 H7 N1 O2",2.0,6.41,53,P212121
WIPKOX,C28 H20 N2 O1,1.0,6.21,51,Fdd2
TUPMUM01,C26 H22 Cl4 N2 S2,1.0,4.19,56,P21/n
GOPMEH,C18 H13 Cl1 O2 S1,1.0,3.65,35,P21
BUPZUK,C15 H11 F1 N2 O2,1.0,3.54,31,P-1
MUWZIR,"C9 H14 N1 O2 1+,Br1 1-",2.0,2.07,26,P21
ABUJAI01,"C12 H10 N2 2+,C8 N2 O4 2-",0.5,5.84,24,P-1
OFEWUV,C18 H17 N3,1.0,4.36,38,P21/c
GAHFIF,"C13 H9 N1,0.5(C8 H6 O4)",1.0,4.58,23,P21/n
ALETIW,"C13 H8 N4,H2 O4 S1,H2 O1",1.0,5.72,25,P21/c
KIQPAE,"C3 H1 N4 O5 1-,H4 N1 1+",2.0,4.45,13,P21/n
ZITFEP,C14 H7 Cl5 O1 S3,1.0,3.6999999999999997,30,P21/c
JIVYEV,C3 H3 F1 N6 O4,1.0,2.8899999999999997,17,Pna21
HOMWAJ,C25 H22 N2 O2 S1,1.0,3.6999999999999997,52,P21/n
BESHUE01,C14 H23 N3 O1,1.0,6.81,41,Cc
ZOGGIN,C20 H22 N2 O2,1.0,4.1000000000000005,46,P21/c
ENPROP,C11 H11 N3 O9,1.0,5.7,34,P21/n
QOWNIC,C23 H23 N3 O1 S1,1.0,4.75,51,P21/n
ALOCOW01,C9 H9 Br1 N2,1.0,2.77,21,Cc
IKOWUC,C26 H24 N2 O2 S1,1.0,3.6900000000000004,55,P212121
IYIKEK,C25 H25 N3 O3 S1,1.0,3.91,57,P21/n
FAPKAM,"C6 F4 I2,2(C5 H5 N1 O1)",0.5,2.8000000000000003,12,I2/a
ABODED,C24 H20 F2 O3,1.0,4.54,49,P21/c
EFEDOM,C25 H25 N3 O4,1.0,2.9899999999999998,57,P212121
WEPCOJ10,C20 H21 N1 O1 S1,1.0,3.6,44,P212121
IXEGAT,C15 H23 N7 S2,1.0,5.18,47,Pna21
COSXER,C24 H20 O3 S1,1.0,5.050000000000001,48,P21/c
MODGIY,C28 H19 N1,1.0,5.220000000000001,48,P21/n
DEYQED,C27 H24 O4,1.0,4.38,55,P-1
XOYXUE,C11 H20 Br2 O1,2.0,4.36,34,P-1
JIDKUC,C21 H30 O9,1.0,3.1,60,P212121
VEMZIX,"C10 H8 O2,C12 H8 N4 O1",1.0,5.08,25,C2/c
OLUPES,C18 H12 N2 O2 S1,2.0,4.3,35,P-1
JUQBIK,C13 H12 O4 S1,1.0,3.49,30,P21/n
SAGDUB,C16 H18 F1 N3 O2 S2,1.0,3.48,42,P21/n
DOLMUP,C22 H16 Br1 F3,1.0,2.4699999999999998,42,P-1
AYEDER,C16 H26 O4,1.0,3.15,46,P21
HADSAI,C20 H23 N1 O5 S2,1.0,3.5700000000000003,51,P-1
VECPUP,C10 H15 N5 O2 S2,1.0,3.14,34,P21/n
ZEXJEU,"C12 H9 Br1 N2 O1,0.5(C12 H8 I2)",1.0,3.7699999999999996,25,P21/c
ISIHOL,C24 H27 N1 O3,1.0,4.17,55,Pbca
DOWCAX,C14 H22 O2,2.0,7.19,38,P21/c
NEGRUQ,C13 H19 N1 O2 S1,1.0,3.5999999999999996,36,C2/c
NUVQAA,"C7 H7 B1 O3,C4 H5 N3",2.0,5.99,18,Pca21
LOGSIK,C6 H4 F8 N2 P4,1.0,2.63,24,P-1
NUKGUZ,C30 H24 O1,2.0,4.12,55,P21/c
YUHQIE,C29 H21 N1 O2,0.5,5.18,53,Pnma
PUNWIF,"C8 H11 F1 N1 1+,C8 H9 Cl1 O2 P1 S1 1-",1.0,6.5,22,C2
OFEJIT,C8 H4 Cl5 N1 O1,1.0,5.54,19,Pbca
JUPTAS,C22 H23 N1 O3 S1,1.0,3.2800000000000002,50,P21
MUMFEG,C20 H22 B1 F2 N7,1.0,4.08,52,P21/c
HEWYUF,"C26 H33 N1 O3 Si1,0.5(H2 O1)",2.0,5.0,64,P-1
JUYZOS,C22 H29 F1 O4,1.0,5.2,56,P21
KIYDON,"C12 H14 N2 2+,2(Cl1 O4 1-)",0.5,2.96,28,P-1
XOFFAD,C12 H13 N1 O3 S1,1.0,3.08,30,P21/n
VUYPAK,"2(C5 H5 N1 O1 S1),C6 F4 I2",0.5,1.95,13,P-1
FOTHOP,C9 H14 O6,1.0,3.54,29,P32
SEKLAV,C15 H19 N1 O5,1.0,3.8000000000000003,40,P21/a
ADEXEO,C6 H6 Cl2 N2,1.0,3.0700000000000003,16,P21/c
MQUCXA11,C11 H10 N2 O1,1.0,3.52,24,P21/n
WAMCOE,C14 H22 As2 Cl6 Se4,0.5,6.2,48,P21/n
HUXZUW,C23 H33 F3 O3 Si2,1.0,3.7600000000000002,64,P21/c
YUHQEB,C16 H10 Br1 F2 N1,2.0,4.95,30,P-1
ROFCUL,C8 H6 Br1 N3 S1,1.0,5.98,19,P21/c
DAMXIZ,"C10 H22 N1 1+,Cl2 O2 P1 1-",2.0,6.26,33,P-1
PEFCIQ,C10 H18 N2 O1,1.0,4.03,31,P21/n
FMDCTE,"C10 H24 N4 S2 2+,Cl6 Te1 2-",1.0,5.1000000000000005,40,P21/a
DUSJEH,C18 H12 N2 O1 S1,1.0,3.59,34,P21/c
LOLDEW,"C5 H6 N5 1+,C7 H5 O4 1-,H2 O1",1.0,5.41,16,P21
QUMWIF,C9 H10 N4 O2,1.0,3.7800000000000002,25,P212121
WEGPED,"C4 H4 Cl2 N4 O10,H2 O1",0.5,5.4,8,B112/b
QOQNIT,C23 H26 Cl1 N1 O2,1.0,5.07,53,Pna21
OGIZEL,C29 H27 N1 O3 S1,1.0,4.81,61,P-1
BIWKEB,C24 H27 N1 O7 S1,1.0,5.4,60,P21/n
AXURAO,C13 H7 F6 N1 O4,1.0,4.04,31,P21/n
BUWVOH01,C8 H10 N4 S2,0.5,2.5100000000000002,24,C2/c
QULZUU,C17 H23 N1 O4 S1,1.0,5.82,46,P21/n
BETKOB,C10 H12 N2 S2,0.5,2.47,26,P21/n
MOJKUS,C27 H27 N1 O2,2.0,4.87,57,P21
KETGAV,"C14 H10 N4 O4,2(H2 O1)",1.0,5.26,32,P21/n
HEGHOR,"C6 H10 N3 1+,C6 H4 N1 O2 1-,0.5(H2 O1)",1.0,6.01,19,C2/c
NARYEM,C13 H7 N3 O1 Se1,2.0,3.4,25,P-1
XEGTIO,C19 H21 N1 O4 S1,1.0,3.46,46,P21/n
UCOVAK,"C9 H21 N3 O1 2+,2(C16 H16 N1 O4 S1 1-)",1.0,6.57,38,C2
AQOPEF,"C30 H23 N1 P1 1+,C2 F6 N1 O4 S2 1-",1.0,4.22,55,Pbca
TUMFAM,C20 H15 N1 O3,1.0,3.7900000000000005,39,P212121
PUBMUU03,C6 H6 N12 O12,1.0,2.96,36,Pca21
YILWUP,C18 H19 N1 O2 S1,2.0,3.42,41,P21
GAJWOI,C19 H12 N2 S1,1.0,5.2,34,P21/c
MOKMEF,C15 H15 N3 O2 S1,1.0,4.12,36,Pbca
GADPAH,C18 H28 N2 O2 S1,0.5,4.41,51,I2/a
SALTIR01,C19 H22 O6,1.0,4.62,47,C2
XAVFEG,C15 H12 N4,1.0,4.16,31,I41/a
LANWIJ,C21 H18 O6,1.0,3.7199999999999998,45,P21/c
AMPICR03,"C6 H2 N3 O7 1-,H4 N1 1+",0.5,3.54,18,Ibca
MALBIO,C20 H28 O9,1.0,3.2399999999999998,57,P212121
DOXADM03,"C10 H13 N5 O3,H2 O1",1.0,2.88,31,P21
USOBIO,"C9 H7 N5,H2 O1",1.0,4.5200000000000005,21,P212121
DAXLOD,C7 H6 As1 Cl1 S2,1.0,5.2,17,P21/c
ZORHEX,C26 H18 O2,1.0,4.26,46,P21/n
UJADAO,C23 H19 N1 O2,1.0,3.29,45,P21
TIRCUS,C22 H22 O4,1.0,5.2,48,P21/c
LOWDAF,C17 H18 N2 O2 S1,1.0,3.44,40,P212121
NAJDAH,"C14 H22 N1 O1 1+,Cl1 1-",1.0,3.85,38,P21/n
VOHSOD,C16 H16 Cl2 N2 O2 S1,1.0,4.95,39,P-1
DOLFOZ,C18 H18 N2 O4,1.0,4.5,42,P21/a
UNOJIQ04,C9 H8 N2 O1,1.0,3.7900000000000005,20,P21/c
NIPCAR,"C23 H7 F4 N6 S6,C4 H8 O1,2(C2 H3 N1)",1.0,7.3500000000000005,46,P21/n
IZAHOH,C21 H20 N6 O2,1.0,6.26,49,P21/c
PIHGOF,C24 H26 O2,1.0,6.43,52,P21/c
NADMEN,C27 H25 N3 O6,1.0,5.48,61,P-1
BASQUJ,C20 H19 N1 O3,1.0,5.94,43,P-1
KILFIW,C23 H18 Cl2 N4 O1,1.0,5.7299999999999995,48,P-1
KEFRAP,C13 H10 O2,1.0,6.88,25,P21/n
XAGZAK,"C11 H17 N2 O1 1+,C4 H3 O4 1-",2.0,4.16,31,P-1
TOTPUN01,C17 H27 N1 O2 S1,1.0,5.5,48,P21
DURFIH,C20 H21 N1 O3,1.0,3.7900000000000005,45,P212121
AVAVAU,C18 H22 O4,1.5,4.21,44,Pbna
DELNAJ,C22 H20 O2,0.5,5.6000000000000005,44,P21/c
BASFIK,C18 H32 O4 Si2,0.5,5.26,56,P-1
ZOVNUW,C15 H10 Br1 F1 O2,1.0,3.58,29,P21/c
HEJCUY,C20 H21 F5 N2 O2,2.0,3.7900000000000005,50,P21
TUDMEO,C19 H19 N5 O4,2.0,2.75,47,Cc
CHLSAN01,C13 H10 Cl1 N1 O1,1.0,5.5600000000000005,26,P21/c
TIBCOX,C27 H23 N3 O2,1.0,4.86,55,P21/c
WUHPAT,C14 H10 O2,1.0,2.9899999999999998,26,P21
DEHREN01,C11 H14 N4 O3,1.0,4.79,32,P212121
YEHKON,C14 H10 N2 S1,1.0,4.7,27,P21/n
GUYNOD01,C17 H15 N3 O2,1.0,3.89,37,Cc
DUDNIA,"C10 H15 O4 S1 1-,C10 H12 N1 O2 1+",1.0,2.82,30,P212121
EZIMUX,C16 H23 Cl1 O2,1.0,4.73,42,P21/c
HIYRUG,C15 H13 N1 O7 S1,1.0,3.4000000000000004,37,P-1
JONJEE,C26 H28 N1 O2 P1,1.0,5.43,58,P21/c
FODBAD02,C10 H13 N1 O5 S1,1.0,3.9800000000000004,30,P212121
UGUNAN,"2(C20 H12),C6 H4 N2 O4",0.5,5.94,32,P-1
MULWOH,C9 H15 N1 O5,1.0,2.56,30,P212121
NANBAJ,"C14 H12 N2 O2,4(H2 O1)",1.0,5.3,30,P21/n
MOZWUU,C14 H10 Br1 N3 O4,1.0,4.7700000000000005,32,P21/c
CERXAY,"C8 H10 O5,H2 O1",1.0,7.2,23,P21/n
ULIQUC02,C18 H16 N2 O3 S1,1.0,3.2399999999999998,40,P21/c
PATGEZ,"C7 H6 O3,0.5(C4 H8 O2)",1.0,5.52,16,P21/n
BEWDAK,C18 H22 O5,1.0,3.34,45,P212121
ACARBM02,"H4 N1 1+,C1 H2 N1 O2 1-",0.5,3.98,6,Ibam
SIWBEI,"C13 H18 Br1 N2 O1 1+,Cl1 1-",2.0,3.5900000000000003,35,P21
BEBLOJ,C7 H7 Cl1 N2 O2,1.0,5.4,19,P-1
UMICOL,C25 H28 Br1 N1 O3,2.0,4.55,58,P21
SELWIS,C30 H27 N1 O2,1.0,4.9,60,P-1
OBOJOH,C21 H36 O3,1.0,3.3000000000000003,60,P21
SAFWON,C13 H13 Br1 O3 S1,1.0,2.44,31,P-1
ARUCEV,C9 H15 N1 O2,2.0,4.3,27,P1
MUBKAZ,"C9 H6 Br2 N1 O1 1+,Br1 1-",1.0,2.1,19,P21/n
UWUGUP,C12 H18 Br6,1.0,3.13,36,P21/n
NAJMIZ,C30 H21 Cl1 N2 O2,1.0,5.08,56,P21/n
MAQFAO,C11 H12 O4 S1,2.0,5.1,28,P-1
CECWUE,C11 H10 Cl2 N2 O1 S2,1.0,3.39,28,P21/c
ILULOT,C19 H18 O2,1.0,6.99,39,Pbca
NUTTAY,"C12 H30 N2 2+,2(I3 1-)",0.25,2.86,44,C2/m
CUTLIO,C19 H14 N2,1.0,3.8600000000000003,35,P21/n
LACWEU,"C6 H4 N2,C7 H7 N1 O3",1.0,4.5600000000000005,18,C2/c
HUZFAJ,C13 H9 N3 O2,1.0,4.41,27,P21/c
BOCJUC,C24 H22 N2 O1,1.0,6.510000000000001,49,P21/c
MEGHAK,C24 H28 N2 O1,1.0,4.8,55,P21/n
UREGOQ06,C40 H24,1.0,4.760000000000001,64,P21/c
WICGIY,C18 H16 N2 O2,1.0,5.0,38,C2/c
BEBJIF,C12 H20 I2 Si2,0.5,2.92,36,P21/c
DUBJES,C29 H24 N2 O3 S1,1.0,4.04,59,P-1
IGABIC,"C12 H12 N1 1+,H1 O4 Se1 1-",1.0,3.74,25,Pbca
CONYIN10,C14 H11 N1 O3,1.0,3.8000000000000003,29,P21/n
FAHKEF,C19 H19 N3 O1,2.0,4.97,42,P-1
LUNYIG,C10 H6 Br2 S2,0.5,2.59,20,Pbca
HIZGOQ,C19 H21 N3 O2,2.0,6.460000000000001,45,P-1
ENISAV,C8 H9 Br1 N2 O3,1.0,4.0200000000000005,23,P21/c
JADSUF,C19 H14 N2 O2 S1,1.0,3.94,38,P-1
GITSAH,C12 H4 Br1 F5,1.0,5.319999999999999,22,P21/c
VISNUG,C15 H25 N1 O5 S2,1.0,4.2,48,P21
LUTWAB,C22 H26 O2 Si1,1.0,4.67,51,P21/c
YILNUE,C11 H10 N6 O2 S1,1.0,3.5000000000000004,30,P21/n
TOTDAK,C11 H16 N2 O6,2.0,3.2,35,P21
YAKREJ,C24 H33 N1 O2 S2,1.0,6.5200000000000005,62,P21/n
VUXGOK01,C10 H9 N1 O2,1.0,3.5300000000000002,22,P21/c
CEPJIU,C10 H18 N6 S2,1.0,3.34,36,P21/n
XICMIJ,C18 H17 Br2 N1 O1 S1,1.0,6.16,40,P21/c
XEDCER,C21 H28 O5,1.0,3.66,54,P21
OSIPEP,"C6 H14 N1 O2 1+,C5 H3 N2 O4 1-",2.0,6.239999999999999,23,P-1
COMCOY,C21 H19 N1 O3,1.0,3.2199999999999998,44,Pca21
VOSKIZ,"C22 H36 N4 4+,2(H2 O1),4(Cl1 1-)",0.5,3.5700000000000003,62,P-1
EBEXUF,C24 H36 O3,1.0,5.4,63,P212121
LEJPUL,C14 H32 N6,1.0,3.6,52,P-1
POPJEL,C8 H7 Br1 O3,1.0,2.64,19,P21/c
WOQLOG,C21 H26 N4 S2,2.0,2.39,53,P21
YOVBIV,C12 H12 N2 O2 S1,1.0,3.8000000000000003,29,P21/c
UGELUR,C20 H14 Br1 N1 O2,2.0,3.8899999999999997,38,P21
BREFEL03,C16 H24 O4,1.0,2.92,44,P212121
RORXOO,"C17 H15 F3 N2 O8 S2,H2 O1",1.0,4.49,47,P-1
WITQEX,C24 H21 N3 O2 S1,1.0,4.4799999999999995,51,P21/c
CAGCOH,C19 H25 N1 O2,1.0,2.39,47,P212121
LAURAC04,C12 H24 O2,1.0,6.71,38,P21/c
HUNNOU,C15 H18 O7,1.0,6.84,40,P21
GAKSOA,C26 H22 O4,1.0,4.5,52,P-1
DAHLIH,C7 H13 N3 O5,1.0,3.6,28,C2
UVEDIM,C17 H14 Br1 N3 O2,1.0,2.65,37,P21/c
ETOZUK02,C21 H15 N3 O1,1.0,2.78,40,P212121
TAGGER,C24 H23 N1 O1,2.0,3.9800000000000004,49,P21
YASHOR,C21 H29 N1 O2,1.0,3.43,53,P21212
MEWMUZ,C10 H12 Cl1 N1 O1 S1,1.0,2.91,26,P21/n
EKOZOV,C17 H13 N1 O2,1.0,4.71,33,Pbca
CDECEA,C13 H20 O4,1.0,6.7,37,Fdd2
PORVEB,C29 H23 B1 F2 N2,1.0,4.17,57,P-1
MXPENO,C13 H12 O4,1.0,5.4,29,Pbca
YAGSUV,C22 H30 N4 O6 S2,0.5,5.09,64,P21/c
ZEBXEL01,"C6 H10 N2 O3,C7 H6 O5",2.0,4.0,21,P21
VUXKEH,C21 H13 B1 F2 N4 S2,1.0,7.000000000000001,43,Cc
SADYEG,"C4 H1 N9 O4 2-,2(H4 N1 1+),0.5(H2 O1)",1.0,4.26,18,C2/c
FUDGIX,C19 H18 N2 O2,1.0,5.08,41,P21/c
LIVFIH,"C19 H24 N2 O3,H2 O1",1.0,5.1499999999999995,48,P21
XABXIM,C20 H17 N3 O3,1.0,3.15,43,Cc
WEGPAD,C14 H16 Cl2 N2 O1 S1,1.0,4.81,36,P21/n
RIMDOI,C16 H10 Cl1 N1 O2,1.0,3.85,30,P21/n
VUWGEB,C23 H20 N2 O2,1.0,3.47,47,Pca21
IKATEU,C26 H28 O5,1.0,4.82,59,P-1
YEZHAP,C19 H23 N1 O5,1.0,3.25,48,C2
WUPYOZ,C25 H17 N1 O1,1.0,2.69,44,P63
SIBQOM01,"C4 N8 O6 2-,2(H4 N1 1+),H2 O1",1.0,3.19,18,Pccn
HANCEH,"C11 H12 N1 O2 1+,Cl1 1-",1.0,4.9,26,P21/a
NARMUO,C11 H8 F4 N2,0.5,4.2,25,P21/m
ROTMEU,"C11 H8 F5 N2 1+,Br1 1-",1.0,2.17,26,P21/n
HOMROS,C16 H15 Br1 O4,1.0,2.01,36,P-1
GIVGAU,C14 H14 N2 O1 S1,1.0,3.48,32,P21/c
XOTFET,C19 H11 B1 Cl2 F2 N2 O1,1.0,5.800000000000001,38,P21/c
PUMGAI,"C9 H8 O4,C6 H7 N3 O1",1.0,5.63,21,P-1
KIYHIJ,"C6 N4 1-,C4 H10 O2,K1 1+",1.0,6.5,16,P21/n
VAYKEN,C17 H19 N3 O2,1.0,5.98,41,P21/n
PUNFAJ,"C27 H16 F3 N2 O4 S1 1-,C2 H8 N1 1+,0.43(H2 O1)",1.0,5.17,53,P-1
DUXQIA,C17 H18 O3 S1,1.0,2.25,39,P21
RASNIM,"C5 H7 N2 1+,0.5(C2 H2 O4),C2 H1 O4 1-,0.5(H2 O1)",1.0,4.77,14,P-1
NANYOS01,C23 H20 O3,1.0,2.8000000000000003,46,P212121
YAVWUO,C18 H20 N4 O2,1.0,4.4,44,P212121
TPDMSI,C6 H18 P4 Si3,0.33,3.5,31,R-3
KABDEZ,C14 H25 N1 O5 S1 Si1,1.0,3.3000000000000003,47,Pca21
ATIDOX02,"2(C6 H14 N1 1+),C8 H4 O4 2-",1.0,3.2800000000000002,21,Cc
HAJBID01,C19 H22 O6,2.0,3.5999999999999996,47,P1
RUMMEV,C30 H25 N1 O2 Si1,1.0,3.6900000000000004,59,P21/n
MEHBOR02,C9 H13 O4 P1,1.0,3.7900000000000005,27,P21/n
PAPDOD,C34 H24 N2 O2,1.0,3.61,62,P21
SIVMOB,C21 H16 N2 O1,1.0,4.8500000000000005,40,P21
CODDIL,C24 H16 B1 N3 O4,1.0,5.29,48,P-1
XUQSOT,C12 H15 Br1 F1 N1 O1,1.0,3.4299999999999997,31,P21
XEKNUA,C30 H9 As1 Cl4 F18 O2,1.0,5.33,64,P21/n
RUHHOR,C12 H8 N2 O6,1.0,2.82,28,C2221
UCIHEV,C12 H11 Br1 N2 O2,1.0,2.27,28,P21/c
SOVVEF,"2(C4 H12 N1 1+),C8 H4 O4 2-",0.5,5.47,17,P21/n
AHEXAQ,C20 H20 O3,2.0,5.2,43,P21/c
CIJXUR,C17 H9 Cl1 F3 N1 O3,1.0,6.76,34,P21/c
VABYEE,C14 H11 N3 O4,1.0,4.47,32,P21/c
LERSEJ01,C17 H14 O2 S1,1.0,4.61,34,P21/c
ZEWCUC,C21 H24 N2 O1 S1,1.0,6.97,49,P212121
BEHMUY,C13 H10 N6,1.0,5.46,29,P21/n
KUVBAF,C28 H23 N3 O4,1.0,4.04,58,P-1
EYOGUX,C22 H15 Br1 N2 O1,1.0,2.83,41,P212121
GIVREJ,"C19 H26 O4,0.6(C1 H4 O1),H2 O1",1.0,4.6000000000000005,49,P212121
HALSOE,C14 H20 N2,1.0,7.36,36,P-1
MESCZB,C2 H6 N2 O1 S1,1.0,5.7,12,P2/c
JUTBOR,C14 H18 N2 O3 S1,1.0,4.42,38,P21
ODADOQ,C21 H33 N1 O3 Si1,1.0,5.45,59,P21/c
RORTOL,"C26 H17 N5 O1,C4 H8 O2",1.0,6.22,49,P-1
GUBBIQ,C23 H30 O7,2.0,5.28,60,P-1
XEVTEX,C18 H16 Cl2 N2 O5,1.0,4.1,43,P31
AZECOA,C11 H17 N1 O3,2.0,2.4899999999999998,32,P21
ATAHUZ,"C24 H21 Br1 N2 O3,C1 H2 Cl2",1.0,4.98,51,P212121
KUQGOW,C13 H8 N6,1.0,7.48,27,P21
CUYLAJ,C10 H6 N2 O4 Se2,0.5,2.6,24,P21/n
YEQFOP,C14 H13 N1 O2,1.0,4.8,30,Pbca
ZUDDOT01,C20 H12 F12 O2 Si1,1.0,4.859999999999999,47,P21/n
JASTAY01,C16 H10 Cl8,1.0,4.5,34,C2/c
XIFSOY,"C15 H12 O6,C1 H2 Cl2",1.0,4.73,33,P21/c
VUWDEY,C20 H27 Br1 N2 O2,1.0,2.4,52,P21/c
SAWHIJ,C27 H30 N2 O2,2.0,3.95,61,P212121
ACETUY,C15 H14 O3,1.0,3.87,32,P21/n
HXQUIN13,C9 H7 N1 O1,1.0,2.5500000000000003,18,Fdd2
RIWQET,C13 H12 N4 O4,1.0,4.49,33,P21
QUWKUR,C23 H15 N3,1.0,5.0,41,P21/c
LAVWEL01,C19 H19 N3 O3,1.0,6.3,44,C2/c
POVLOB,"C1 H6 N3 S1 1+,H2 O4 P1 1-",1.0,3.9,11,C2/c
AGAMEA01,C18 H20 O4,1.0,4.26,42,P21/c
WERVEU06,C6 H6 N4 O4,1.0,3.02,20,P21
ULISUD01,C12 H12 O2 S2,0.5,4.55,28,Pbca
HAHZOF,C16 H19 N1 O5,1.0,6.1000000000000005,41,P21
SAJNEB,C28 H20 O4,1.0,5.75,52,P21/n
LOKCIA,C28 H25 N1 O3,1.0,3.63,57,C2
ISATAA,C16 H21 N1 O5,1.0,3.01,43,Pna21
IPAROJ,"2(C16 H11 Cl1 N2 O2),C4 H8 O2",1.0,6.68,32,P-1
BONTAC,C20 H25 N1 O5,1.0,2.65,51,P212121
TUBVUJ,C21 H16 Cl2 N2 O1,1.0,5.36,42,P-1
DEQFEN,C21 H20 N2 O1,1.0,5.5,44,P-1
AGASUY,C13 H15 N1 O2,1.0,4.3999999999999995,31,P21
KODRIF,C9 H14 As2 I2,1.0,2.86,27,P21/c
POBYUE,C16 H15 N3 O1,1.0,4.05,35,P21/n
UTITAT,C16 H12 N2,2.0,5.78,30,Cc
NASKUN01,C12 H8 B2 O5,0.5,6.710000000000001,27,I2/a
KEHYIG,C20 H22 N2 O1,1.0,3.59,45,P212121
BUNYEQ,C15 H22 N2 O2,1.0,2.6100000000000003,41,P21
ORAVOW,C30 H20 O2,1.0,4.2700000000000005,52,P21/n
RARMAA,C20 H16 N4,1.0,3.81,40,P21/n
EQAXAY,C21 H24 N2 O4 S1,1.0,7.42,52,P21/c
YEDKEA,C14 H11 N3 O6,1.0,4.67,34,C2/c
MORPIT,C20 H26 N4 O6,1.0,7.32,56,P21/c
CIZXUG,"C12 H6 N2 O2,C2 H6 O1",1.0,3.95,22,P-1
IVEROT,C13 H9 N3 O2,1.0,4.8500000000000005,27,P-1
ZUWZUO,C14 H14 O1,2.0,3.16,29,C2
ESOPOT,"C15 H11 B1 F2 N2 O1,H2 O1",1.0,3.9,32,Pbca
DIJNAM,C18 H17 N1 O4,1.0,5.3100000000000005,40,P21/c
LESQUX,C26 H22 N2 O4,1.0,3.77,54,P21/c
VESFUV01,C16 H12 O5 S1,1.0,3.45,34,P21/n
IZAHOJ,"C6 H8 N2 O2,C7 H6 O3",1.0,3.66,18,P-1
UVUGIF,C13 H12 Cl1 N3 O4 S1,1.0,3.39,34,P21/c
BIFVAP01,"C20 H17 O8 1-,C15 H22 Cl2 N1 O1 1+,C2 H6 O1 S1",1.0,5.0,45,P21
VAYBUW,C18 H21 F4 N3,1.0,3.7800000000000002,46,P21/n
JUPXAT,C22 H22 O2 S3,1.0,3.8000000000000003,49,P-1
ECEROT,C23 H23 N1 O2,1.0,6.2,49,Cc
KOQSES,C10 H11 N1 O3,1.0,3.74,25,P21/c
XEQXAV,C24 H27 N1 O5 S1,1.0,4.859999999999999,58,P-1
CIRBUA,C3 H11 N1 O6 P2,1.0,2.95,23,P21/c
GIKREA01,"C12 H8 N2,C6 F4 I2",0.25,1.66,22,Pnnm
JADPEM,C13 H10 Br1 N1 O1 S2,1.0,3.8699999999999997,28,P-1
GOVMIN,C19 H15 N1 O4,1.0,4.1,39,P-1
GACPOS,"C20 H22 N2 O3,C1 H4 O1",1.0,3.61,47,P212121
TAZMEP,"C6 H4 B1 F3 O2,C8 H6 N2",1.0,5.01,16,P21/c
GISLUR,C20 H20 N2 O2,0.5,4.77,44,P21/m
TUFXUP,C21 H25 N3,2.0,4.52,49,P-1
ELOPAY,C15 H12 Br1 N1 O2,1.0,1.78,31,C2/c
UHEDEU,"C8 H12 N2,C10 H8 N2,C10 H8 N2,2(C6 H5 Cl1 O2)",0.5,3.73,22,P-1
KIRMAD,C10 H6 N6 O1 S1,1.0,3.1199999999999997,24,P212121
AKOZOQ,C17 H18 O3,1.0,3.58,38,P21/c
UYEZEE,C15 H13 Cl1 I2 Te1,1.0,4.0600000000000005,32,P-1
RIDZUD,C15 H12 N4 O2 S1,1.0,4.55,34,P21/c
IVUQIZ02,"C13 H12 F2 N6 O1,H2 O1",1.0,3.2,34,P-1
LIPDOH,C15 H18 O5,1.0,2.36,38,P212121
PELWEJ,"C8 H18 O14 Sr1,2(H2 O1)",1.0,2.12,41,P212121
THIOUR30,C1 H4 N2 S1,1.5,5.2,8,Pnma
JAMBEH,C18 H14 O4,1.0,5.0200000000000005,36,P212121
HEVWOU,C10 H11 Br1 O4 S1,1.0,4.01,27,P21/c
CERLAM,C16 H21 N1 O4,1.0,6.93,42,C2/c
WUNKEZ,C20 H26 N4 O7,1.0,2.4899999999999998,57,P1
YOVKIG,C12 H9 Cl1 N2 O1,1.0,3.11,25,C2/c
GAFBOI,"C19 H21 N2 1+,F6 P1 1-",2.0,6.43,42,P21/n
JUPMIS,C17 H13 N1 O2 S1,2.0,2.85,34,P21
KIFLEQ01,"C1 H7 N4 1+,N3 O4 1-",1.0,3.48,12,Pc
COXZAS07,C12 H12 N2 O2,1.0,3.51,28,P21/a
USIZAY01,C16 H14 O5,1.0,3.56,35,P-1
SAQLEF,C15 H10 O5,1.0,4.07,30,P212121
ZUQREK,C6 H8 O3,1.0,2.5,17,P212121
BOJNOE,"C4 H12 N1 1+,C8 F20 N1 O2 P2 1-",2.0,5.3,33,P21/n
MAVBER,C30 H26 O1,1.0,6.3100000000000005,57,P21/c
QAWXOC,C12 H17 N3 O1 S2,1.0,4.03,35,P-1
RONTAT,"C19 H22 N2 O1 P1 1+,2(H2 O1),Cl1 1-",1.0,5.63,45,P212121
SAHXUZ,C19 H18 F3 N1 O3,1.0,2.46,44,P21
BENLUE,C22 H32 F2 N4 O4,1.0,4.8,64,P-1
UKUCEM,C12 H13 N3 O3 S1,2.0,4.02,32,P21/c
EQANAN,"C12 H10 N4,C3 H7 N1 O1",1.0,3.5999999999999996,26,P-1
ITELIG,C19 H25 N1 O4,1.0,3.06,49,P212121
AFADUK,C23 H20 Br1 F2 N1 O3,1.0,3.46,50,P21/c
WAMGEW,C27 H19 Br1 O3,1.0,6.1000000000000005,50,P-1
HEPSOO,C16 H18 F1 N1 O2,1.0,3.2399999999999998,38,P31
ADUHIQ,C17 H23 N1 O5,1.0,4.09,46,P212121
HOWYID,C11 H11 N1 O2,1.0,5.29,25,Pna21
IMAZOL26,C3 H4 N2,1.0,5.92,9,Aba2
ZITVUW,"C11 H18 F3 N1 O4,H2 O1",1.0,4.72,37,P21
TISNAN,C13 H19 N1 O1,1.0,4.0,34,P21/n
QEWPEQ01,C15 H15 N1 O1,1.0,4.0,32,C2
UKONIR,C27 H33 B1 N1 P1,1.0,3.35,63,P212121
JUKDIC,C12 H17 N1 O4,1.0,3.48,34,C2/c
WOHNIS,C21 H37 N1 O1 S1,1.0,5.41,61,P-1
AVUCUR,C16 H21 N1 O4,1.0,6.8500000000000005,42,P-1
CAZQAX,C7 H12 N2 O2,1.0,3.5300000000000002,23,P-1
GOLCOC,C14 H14 N2 O2 S1,1.0,3.1399999999999997,33,P21/n
SAGZIL,C21 H21 Br1 O2 S1,1.0,3.74,46,P21/c
ANUXUE,C13 H18 N2 O4,1.0,5.680000000000001,37,P21/n
FAWGAN,C19 H17 N1 O4,1.0,2.5300000000000002,41,P212121
TECTEB,"C15 H16 N4 O1,H2 O1",1.0,5.21,36,P-1
BECKED,C21 H22 O7,2.0,3.5999999999999996,50,P-1
KUZKOH,C22 H22 N4 S3 Si2,1.0,6.18,53,P-1
LEHQAU,C20 H23 Br1 O1,1.0,5.33,45,P21/c
ONOFAC,C21 H17 N1,1.0,6.97,39,P21/c
BAQGEI,C23 H17 F1 N2 O4,1.0,4.569999999999999,47,C2/c
DULJIF,C24 H24 N4,1.0,2.78,52,P212121
XIZZEN,C19 H19 N1 O2 S1,1.0,2.22,42,P212121
ZICRAG,C16 H11 I1 O2,1.0,4.26,30,P21/n
IBAVIT,C18 H23 N1 O5,1.0,5.390000000000001,47,Pbca
SEZYON,C27 H29 N3 O1,1.0,4.3999999999999995,60,P-1
KEDPAL,C8 H17 O2 P1 S1,1.0,4.5200000000000005,29,P21/c
JIVPAI,"C22 H16 N4 O2 S1,C1 H4 O1",1.0,4.01,45,P21/c
VICKOJ,C21 H21 Br1 O4,1.0,3.82,47,P212121
POXFOB,C26 H19 Cl1 O2,1.0,4.4799999999999995,48,P21/c
GEJHOS,C18 H32 N2 O2 Si2,0.5,4.4,56,C2/c
XUMZUB,C20 H24 O3 Si2,1.0,4.19,49,P-1
QOLPUE,C19 H25 N1 O3 Si2,1.0,5.16,50,Pbca
KACTIS,"C17 H20 N3 1+,I3 1-",1.0,4.11,40,P-1
QUYJOM,C18 H24 N1 O4 P1,1.0,5.24,48,P-1
SONYAV,C17 H16 N2 O3,1.0,5.6000000000000005,38,P21/n
NEFYEE,C18 H28 N2 O3,1.0,7.44,51,P-1
TEFSAA,C22 H21 Cl1 O1,1.0,3.11,45,P43
FAYZUD,C17 H21 N5 O4 S1,1.0,3.18,48,C2/c
IPAQUN,C20 H19 N1 O2 S2,1.0,3.5900000000000003,44,P21
YOKPAT,C12 H12 N2 O2,1.0,2.65,28,P212121
AWEVIK,C22 H22 N2 O7 S1,1.0,3.56,54,P-1
SULMIV,C18 H28 Si3,0.5,3.8000000000000003,49,Pnma
BDORLA10,C10 H10 N2 O7,1.0,3.2,29,P1
WOVJIC,"C18 H13 N3 O4,2(C9 H7 N1)",1.0,4.390000000000001,38,P21
WOYTOV,C29 H25 Br1 O2,1.0,2.34,57,P21/c
AQIKIV,C19 H14 N4 O2,1.0,4.2,39,P21
NUVREF,C24 H23 N1 O3 S1,2.0,3.85,52,P-1
ICOXUT,C14 H13 N3 O2,1.0,2.9,32,P21/c
IXOKUD,C9 H18 I1 N1 O3 Si1,1.0,7.290000000000001,33,P21/n
XAMLUU,C24 H15 Br1 O4,1.0,4.2,44,P21/c
DOFZIL,C14 H15 N1 O2,1.0,6.3,32,P21/c
TOQDUA01,"2(C9 H17 N2 1+),Cl6 Te1 2-",0.5,2.15,28,P21/c
WUTLAZ,C22 H24 O6,1.0,4.78,52,P212121
PIDYEH,"C11 H16 N1 O2 1+,Cl1 1-",1.0,3.59,30,P21/n
OSIGAZ01,C11 H22 N3 O3,1.0,4.65,39,Pna21
NEDRUN,C15 H18 O2,1.0,3.16,35,P212121
OBUGUR,C21 H19 Cl1 N2 O1,1.0,5.28,44,P21/c
JOJGEY,"C12 H10 Br1 I1 N1 1+,1.5(C6 F4 I2),I1 1-",1.0,3.1199999999999997,25,Pbca
SOJNAG06,C2 H5 N3 O1 S1,1.0,1.1400000000000001,12,P21/c
OXUQIL,C18 H18 Br1 N3 O3 S1,2.0,6.239999999999999,44,P21/c
PUNPIB,C15 H16 Br2 N2 O2,2.0,3.83,37,P-1
PUMQAP,"C7 H11 N2 1+,C6 H4 N1 O3 1-,C6 H5 N1 O3",1.0,5.4,20,P212121
YIDDAS,C6 H12 I6 O1 Si2,1.0,4.15,27,P21/n
HEKZII,"I2,C6 H12 N2,C1 H1 Cl3",0.5,2.65,20,Pnma
PESBAT31,"C7 H7 N2 1+,C8 Cl2 N2 O2 1-",1.0,3.34,16,P21/n
AZEMAW,C25 H21 Cl1 Si1,1.0,5.48,48,P-1
NECVAS,C18 H18 N2,2.0,4.6000000000000005,38,P21/c
HITDOF,C14 H24 N2 O3,2.0,4.87,43,P-1
FIFGAC01,C23 H30 N2 O4,1.0,4.73,59,P212121
BELGOR,"C4 H7 N4 1+,C3 H3 O4 1-,H2 O1",2.0,3.7699999999999996,15,P-1
NOFCOD,"C26 H22 N2 O8 2-,2(C6 H16 N1 1+)",0.5,3.93,58,P21/c
HUZKIW,C20 H22 N2 O1,1.0,4.97,45,P21/c
CIYNUX,C29 H12 B2 F20 Si1,1.0,3.5999999999999996,64,Pbca
IHUSUB,C16 H11 Cl1 N2 O2,1.0,4.34,32,P21/n
TOYSIJ,C20 H25 N1 O4,1.0,6.42,50,P-1
YUYYAS,"C6 H10 N2 2+,H2 O7 P2 2-",1.0,2.8000000000000003,18,P-1
BUFTED01,C19 H26 O3,2.0,2.8899999999999997,48,P21
SUTLAX,C25 H21 Br1 N2 O3,1.0,5.58,52,Pca21
KEBLEJ,C18 H20 N2 O3,1.0,3.58,43,P21/c
KETJUP,"C8 H20 N1 1+,C7 H16 B11 1-",1.0,6.86,34,P21/c
TIZJEV,C20 H26 O6,1.0,3.1,52,P21
NEPWUB03,C30 H20 N2,1.0,4.18,52,P212121
IQEKAT,C26 H17 F3 N2 O4 S1,2.0,5.26,53,P21
XESFIN,C19 H15 N3 O3 S1,1.0,4.82,41,P-1
TICQOO,C19 H22 N2 O2 S2,1.0,5.24,47,P21/n
AGUGIU01,C18 H19 N1 O3 S1,1.0,3.61,42,Pc
FIDCOM,C28 H25 N3 O4,1.0,4.5600000000000005,60,C2/c
COMVAF,C18 H30 O4,1.0,4.54,52,P21
NUXXIN,C28 H26,1.0,5.1000000000000005,54,P21/a
QEDGAK,C11 H9 N3 O3,1.0,6.460000000000001,26,P21/c
HEGZUS,"2(C12 H10 N4),C6 H6 O2",1.0,4.9399999999999995,26,P-1
DAJFUS,C18 H26 O2 Si1,1.0,3.45,47,Pna21
DIQDUF,"C13 H11 N3 O5 S1,C3 H7 N1 O1",1.0,3.51,33,P-1
WIXGAO,C21 H24 N2 O2,1.0,5.8999999999999995,49,P21/n
NOQYEA,C8 H8 Cl1 N1 O5 S1,1.0,3.19,24,P21/n
FOGSIF,C22 H32 O6 P2,1.0,5.779999999999999,62,P21/c
TIXBOS,C19 H20 I1 N1,1.0,5.4,41,P21/c
AFIFAZ01,C15 H26 O2,2.0,6.64,43,P21
XOGBEB,C8 H16 N2 O2 S1,1.0,5.53,29,P-1
RONLEL,C13 H9 Br2 N1,1.0,3.95,25,P21/c
ALOMOG,C18 H17 N1 O1,1.0,4.96,37,P21/c
XUJQUS,C14 H12 O3,0.5,3.0700000000000003,29,P21/m
SAGJIV,C10 H12 O4,1.0,3.48,26,P21/n
VOMGIR,"C14 H20 Ca1 O9,5(H2 O1)",0.5,4.73,44,Pnma
QOKRAL,C23 H26,1.0,4.61,49,P21
DUNHUQ,"2(C5 H6 N3 O2 1+),H2 O7 P2 2-",1.0,3.31,16,Pca21
TPEPHO23,C18 H15 O1 P1,1.0,5.63,35,P21/c
ROJXUM,C18 H24 N1 O2 P1,1.0,2.75,46,P212121
OCUZAR,C14 H11 N1 O4,1.0,4.01,30,P21/c
JOLLAZ,C14 H15 Br1 O5 S1,1.0,2.88,36,P21/n
OCASOD,C21 H19 P1,1.0,4.06,41,P21/c
NILBIX,C20 H20 O6,1.0,3.49,46,P21/c
ASIGUH,C16 H23 N1 O2 S1,1.0,6.08,43,P21/c
EFIGAE,C19 H26 O4,1.0,4.38,49,P212121
EDOTEX05,"C9 H17 N2 1+,Br1 1-",1.0,4.17,28,P21/c
SETGOO,C15 H13 Br1 O5 S1,1.0,3.48,35,P-1
VIJFOK,C13 H14 N2 O6,1.0,4.2,35,P212121
ROTMUK,"C13 H16 F5 N2 1+,Br1 1-",1.0,5.83,36,P21/n
CAHTUD,C24 H16 N2 O2 S1,2.0,4.41,45,P21/n
KIJFIV,C17 H13 N1 O3,1.0,3.52,34,P21/n
DUGQOL,C18 H19 N3 O4,2.0,4.21,44,P212121
XIJNIN,C13 H20 O6 S1,1.0,3.83,40,P-1
BATKIR,C18 H23 O1 P1,1.0,4.2,43,P212121
WIFQUY,C24 H26 N4 O7,1.0,5.5,61,P21/c
YOKXED,C24 H20 Br1 N1 O4,1.0,2.52,50,P-1
KEYDAU,C26 H26 N2 O4 S2,1.0,4.54,60,P-1
RBTCNQ,"C12 H4 N4 1-,Rb1 1+",1.0,6.57,20,P21/c
RIZPOH,C22 H29 P1,2.0,4.72,52,P-1
PEFFEM,"C8 H22 N2 2+,2(H4 B5 O10 1-)",0.5,5.29,32,P21/c
VOMKAM,"C9 H14 N4 O3,H2 O1",1.0,2.33,30,P212121
BUCWAA,"Br3 O6 1+,C1 F3 O3 S1 1-",1.0,1.35,9,C2/c
MAQWIM12,C10 H10 D2 N2 O2,1.0,6.99,26,Pna21
NUYROS,C28 H22 N2 O2 S2,1.0,6.950000000000001,56,P21/n
WEWCUZ,C17 H25 N1 O4 S1,1.0,2.54,48,P21212
QOPSAQ01,C19 H21 Cl1 O1,1.0,7.08,42,P21/c
DIRHAP,C16 H14 N6 O1,1.0,5.59,37,P21/c
LUYLOI,C22 H19 N3 O3,2.0,3.4799999999999995,47,Pna21
HAGCEA,C17 H15 O2 P1,1.0,4.45,35,P21/c
XUXDIG03,C22 H19 F1 N2 O1,2.0,6.99,45,P-1
VENPIP,C7 H17 B2 N3,1.0,3.36,29,P21/n
BADJOH,C22 H23 N1 O10,1.0,3.91,56,P21/c
UZOKUS,C21 H19 N1 O2 S2,1.0,4.569999999999999,45,P-1
XASWOH,C5 H3 N5 O2 S3,1.0,4.91,18,P21/c
HONTOT,C32 H26 O4,0.5,3.91,62,P21/c
OCEJIT,C16 H13 N1 O2,1.0,4.41,32,P-1
HEGHUZ,"C18 H17 N6 O3 1+,Cl1 1-,2(H2 O1)",1.0,4.51,44,P21/c
PUBSUD,C15 H15 N1 O2,2.0,3.88,33,P21/c
WORFOC,C7 H9 Br1 N4 O2 S1,1.0,2.67,24,Pbca
IXIPIR,C18 H18 N2 O1,1.0,6.21,39,P21/c
ZUKXEI,"2(C5 H7 N3 O1),C6 H10 O4",0.5,6.0,20,P21/c
DUPQUE,"C6 H4 F1 N2 Se1 1+,Cl1 1-",1.0,2.5,14,P21/c
UNODEJ,"C16 H26 N2 O4 2+,2(H2 O1),2(Cl1 1-)",0.5,3.08,48,P21/c
RASXAN,C14 H28 N2 O6 S1,2.0,6.93,51,C2
BUCSUP,C22 H30 O7 S1,1.0,3.0,60,P21
GIXLOR01,"C6 H10 N3 O2 1+,I1 1-",1.0,1.1900000000000002,21,P21
SALIAC27,C7 H6 O3,1.0,5.35,16,P21/c
FAMZUS,C11 H9 Br1 O4,1.0,1.77,25,P21
WOHVEY,C13 H11 N1 O5,1.0,4.67,30,P21/c
YOPFAN,C8 H10 N2 O3 S1,2.0,3.9699999999999998,24,P21/n
YIQJIT,C17 H30 O4 Si1,1.0,3.35,52,P21
EQUXOD,"C3 H5 N2 1+,C6 H7 O4 1-",1.0,4.34,17,Cc
AWIQEE02,C17 H17 N3 S1,1.0,4.04,38,P-1
EZEDIX,C26 H28 N2 O3 S1,1.0,6.38,60,P212121
IBOBAD,C23 H22 N4,1.0,5.33,49,P-1
UFOMEI,C22 H16 Cl2 O2 S2,0.5,4.83,44,C2/c
RICFUF,C20 H23 N3 O5,1.0,3.7,51,P21/n
XOBGUR,"C26 H22 O2,C13 H15 N1 O2",1.0,3.89,50,P21/c
HIDPIU,C14 H11 N1 O1 S2,2.0,3.3000000000000003,29,P-1
TOKYUN,C16 H21 Br1 N2 O2,1.0,6.42,42,P21
GINDUC,"2(C8 H20 N1 1+),O3 S2 2-,2(H2 O1)",1.0,3.0,29,P21
KAZVIT,C17 H17 N1 O2 S1,1.0,4.37,38,P212121
PACBIE,C18 H25 N1 O3,1.0,5.4,47,P212121
AMUVOV,C9 H9 N1 O2 S1,1.0,6.36,22,P21/n
EJUCEU,C16 H14 N6 O4,1.0,5.89,40,P21
JIPDUH,"C8 H18 N1 O1 1+,C8 H7 O3 1-",2.0,5.1000000000000005,28,P212121
WUZTOA,C13 H28 N6 O1,1.0,5.44,48,P-1
RURDAM,C14 H19 N1 O2,1.0,4.5,36,P21/n
CANBEZ,C9 H12 N4,0.5,6.8100000000000005,25,C2/c
PAHSAX,"C7 H3 N7 O8,1.5(H2 O1)",1.0,6.93,25,P21/c
MODQED,"C21 H13 B1 F2 N2 S4,C21 H13 B1 F2 N2 S4 1+,As1 F6 1-",1.0,5.970000000000001,43,P2/a
EHEQUF,"C15 H13 N1 O3 S2,2(C1 H4 O1)",1.0,5.58,34,P-1
BOJWAZ,C9 H14 N2 O4 S1,0.5,4.01,30,C2/c
FAHDEX,C18 H17 Cl1 O7,1.0,6.0,43,P-1
ETASIB,C4 H5 N3,2.0,5.42,12,Pcab
DAFQOT01,"C7 H5 N1 O5,C3 H7 N1 O1",1.0,4.89,18,P21/c
BASHUA,C22 H20 N2 O4,1.0,3.17,48,P212121
CEXZAH,"C1 H7 N4 1+,C4 H5 O6 1-,H2 O1",1.0,2.59,15,P212121
ZIKSIY,C17 H12 Cl1 N1 O3,2.0,4.02,34,P-1
XOHDAB,"C7 H7 N3 O1,H2 O1",1.0,2.65,18,P-1
ZILJOV,C19 H20 N2 S1,1.0,4.82,42,P212121
DINPEV10,C15 H12 O1,1.0,3.5,28,P21/n
GAWFEQ,C21 H17 N1 O1,1.0,3.64,40,P21/c
SUQHER,C21 H28 N4 O4,1.0,5.59,57,P212121
SEFSIF,C6 H8 O2,0.5,4.0,16,C2/m
MOHQEJ,C32 H22 N2,2.0,5.11,56,P21
CABCIR01,C12 H15 Cl2 N1 O5 S1,1.0,4.4,36,P212121
QQQAKV01,C28 H18 O4,0.5,5.11,50,P21/c
QUGQIW,C31 H23 N3,1.0,3.1,57,P212121
SOGXAR,C23 H21 N3 O3,1.0,3.04,50,P212121
QAMCAM59,C6 H12 N4,0.041666666666666664,3.6999999999999997,22,I-43m
JADSEP,"C18 H20 N3 1+,I1 1-",1.0,3.35,41,P21/n
ACIQEI,C9 H14 Br1 N1 O1,1.0,2.89,26,P21/n
RUKWUS,C23 H23 N1 O3,1.0,5.4,50,P-1
WIVHIW,"C15 H14 N1 O3 1+,H2 O4 P1 1-",1.0,2.8400000000000003,33,P21/c
GAGKOR,"2(C2 H8 N1 O6 P2 1-),C4 H12 N2 2+,4(H2 O1)",0.5,3.2800000000000002,19,P-1
COJTUQ,"C10 H18 N2 O4 S2 2-,2(K1 1+),3(H2 O1)",1.0,4.69,36,P21
SAGDIP,C23 H17 N1 O5 S1,1.0,4.38,47,P-1
NUYPAY01,C20 H20 Cl8 O4,1.0,2.4299999999999997,52,P21
XOZXES,C21 H15 N1 O1,1.0,5.81,38,P-1
IFIYAX,"C7 H15 N3 O6,2(H2 O1)",1.0,5.6000000000000005,31,P212121
BUXWUM,"C17 H14 N1 O5 1-,Na1 1+,3(H2 O1)",1.0,3.9,37,C2/c
ISEJIA,C24 H24 N2 O4,1.0,4.9,54,P212121
MOLJAY,C18 H24 O2,1.0,5.86,44,P21/n
ERUKEK,C20 H14 N4 O3,1.0,4.49,41,P21/n
OGUTOB,"C9 H10 N4 O2 S2,0.5(C6 H10 O4)",1.0,2.91,27,P21/c
LTHREO07,C4 H9 N1 O3,1.0,5.72,17,P212121
BOLXIJ,C15 H22 O4,1.0,3.3000000000000003,41,P21
GABLUV,C16 H18 O3,1.0,6.77,37,P21/c
DOPLOL05,C7 H6 N4 O5,1.0,4.390000000000001,22,P21/c
TUXBIA,C14 H17 B1 F1 N1 O2,1.0,2.92,36,P212121
GIHSID,C24 H21 N1,1.0,6.43,46,C2/c
HIQWEJ03,C10 H8 N2,2.0,4.7,20,P-1
VEFLEZ,C10 H13 N2 O2 P1,2.0,4.29,28,P21/c
NOQXEA,"C17 H19 N1 O7,C4 H8 O2",1.0,3.83,44,P21
FOXNUB01,"C1 H6 N3 1+,B1 F4 1-",0.17,4.6000000000000005,10,R3m
YAXWAV,C9 H3 N5 Se4,2.0,7.1,21,P21/c
ESUTEU,"C12 H11 N1 O3 S1,C6 H7 N1",1.0,5.4399999999999995,28,P-1
SOXZUC,C20 H26 N2 O5 S2,1.0,4.38,55,Pbca
TODLEF,"C16 H21 N1 O1 P1 S1 1+,C12 H10 O1 P1 S1 1-",1.0,3.9,41,P-1
KOQQIU,C19 H13 P1 S1,1.0,3.38,34,C2/c
ACAJOH,C23 H20 N2,1.0,6.41,45,P-1
WOVXOX,"C7 H9 N2 O2 1+,H1 O4 S1 1-",2.0,4.43,20,Pna21
RUMHUG,C16 H9 N1 O1 Se1,1.0,2.67,28,P-1
MEKZEL,C16 H25 N1 O3,1.0,6.76,45,Pbca
SAVMOU,"C10 H4 O8 2-,2(C5 H7 B1 N1 O2 1+),2(H2 O1)",0.5,5.6000000000000005,22,P-1
YUXDEC,C16 H29 N1 O2,1.0,3.27,48,P212121
ZAFPIK,C27 H19 N3 O3,1.0,4.25,52,P21/n
DOJGOB,C14 H20 F2 N2 O3 S1,1.0,6.569999999999999,42,P212121
HOSPIR,C20 H17 N5 O4,1.0,4.2,46,P21/c
GODXIJ,C20 H17 N1 O8,1.0,4.33,46,P-1
RATSIS,C20 H15 F1 O4,1.0,4.9,40,P21/c
CUQNIL,"C4 H12 N1 1+,C1 N1 S1 1-,O2 S1",1.0,2.95,17,P21/c
DALSUI,C21 H22 O6,1.0,4.38,49,P-1
KEYXOD,C14 H14 Cl1 N1 O4,1.0,4.63,34,P21/c
LAKHOU,C20 H22 F6 N2 S1,2.0,3.99,51,P21/n
IWATEF,"C15 H25 O1 1+,F6 P1 1-",1.0,5.66,41,Pc21n
FEGSUH,C12 H24 Ca1 I2 O4 Se2,0.5,5.73,45,C2/c
SUCSOY01,C20 H26,0.5,5.07,46,P-1
UDUTOD,C12 H13 N1 O3,2.0,4.6000000000000005,29,P-1
TEKZOB,C16 H21 N1 O3,1.0,4.279999999999999,41,Pccn
ACETOT,"C14 H13 O3 1-,C9 H14 N1 1+",1.0,5.54,30,C2
TIDMAU,C21 H38 N2 O2,1.0,5.7,63,P212121
NPTHDO,C10 H6 O2 S1,1.0,5.1000000000000005,19,P21/c
CATPIX,C15 H22 F6 O6,1.0,4.51,49,P21/c
ZZZNLI01,"H12 Mg1 O6 2+,2(C7 H7 O3 S1 1-)",0.5,5.7,19,P21/n
QUWXAI02,"C4 H8 N5 1+,C8 H5 O4 1-",1.0,4.4799999999999995,17,P21/c
BAFKOK,C26 H20 Cl2 N2 O3,1.0,3.2600000000000002,53,P21/n
NAFORM04,"C1 H1 O2 1-,Na1 1+",0.5,3.3000000000000003,4,C2/c
GAYZUD,C19 H18 Br1 N1 O1 S1,1.0,4.8500000000000005,41,P21/n
GUPFAB01,C15 H15 N1 O1,1.0,3.55,32,P21
FILQOJ,"C26 H24 N2 O6,C8 H10,2(H2 O1)",1.0,3.7699999999999996,58,P21
FANNUL,C14 H14,0.5,5.4,28,P21/c
BUQLEG,C17 H18 N4 O4,1.0,3.54,43,P21
QAVYAO,C18 H17 N3 O3,2.0,4.34,41,P21
BEJMUY,C20 H27 F3 O3,1.0,4.7,53,P21
ZEBVUB,C21 H26 N4 O2,1.0,3.9899999999999998,53,P21/n
QACXOI,C21 H18 O2,1.0,4.93,41,P21/n
DAGDOI,C23 H21 N3 O1,1.0,4.18,48,C2/c
BERJOX,C24 H26 N4 O4,0.5,4.4,58,P21/c
CEQRAR,C21 H21 N3 O3,2.0,3.72,48,I2
IKEGAJ,C22 H28 O3,1.0,4.17,53,P21
KUFCUN,C7 H7 N7 O2,1.0,3.7800000000000002,23,P212121
ACUWAZ,C18 H10 S2,1.0,5.4399999999999995,30,P21
TAMQUW,"2(C9 H7 N5),3(H2 O1)",0.5,5.609999999999999,21,C2/c
TOBSOU,"2(C8 H8 S4),C10 H2 N4",0.5,3.1199999999999997,20,P21/n
COLHIV,"2(C15 H10 O7),3(C6 H12 N2)",1.0,5.49,32,P-1
YUBFAF,C25 H22 N2 O3,1.0,4.109999999999999,52,P212121
WAXPIW01,C5 H6 N2 O1 S1,1.0,3.84,15,P21/c
VEWNIY,C20 H20 Cl3 F1 O2,1.0,7.06,46,P21
XAZMOB,C22 H16 N6,0.5,5.41,44,P2/n
DAGRAF,C7 H10 O2 S1,2.0,3.3000000000000003,20,P-1
QOCGEW,C16 H26 O1,1.0,5.4,43,P21
JAVMID,C17 H16 F2 O6 S1,1.0,3.09,42,P21/c
WOJNIS,"C20 H23 Cl1 N2 P1 1+,C1 F3 O3 S1 1-",1.0,3.43,47,P-1
WAHWUY,C21 H23 N1 O3,1.0,4.32,48,P212121
CENQIW,C23 H35 N1 O4,1.0,7.49,63,P212121
IHIWIH,C16 H21 N1 O4 S1,1.0,3.2099999999999995,43,P21
MTCDOL,C14 H22 O2,1.0,3.4,38,Pca21
UCOPOV,C20 H22 F4,1.0,4.760000000000001,46,Pbcn
POFTUD,C22 H15 F1 N2 O3,1.0,5.72,43,P-1
ONITAN06,C6 H6 N2 O2,2.0,6.93,16,P21/n
SEWNIV,C17 H16 N2 O5,1.0,5.3,40,P21/c
LIYMEO,C21 H22 Br2 O2 S1,1.0,5.28,48,P21/c
TUJVOL,C23 H14 F1 N3 O4,2.0,7.380000000000001,45,P-1
LIXQUF,C20 H21 N1 O2,2.0,3.88,44,P21/c
RANVAG,C16 H8 Br2 O2 S2,0.5,4.01,30,P21/n
DOLTED,"C8 H4 N3 O4 1-,H4 N1 1+",1.0,5.0,19,P21/c
BHMSIN01,C23 H26 Br2 O2,1.0,3.54,53,P212121
CPIBFC,C22 H16 O5,1.0,4.2,43,P21/c
JODMAQ,C16 H18 O2 Si1,1.0,6.0600000000000005,37,P-1
DUGKEV,C14 H14 O4,1.0,6.6000000000000005,32,C2/c
BUQHUU,"C26 H21 N2 O1 P1,C1 H4 O1",1.0,6.21,51,P-1
OCACUS,C27 H20 N1 O3 P1,1.0,3.92,52,P21/c
IZOPOC,"C10 H15 N3 O4 S1,H2 O1",1.0,3.52,33,P43
LANTIG,C15 H13 N1 O3,1.0,4.04,32,P212121
TMEAMI02,C3 D9 I2 N1,0.5,3.5,15,Pnma
TEHNEB,"C20 H11 Cl1 N2 O3,C3 H7 N1 O1",1.0,4.79,37,P21/c
AFOPAM,C20 H20 N4 O6,1.0,4.2,50,P21/n
LAFVIC,"C25 H30 N3 1+,B1 F4 1-",1.0,3.51,58,Pna21
JAFHAA,C19 H18 O4 S1,1.0,3.5300000000000002,42,P21
UTUNIJ,C16 H10 F3 N5,1.0,3.71,34,P-1
XOWBIY,C30 H24 O2,2.0,4.47,56,P21/c
MATECL03,"2(C1 H6 N1 1+),Cl6 Te1 2-",0.5,2.2399999999999998,8,P-31c
RAXSOB,C14 H13 F3 O3,1.0,3.88,33,P-1
KORXAS,C7 H7 N1 O5,1.0,3.53,20,P21/c
LEVDAU,C19 H19 N3 O9 S1,1.0,5.800000000000001,51,P21
FUSZOM,"C13 H21 N2 O2 1+,C7 H7 O3 S1 1-",1.0,3.65,38,P21/c
NIPVAM,C18 H21 N3 O4,1.0,7.04,46,C2
WOGBUT,"C7 H10 N1 O2 1+,C6 H1 Cl2 O4 1-,H2 O1",1.0,3.3099999999999996,20,P-1
TOBLUU,C18 H15 N3 O2,1.0,3.83,38,P21/c
VOCLEG,"C10 H10 As2 I6 N2,2(C3 H6 O1)",0.5,2.91,30,C2/c
YARTAP,C18 H14 F2 O2,1.0,5.92,36,P-1
BESWAB,C20 H19 F3 N2 O4 S1,2.0,5.74,49,P-1
RADYIE,C20 H12 F4 O1,1.0,5.34,37,P21/n
VAMSOT,"C20 H20 N1 O7 1-,C8 H12 N1 1+",1.0,3.68,48,P212121
XAFGUK,C17 H19 F1 N2 O3,1.0,4.92,42,P-1
EXULOY,C18 H15 N3 O4,1.0,3.97,40,P-1
BUZXOL,C12 H19 O2 P1,1.0,3.64,34,P212121
FEKZIG01,C19 H26 N2 O1,1.0,3.02,48,Pna21
RODVEP,C13 H10 N4 O4 S1,1.0,2.5700000000000003,32,P21/c
ABEMOK,C21 H27 N1 O4 S1,1.0,4.8,54,P21/c
FASDOS,C14 H10 O5,1.0,6.8,29,P21/a
IZUXEI,"C12 H8 S2 1+,C3 H9 B12 Cl11 N1 1-,O2 S1",1.0,2.62,36,P21/c
PEBYOO,"C18 H16 N1 1+,F6 P1 1-",2.0,5.17,35,P21/c
COVSAI,C14 H21 N1 O2 S1,1.0,2.73,39,Pna21
VUXHEB,"C13 H17 N2 O2 1+,Br1 1-",1.0,4.5,34,P21/c
DOKCIS,C12 H12 F1 N1 O2,1.0,3.1,28,P212121
FAHGEA,C17 H18 N2 O1,1.0,5.58,38,C2/c
WAMHAT,C18 H13 Cl9 O1,1.0,4.78,41,P21/c
LADDEB,"2(C5 H4 Br2 N2),C4 H4 O4",0.5,2.11,13,P21/c
LOLPAF,C20 H32 O1,2.0,4.14,53,I41
KALKAN,C15 H18 Cl3 N1 O4,1.0,2.18,41,P212121
LUYYIQ,C13 H9 N1 O4,1.0,3.9800000000000004,27,C2/c
XAJGAV,"C6 H14 N1 O3 1+,Cl1 1-",2.0,3.0700000000000003,24,P212121
XUSTIR,C28 H21 Cl1 N2 O3,1.0,5.76,55,P-1
TITNOC,C14 H15 N1 O2,1.0,4.0,32,C2/c
BOBGII,"C1 H4 N1 O3 S1 1-,K1 1+",1.0,3.6,10,P21/c
GAWMOH,C16 H14 I2 N2,0.5,2.61,34,Pbca
BATQAS,"C21 H23 N3 2+,C7 H3 N1 O4 2-,C6 H6 O2,C1 H4 O1,H2 O1",1.0,7.42,47,P-1
LITYIZ,C29 H25 B1 Br1 N1,1.0,4.1000000000000005,57,P-1
YAFTEJ,C25 H16 S1,1.0,5.74,42,Aea2
PUTWEI,"C10 H8 N2,C2 H6 N4 O4",1.0,5.36,20,C2/c
SUGHIN,"C19 H24 N1 O1 1+,I1 1-",1.0,4.8,45,P21/n
JODPAX,C20 H17 N1 O8,1.0,3.92,46,P212121
ELOHIZ,C15 H12 N4 O1,1.0,4.9399999999999995,32,P-1
QADYIG,C17 H15 Cl1 O3,1.0,4.78,36,C2/c
TUFSAO,C28 H28 N2 S2,1.0,3.31,60,Cc
VESSAO,"C3 H10 N3 1+,C10 H7 O3 S1 1-,H2 O1",1.0,5.59,21,Pbca
UPAPOR,C22 H35 O2 P1,1.0,5.28,60,P21
ZUSTUE,C34 H24 O2,1.0,4.61,60,P21212
CIWGAS,"C20 H26 N4 O2,C6 H10 O4",0.5,4.02,52,P-1
FIZLAD,C23 H20 N2 O3,1.0,4.29,48,P21/c
QERKII,C12 H11 N1 O3,1.0,5.9,27,P21/c
VIZYUA01,C30 H24 N4,0.5,4.63,58,Pbca
FILHAK,"C13 H14 N5 O1 1+,Cl1 1-,H2 O1",1.0,4.0200000000000005,33,P21/c
PUVWIQ,C22 H13 N1 S1,1.0,5.59,37,C2/c
LELWIL,C22 H17 N3 O1 S1,1.0,3.25,44,P21/n
REKHEX,C30 H24 N2,1.0,5.37,56,P21/n
HUDBAK,C13 H15 N1 O1 S2,1.0,4.1,32,P21
DAVBAG,C16 H19 N1 O4,1.0,3.65,40,Pna21
GUQDED,"C5 H19 B10 O1 1-,C16 H36 N1 1+",1.0,4.22,53,Pna21
DAGYIX,C21 H27 N3 O2,2.0,6.54,53,P21/c
VELSAI,C10 H18 Cl1 N2 O4 P1,0.5,4.25,36,P43212
OQICEZ,C8 H10 N4 O3,1.0,3.75,25,P21
ILESUP,"C23 H19 N7,0.5(C4 H8 O2)",1.0,5.2,49,P21/c
ELUZAQ,C10 H13 N1 O3 S1,1.0,4.33,28,P21/c
IYEPOT,C14 H11 N1 S2,1.0,3.5000000000000004,28,P21/c
BADRAE,C11 H10 N8 O8,1.0,4.62,37,P21/c
IRASEB,C14 H16 N2 O3 S1,1.0,4.61,36,P21/c
JODVII,C12 H18 O2,1.0,4.34,32,Pca21
PONWAT,C19 H17 F3 O2,1.0,2.19,41,P212121
TANPOR,C12 H13 N5 O3,2.0,6.5,33,P1
BIQCUZ,C15 H18 N2 O1,1.0,4.97,36,P21/c
PONCAX,C8 H9 O4 P1,1.0,4.83,22,P21/n
AXIROQ,C24 H16 Cl1 N1 O1 S1,1.0,4.88,44,P21/c
YISYOQ,C17 H13 N1 O6,1.0,3.54,37,P-1
ETEXAF,C13 H10 Br1 N3 O2,1.0,5.36,29,Pna21
EFAYAO,C21 H27 Cl1 O3 S1 Si1,1.0,4.75,54,P212121
UWEHAI,C20 H22 N4 O2,2.0,5.86,48,P21/c
GIKREA04,"C12 H8 N2,C6 F4 I2",0.25,1.82,22,Pnnm
UROYAE,C22 H15 N3 O2,1.0,4.71,42,P-1
VEDCEM,"C4 H10 N1 O2 S1 1+,Cl1 1-",1.0,2.6,18,P212121
ADEJID,C24 H18 N10 S2,2.0,4.36,54,P-1
KOSFON,C26 H33 N1 O2 Si1,2.0,2.88,63,P21
VUVZIX,C26 H19 Cl2 N1 O2 S1,1.0,3.6999999999999997,51,P-1
OVOFIP,C16 H14 O6,1.0,3.54,36,P212121
XEKNUX,C20 H18 N4,0.5,3.77,42,P21/c
ASOYOZ,C17 H22 O3,1.0,3.74,42,P212121
IZEQOV,C19 H20 N2 O2,1.0,4.81,43,P21/c
PETKIM,C25 H24 Br1 N1 O1,1.0,4.88,52,P21
WOGDAB,C10 H11 F5 O2 S2,1.0,3.0300000000000002,30,P21/c
NEFNOC,C29 H22 N4 O1 S1,1.0,3.0,57,P21/c
QOSROG,C25 H17 B1 Br1 N1 O3,1.0,3.15,48,P21
VOCFEA,C14 H11 Cl1 O2 S1,1.0,4.67,29,P21/c
JAQHIV,C15 H19 N1 O6 S1,1.0,6.38,42,P-1
YIJDUT,C22 H29 B1 N2 O2,1.0,6.0,56,Pbca
NUBJIH,"C27 H19 N1 O2,0.5(C3 H6 O1)",1.0,4.89,49,C2/c
LUZZAL,"C12 H10 N3 1+,Cl1 1-",2.0,5.7700000000000005,25,P21/n
OBEWID,C12 H9 Br1 O2,1.0,5.05,24,P21/c
CECKOM,C10 H10 N1 O2 P1,1.0,2.91,24,P21/c
NITYIA,C19 H16 N2 O2,1.0,5.63,39,P212121
COSSEJ,C17 H21 N2 O7 P1,1.0,6.11,48,P-1
VAWFIJ,C10 H14 N2 O2 S1,1.0,3.48,29,Fdd2
DLALNI10,C3 H7 N1 O2,1.0,4.15,13,Pna21
GEGGAD,C17 H23 N1 O2,1.0,3.88,43,P21/c
SAZJIN,C16 H17 N3 O4,2.0,5.12,40,P21
LABRIQ,C8 H2 F4 O2,0.5,3.85,16,P21/n
WIRMOZ,C8 H18 N2 O4 S1,1.0,4.87,33,Pbca
XOXBAP,C17 H21 Cl1 O2 S1,1.0,2.73,42,P21/c
IXUYIL,"C12 H8 N2,2(C6 H5 I1 O1)",0.5,6.460000000000001,22,P-1
YUBMER,C20 H24 N2,0.5,4.4799999999999995,46,P21/c
NAHSEV,C16 H28 N2 O3,2.0,3.89,49,I41
KAWJAU,C23 H22 F1 N1 O1,1.0,3.67,48,P21
BULWEN,C23 H24 I1 N3 O7 S1,1.0,4.31,59,P212121
ABEGAQ,C8 H12 N2 O2 S1,1.0,4.1,25,P21/n
GIHHUA,C10 H14 O4,1.0,4.1,28,P212121
NAXHAZ,C16 H11 F4 N1 S1,1.0,3.6900000000000004,33,P21/c
UPIBEE,C14 H11 N1 O4,1.0,6.64,30,P21/c
CAXNUL,C10 H4 F4,1.0,3.88,18,P21/n
TYRTHM,"C7 H7 N2 O4 1-,C8 H12 N1 O1 1+,H2 O1",1.0,7.0,22,C2/c
PEHPEX,C15 H19 N1 O3,1.0,4.2,38,P21/a
PELGUL01,C19 H20 O6,1.0,3.4000000000000004,45,P212121
TASRUA,C17 H19 N1 O3,1.0,3.5300000000000002,40,P212121
DESJET,C15 H14 N3,1.0,6.260000000000001,32,P-1
COYMIM,C15 H19 N1 O7 S1,1.0,3.3000000000000003,43,P21/c
REFWOQ,"C17 H20 N3 1+,I1 1-",1.0,2.57,40,Pna21
WUKSEB,C22 H23 N1 O2,1.0,3.96,48,P212121
CUKCAM04,C7 H4 N2 O6,1.0,3.8000000000000003,19,P21/c
RIHFIZ,C20 H17 N1 O1 S1,1.0,7.359999999999999,40,P21/c
NAZDOJ,C16 H11 Br1 N2 O1,1.0,4.04,31,P21/c
LAPQAW,C10 H10 N4 O1 S1,1.0,4.14,26,P21/c
QAQJIB,C18 H26 O1 S3,1.0,4.65,48,P-1
YOWTEJ,C20 H26 O2,2.0,6.8,48,P1
TIVGUC,C30 H20 O1,1.0,5.43,51,Pbca
AHUMOG,C28 H23 N1 O4,1.0,3.44,56,P212121
DINNIA,C19 H23 N1 O3 S1,1.0,7.249999999999999,47,P21/n
VIYGOC,C17 H17 N1 O3,2.0,5.6899999999999995,38,P-1
KAMPIA03,C17 H15 Br1 N2,1.0,3.6799999999999997,35,P21/c
FIFHAF,C20 H16 N4 S5,0.5,2.58,45,C2/c
SUZXIV,C15 H20 O5,1.0,3.25,40,P21
MELLAU,C18 H18 F3 N3 O5 S1,2.0,2.93,48,P1
DUKKOM,"C9 H12 N1 O5 P1,2(H2 O1)",2.0,6.88,28,P-1
RUSGOE,"C21 H30 O5,C1 H4 O1",1.0,3.01,56,P212121
DORJEC,"C22 H19 N5 O1,0.5(C4 H8 O2),H2 O1",1.0,3.7800000000000002,47,P-1
SAXBAW,C24 H32 N2 O6,1.0,3.08,64,P212121
TAZQAM,"C12 H13 N1 O4,H1 Br1",1.0,6.1000000000000005,30,P212121
EWATUS,"C22 H16 N4 O3,C4 H8 O2",1.0,4.39,45,P21
WAHKUM,C22 H26 S1,0.5,6.5600000000000005,49,Pbcn
IKOFEX,"C12 H10 N1 S2 1+,B1 F4 1-",1.0,7.340000000000001,25,P21/c
NUPJEN,C24 H22 N2 O4 S2,1.0,4.36,54,P-1
PEVPAL,C13 H13 N1 O2,1.0,5.4399999999999995,29,P21/c
ZUFRAT,C8 H6 I2 S4,1.0,3.6,20,P21/n
TIDLAX,C23 H31 Cl1 O5 S1,1.0,2.4899999999999998,61,P212121
NIJLIF,C5 H8 Br1 N3 O9,2.0,3.36,26,P212121
WOGSOE,C24 H24 O6,1.0,3.63,54,P212121
GEMHAL,C11 H21 B10 N3 S1,1.0,3.9600000000000004,46,P-1
PIWBAZ,C26 H21 N1 O2 S1,1.0,4.19,51,P-1
WOMKUE,C12 H14 N2 O2,1.0,3.41,30,P21/c
MUKXOI,"C8 H13 N3 O4 S1,C7 H6 O3",1.0,3.32,29,P21/c
ETOKUT,C10 H8 Br1 N3 O2,1.0,3.99,24,P212121
SIDGUJ,"C13 H11 N2 1+,C1 H4 O1,Br1 1-",1.0,4.97,26,P-1
YAFXOU,C21 H18 N2 O2,1.0,3.5500000000000003,43,P21/c
XALBAN,C13 H10 N4 O1,1.0,3.74,28,P21/c
ZUSXEQ,C14 H16 N2 O2 S2,2.0,4.5,36,P21
BATCOO,C4 H18 B2 N2,1.0,4.62,26,P21/n
MUTGOZ,C10 H8 O3 S1,1.0,2.27,22,P212121
UZEPUN,C21 H26 O6,1.0,3.46,53,P-1
CUDCUA,"C6 H7 N2 S1 1+,I1 1-",1.0,1.94,16,P-1
GOTQOZ,"C28 H16 Cl4 N2 O2,0.55(C2 H4)",0.5,7.430000000000001,52,P-1
DTHCTD10,C4 O4 S10,0.5,6.5,18,P21/n
LODTIJ,"C8 H16 N2 S1 2+,2(I1 1-)",1.0,2.1999999999999997,27,Pca21
MEKQUS,"C16 H8 N6,C2 H3 N1",1.0,4.3999999999999995,30,P-1
SOTDUA,"C21 H19 N4 O4 1-,C6 H16 N1 1+",1.0,7.3,48,P21/n
ZIYVUC,"C21 H30 O2,C7 H5 N1 O6",1.0,4.08,53,P21
BAXKUK,C21 H23 N1 O3,2.0,5.8500000000000005,48,P21/n
NOHMAA,C15 H19 N1 O8 S1,1.0,3.9,44,Pbca
AFAWIO,C29 H26 N4 O2 S1,1.0,4.89,62,P-1
CUJXUA,C18 H28 O1,1.0,3.4,47,P212121
DATCOS,"C7 H14 Cl1 N2 1+,C6 F4 I2,Cl1 1-",2.0,2.49,24,P-1
RUBLOT,C17 H16 O5,1.0,4.53,38,P21
YUFRAW,C21 H23 N1 O4 S1,1.0,7.359999999999999,50,P21/n
SOSWOO,C10 H7 N1 O5,2.0,3.32,23,P-1
COVWIT,C20 H27 N3 O4,1.0,3.4,54,Pbca
JIQFAT,"C8 H16 N1 O2 1+,C7 H5 O3 1-",1.0,4.2700000000000005,27,P21/n
BUHMOJ,C13 H16 N2 O1 S1,1.0,6.2700000000000005,33,Pna21
UWELEO,"C12 H28 N2 O3 P1 1+,Cl1 1-",1.0,3.49,46,P21/c
UTEWOH,C8 H8 F2 N2 O4,1.0,6.84,24,P-1
HACMOQ,"C7 H14 N3 1+,N1 O3 1-",1.0,3.51,24,P212121
HIHLUI,C27 H28 N2 O5,1.0,5.1,62,P21/c
RIZSEB,C27 H26 Cl1 N1 O3 S1,1.0,4.88,59,P21/c
XINFAB,C8 H18 O4,0.5,3.95,30,C2/c
MUMSAP,C18 H25 N1 O3 Si1,1.0,3.37,48,P21/a
BINWEE,C25 H18 Br1 N1 O1,1.0,3.9,46,P21/n
PENXAL,C23 H18 N2 O2,1.0,3.4099999999999997,45,P-1
VETHOS,C14 H10 Cl1 N3 O3 S1,1.0,4.0,32,P-1
NUNPIV,C22 H20 O6,1.0,4.0,48,P21/n
JUKVUG,C15 H28 N1 O7,1.0,4.0,51,P21
WOHGOR,C28 H22 N2,1.0,7.37,52,P21/c
SLFNMA07,C11 H12 N4 O2 S1,2.0,5.37,30,P21/c
JUHJOL,C22 H34 P2,2.0,4.63,58,P21/n
FUGGOD,C15 H14 O5,1.0,5.6000000000000005,34,P-1
BEFYAQ,C20 H15 N1 O4 S2,1.0,4.43,42,P21/c
OWISOF01,C14 H12 N4 O2,1.0,6.8500000000000005,32,P21/n
UBOYOD,C23 H15 F1 N2,2.0,4.03,41,P21
OJIGOD02,"C17 H38 N1 1+,Br1 1-",1.0,5.390000000000001,56,P21/c
IFAJIJ,C19 H18 O6,1.0,4.13,43,P212121
WADLOE,C14 H10 Cl1 N1 O3,1.0,4.33,29,P21/c
TAQBUJ,C16 H14 Cl1 N3,1.0,5.58,34,P21/c
EVUFIL02,"C6 H2 Cl2 O4,C6 Cl2 O4 2-,2(K1 1+)",0.5,4.76,14,P-1
XITBIO,C14 H15 N3 O4,1.0,5.19,36,P21/c
VAMDOC,C12 H32 N6 P2 S2,0.5,3.8000000000000003,54,P21/c
IKOGOI,C20 H15 N1 O2 S2,2.0,4.67,40,P-1
VUSVIR,C26 H16 N4,0.5,6.25,46,Pbnb
VUQSAE,C5 H7 N1 O3,1.0,3.2,16,P21/c
COBQEP,C19 H28 O3,2.0,3.9,50,P1
WEPDOO,C12 H18 N6,1.0,3.63,36,P212121
BUJVOS,C21 H17 N1 O2 S1,1.0,3.8200000000000003,42,P21/n
NAMZAG,C19 H15 F1 O2 S1,1.0,2.41,38,P32
OQOGIN,"C15 H10 O5,C12 H10 N2",2.0,4.73,30,P21/c
FOQQUZ,C21 H28 O4 Si1,1.0,3.63,54,P21/c
GURNUG,C15 H11 Br1,1.0,4.36,27,P21/c
GUYJUI,"C12 H10 I1 1+,C1 N1 S1 1-",1.0,2.87,23,P21/n
NAPPIH,"C18 H26 B1 Si1 1-,0.5(C4 H8 O2),K1 1+",1.0,7.42,46,P21/n
MAZSEN,C12 H15 N1 O2,2.0,3.58,30,P21
FUTJEM,C12 H11 Br1 N4 O1 S1,2.0,3.44,30,P-1
FUHKAY,C20 H24 N2 O2,2.0,5.56,48,P1
SESBIF,C20 H19 N3 O1,1.0,3.63,43,Pn
IGUFEX,C18 H18 N4 O2 S1,1.0,3.56,43,P21
HITZIX,C25 H13 F6 I2 N1,1.0,4.130000000000001,47,P21/n
DIHSEW,"C28 H24 N3 O6 S2 1-,C6 H16 N1 1+",2.0,3.95,63,P21
PILKUU,C20 H28 O5,1.0,4.390000000000001,53,P21
RUWPUX,"C18 H15 P1 S1,C6 F3 I3",2.0,3.83,35,P21/n
TOWHEW,"C7 H9 N1 O1,C8 H5 N1 O2",1.0,4.279999999999999,18,P21/c
NUXREG,"C19 H14 I1 1+,C1 F3 O3 S1 1-",2.0,2.6599999999999997,34,P212121
GUDHAS,C10 H12 Cl1 N1 O3 S1,1.0,4.63,28,P21/c
WIBMEA,C23 H16 N4 O1,1.0,5.1000000000000005,44,P21/a
YISCIM,C14 H19 N2 O3,1.0,4.9,38,P21
PUYWOZ,"C15 H10 O6,C6 H5 N1 O2",1.0,2.8899999999999997,31,Pca21
VUTVEP01,C16 H20 Cl3 Na1 O7,1.0,3.95,47,P21/n
WAFFUG,"C8 H7 N1 O4 S1,C10 H8 N2",1.0,3.75,21,P21/c
DINGUF,C12 H8 I1 N1 O1,1.0,2.4299999999999997,23,P21/c
WESXIC,C29 H26 F6 S2,1.0,4.96,63,P21/c
YIRJOZ,C10 H11 N1 O4 S1,1.0,4.8,27,P-1
ZEVKAM,C16 H20 N2 O3 S1,1.0,2.9,42,P61
NOCPIE01,C7 H10 O3,2.0,3.0300000000000002,20,P21
LAPZAF,C15 H14 Cl1 N1 O1,1.0,4.83,32,P21/c
NEQZEQ,C24 H26 N2 O2,0.5,4.12,54,P21/c
UXAXEX,"C10 H11 I1 O4,C2 H1 F3 O2",2.0,2.87,26,P-1
YUJQAX,C20 H8 N4 O2 S1,2.0,3.9699999999999998,35,P-1
ZONXUV01,C32 H22 Se4,1.0,5.5,58,P-1
RELNEF,C14 H16,1.0,4.41,30,P21/c
QIMDEV,C14 H11 N1 O4,1.0,5.4,30,P21/c
MAZWOA,C15 H15 N3 O5,1.0,4.78,38,P21/c
XIVQUR,C15 H21 N1 O5,1.0,3.18,42,P212121
NUSCOW,"C13 H16 F3 O2 S1 1+,C1 F3 O3 S1 1-",1.0,5.1,35,Pca21
MICKAO,C18 H11 N1 O3,1.0,4.62,33,P-1
EWAGES,C8 H7 B1 F2 O2,1.0,3.93,20,P-1
MATBIT,C7 H9 N1 O1,1.0,3.5300000000000002,18,P21/n
XISYUW,"C24 H26,C10 H2 N4",0.25,4.6,50,I2/m
FEJLUC,C24 H24 N2 O4 S1,1.0,4.22,55,P21/c
CUWHAF,C17 H17 N1 O1,0.5,3.9,36,Pnma
AWIPAX01,"C14 H22 B11 1-,C8 H20 N1 1+",1.0,5.92,47,Pna21
SEBPEU01,"C10 H13 N2 1+,Cl1 1-",1.0,5.1000000000000005,25,P21/c
BAKXOD,C30 H21 N1 O3,1.0,6.7299999999999995,55,P21/n
QEHGOD,C20 H26 O6,1.0,4.279999999999999,52,P21
AMUGAS,C24 H22 N2 O1,1.0,4.63,49,P-1
UHAXUZ,C17 H11 I2 N1 O3,1.0,6.47,34,P-1
EGOJIV,C11 H14 N2 O1,1.0,6.17,28,P21/c
QODFIB,C24 H38 Cl1 P1,1.0,4.3,64,C2/c
ROCDIX,C20 H5 F5,1.0,7.1000000000000005,30,P-1
BASYOL,"C7 H5 Br1 N2 S1,C7 H5 N1 O4",1.0,5.54,17,P21
BUCGAL,C27 H19 B1,1.0,4.36,47,P21/c
WAXXOM,C22 H20 O1,1.0,5.2299999999999995,43,C2/c
FEJWID,"C10 H12 N5 S1 1+,C1 F3 O3 S1 1-,C2 H3 N1",1.0,3.66,28,P-1
IDOREY,C8 H12,0.5,6.08,20,P-1
MPTCZA,C8 H10 N2 S2,1.0,3.0,22,P21/c
WULPUR,"C12 H22 N4,C18 F10 I4,0.5(C6 H6)",1.0,2.23,38,C2/c
ITILOM,"C17 H26 N1 1+,Cl1 1-",2.0,5.39,44,P-1
KOFKUM,C14 H10 N2 O4,1.0,4.65,30,P-1
XECBIS,C23 H14 F3 N3,1.0,4.42,43,P21
DMOXBA02,C9 H10 O4,1.0,4.22,23,P212121
ITODAZ,C28 H16 F8,1.0,6.17,52,P-1
TIKMEJ,C14 H13 B1 N2 O3 S1,1.0,3.32,34,P21/c
LOHMEE,C10 H8 N2 S1,1.0,3.92,21,P21/c
REFSAW,C11 H14 N2 O2 S2,1.0,4.4,31,P21/n
LARXIO,"C10 H26 N2 O2 2+,C8 H4 O4 2-",1.0,4.6,40,P1
AMEXIB,C23 H18 O4,1.0,6.75,45,P-1
FUSYOL,C22 H27 N1 O4,1.0,4.3999999999999995,54,P212121
MOXPET,C30 H30 O4,0.5,5.7,64,P21/c
EVEFUG,C16 H20 N2 O3 Se1,1.0,2.64,42,P-1
XELREO,"C19 H17 F1 N2 O1,0.5(C1 H4 O1),2(H2 O1)",1.0,5.7,40,P21/n
OYUYUD,"B12 F12 2-,2(C4 H7 N2 1+)",0.5,3.85,24,P21/c
VABKAM,C18 H15 Cl1 O3,1.0,3.1,37,P-421c
JACGUT,C15 H22 O3,2.0,6.660000000000001,40,P1
WARHUW,C21 H18 N2 O1,1.0,6.08,42,P-1
PEGSOL01,C14 H12 Br1 N1 O2,1.0,3.63,30,C2/c
ARULUU,C9 H11 O3 P1 Se1,1.0,2.5100000000000002,25,P21/n
SOLBAX,C21 H26 N4 O2 S1,1.0,5.74,54,P21/c
WUFJOW06,C33 H23 N1 O1,1.0,1.03,58,P21/c
MUXREC,"C4 B1 F10 O1 1-,K1 1+",0.5,5.14,16,Pnma
WAGCUG,"C12 H14 Cl1 N4 1+,C6 H4 N1 O2 1-",1.0,4.55,31,P-1
GOXQES,C40 H24,1.0,4.21,64,P21/n
JOTHUX,C26 H20 O6,1.0,5.41,52,Pbca
TOHXOG,"C17 H21 N2 O8 1+,Br1 1-",1.0,1.92,48,C2
IYOSAR01,C24 H17 Br1 O3,1.0,2.56,45,P212121
CACTOU05,C18 H18 N2 O3,1.0,3.7199999999999998,41,P212121
JAWDUK,C5 H5 N3 O3,1.0,5.2,16,P21/c
RUDSAO,C22 H22 N2 O4,2.0,4.29,50,P-1
FUPPOV01,C16 H17 N3 O2,1.0,4.38,38,P-1
ALUYIT,C32 H27 N1 O3 S1,1.0,4.79,64,P-1
TIHJAW,C11 H12 N2 O3 S1,1.0,3.83,29,P21/n
KUVZIN,"C18 H6 Br4 O2,2(C1 H1 Cl3)",0.5,3.3099999999999996,30,P-1
FUWFAF,"C17 H17 N5 O2,0.5(C4 H8 O2)",1.0,6.32,41,P-1
RECDAI,"C14 H13 N3,C14 H3 F3 I2 N2 O4",1.0,3.3300000000000005,30,P-1
MUXLAT,C15 H15 N1 O5,1.0,6.32,36,P21/c
HAKNIR,"C18 H16 N1 1+,C1 F3 O3 S1 1-",1.0,6.98,35,P21/c
YUWLAD,C18 H21 N1 O1,1.0,4.7700000000000005,41,Pbca
BOCNOX,C18 H20 N2 O4,1.0,4.12,44,P21/c
PEHFUF,"C9 H8 O3,C6 H7 N3 O1",1.0,3.64,20,P21/n
RURREF,C21 H19 F2 N1 O2,1.0,3.7199999999999998,45,Ia
OXALCH17,"C2 H2 O4,2(H2 O1)",0.5,2.39,8,P21/c
VAHROP,"C12 H15 N1 O3,C6 H6 N2 O1",1.0,3.11,31,P-1
GIZTAM,C19 H17 Br1 O2,1.0,5.06,39,P-1
IGIMIX,C30 H27 N1 O5 S1,1.0,6.87,64,P21
QAQHEZ,C26 H23 N1 O2,1.0,3.82,52,P212121
MABZAU,"C21 H15 N3 O3,2(C2 H3 N1)",1.0,6.49,42,P212121
VABJEP,C9 H6 Cl3 N1 O1,1.0,3.47,20,P21/c
ZIPHAL,C29 H22 N2 O4 S1,2.0,4.9399999999999995,58,P-1
KISDAV,C16 H22 O4,1.0,3.6799999999999997,42,C2/c
JACMUZ,C21 H24 O7,1.0,5.72,52,P-1
DUDDAL,C8 H11 N3,1.0,3.93,22,P21/n
SASGUQ,C21 H30 O5 S1,1.0,4.03,57,P-1
JODHUG,C12 H16 N6 O1,1.0,4.7,35,P21/c
ITUQUL,C19 H15 N1 O3 S1,1.0,2.67,39,P212121
VINFIH,C15 H24 B9 P1,1.0,5.1000000000000005,49,P21/c
XOHVOH,C17 H4 F10 O1,2.0,4.569999999999999,32,P21/c
BATLOA,C12 H12 N4 O2,2.0,4.44,30,P21/c
TECKOC,C16 H14 N2 O4 S1,1.0,4.1,37,P21/n
NABMAH,"C13 H14 N1 O1 1+,C14 H13 O3 1-,0.5(H2 O1)",1.0,6.08,30,C2
MESEFV06,"C10 H12 Se4 1+,C10 H12 Se4,F6 P1 1-",0.5,5.8,26,P-1
OGEFOW,C15 H11 F1 O3,1.0,5.34,30,P21/c
RESQOZ,C30 H25 N3 O1,1.0,4.53,59,P21/c
HEGQAN,C15 H15 N1,1.0,3.2600000000000002,31,P21/n
FIHHIP,"C7 H14 N3 1+,C2 H1 O4 1-",1.0,2.78,24,P212121
GOMPOQ,C32 H22 F3 N1 O3,1.0,3.6900000000000004,61,Pccn
OGIQIH,C18 H24 O7,1.0,4.16,49,P212121
ELUKUU,C14 H11 N1 O5,1.0,4.93,31,P21/n
NADWOI,C28 H30 Br1 N1 O2,0.5,5.45,62,Pnma
UZEVIF,C18 H23 N1 O2,1.0,4.55,44,C2/c
JIQGAU,"C8 H15 N1 O2,C7 H6 O5",1.0,3.5000000000000004,26,P21/n
RADMIW,C21 H24 O3,1.0,2.81,48,P21
OFEBOQ,C26 H26 F2 N2,1.0,3.83,56,P21cn
VAWZID,C14 H20 O3,1.0,4.0,37,C2/c
NUMZON,"C12 H5 F5 N2,C9 H11 N1 O2",1.0,7.17,24,P-1
TUQFEQ,C16 H26 N2 Si1,1.0,3.66,45,Pca21
SEWBIH01,"C15 H12 O2 S1,0.5(H2 O1)",2.0,5.45,30,P-1
MEGLEQ,C15 H18 Cl2 N1 O6 P1,1.0,4.33,43,P21/c
MORTCQ,"2(C4 H10 N1 O1 1+),2(C12 H4 N4 1-),C12 H4 N4",0.5,6.45,20,P21/c
BAFTOT,"C20 H20 P1 1+,Br3 1-",1.0,4.09,41,P21/n
UKUTAZ,C26 H19 N1 O2,1.0,3.9899999999999998,48,P-1
TIVCUY,"C14 H11 N4 1+,C6 H1 F2 O4 1-,C1 H4 O1",1.0,3.08,29,Cc
MAQFUJ,C20 H24 N2 O5 S1,1.0,4.4799999999999995,52,P21
KEBQEO,C16 H23 N1 O3 S1,1.0,3.92,44,C2/c
HOKPOQ,C30 H20 Cl2,0.5,5.13,52,P-1
FOXNOV03,"C1 H6 N3 1+,H2 O3 P1 1-",1.0,2.7,10,P21
GOSHUU,C16 H13 Br2 N1 O1,1.0,6.41,33,P21/c
HOFQUR,C24 H27 N1 O6 S1,2.0,3.37,59,P21
GIZBUN,C12 H16 N6 O2 S2,1.0,4.98,38,P-1
MUSWUV,C23 H24 N2 O2,1.0,5.55,51,P21/c
VUZZOJ,C18 H33 N3 Si1,2.0,6.239999999999999,55,P-1
EMOCUF,"C15 H6 F10 N5 1+,C7 H5 O2 1-,2(C7 H6 O2)",0.5,3.34,36,P21/m
WUVPEK,C15 H18 O5,1.0,4.65,38,P-1
USIXAX,C12 H26 N2 O4 S1 Si2,2.0,3.44,47,P212121
KADNEJ,C19 H22 O4,1.0,5.1000000000000005,45,P212121
XOWXAJ,C24 H28 O9,1.0,4.92,61,P-1
RUDLOT,"C13 H10 N1 O4 S1 1-,C6 H12 N1 1+",2.0,5.35,29,Pbcn
LOBVII,C13 H18 N2 O2,2.0,5.97,35,P212121
FIVPIM,C27 H18 N2 O2,1.0,4.31,49,Pbca
TUPZEK,C19 H12 F1 N3 O2 S1,1.0,4.3500000000000005,38,Pbcn
UCELAQ,"C32 H24 Br2 O2,C3 H6 O1",1.0,4.5200000000000005,60,P-1
GASVOL02,C10 H10 O4,1.0,4.130000000000001,24,P21/n
SOFJII,C10 H9 F3 O2,1.0,5.89,24,P21/n
ISOXAR,C20 H16 N4 O2,1.0,5.4,42,C2/c
UQERAM,C18 H20 N4 O2,0.5,6.88,44,C2/c
RUYZIW,C12 H27 Cl2 N3 Se4,1.0,4.0,48,P21/n
BARTOE,C20 H32 O3,1.0,6.3,55,P212121
AJIVAR,"C10 H10 N2 2+,C8 Cl4 O4 2-,2(H2 O1)",0.5,3.88,22,P-1
TAQRAF,C16 H18,1.0,4.89,34,P-1
AHEJAZ12,C8 H10 O2,1.0,4.48,20,P212121
MELFER,C22 H16 N2 O2,1.0,4.03,42,P-1
GARYIK,"C31 H24 F2 P1 1+,Br1 1-",1.0,3.18,58,P21/n
WEPVOD,C7 H6 Cl2 N2 O1,1.0,4.55,18,P21/c
ROPKOA,C17 H21 N5 O1,1.0,3.36,44,P21/c
OHUXEY,"C24 H22 N2 O3,C1 H4 O1",1.0,3.6999999999999997,51,P21/c
IHONUQ,C15 H10 Br1 N1 O1,1.0,2.3,28,P-1
CETVOQ,C23 H18 F3 N3 O2,1.0,3.35,49,P21/c
PUMTOK,C20 H19 N1 O3,1.0,4.65,43,P212121
VUXCOK,C11 H9 N1 O1,1.0,3.94,22,P21/n
REPRUZ,"C13 H14 N4 O1,2(H2 O1)",0.5,3.0,32,C2/c
QONWAS,C15 H12 N2 O1 S1,1.0,3.46,31,Pbca
SEBGAI,"C18 H29 N2 O1 1+,F6 P1 1-",1.0,5.7,50,P212121
YIYXOW,C25 H22 N2 S1,1.0,3.93,50,P21/n
ZOTDIY,"C7 H11 N1 O1,C7 H9 N1 O2",2.0,4.93,20,P-1
GULZEU,C9 H14 Cl2 O3,1.0,2.0,28,P21
WISJIU01,C14 H14 O3,1.0,6.13,31,Pca21
YEPSAQ,C21 H22 N2 O2 S1,1.0,3.8899999999999997,48,Pbca
UXAHUZ,C21 H34 B1 N1 Si1,1.0,3.75,58,P-1
NOLXUI,C7 H2 Cl1 F3 N3 S2 Se2,0.5,1.34,20,P-421m
MEBDAZ,C13 H10 Cl1 N1 O3,1.0,4.88,28,P21/n
RAVDAW,C26 H24 F6,0.5,3.17,56,P-1
QEPQUA,"C9 H14 N3 O3 1+,C8 H7 O3 1-",1.0,4.34,29,P21
TAFPAR,C21 H30 O6,1.0,3.3000000000000003,57,P21/a
MAFCUT,"C23 H19 B1 F10 N2,0.5(C6 H14)",1.0,3.0500000000000003,55,P-1
XEBXUA,C20 H18 O4,1.0,6.32,42,P-1
PEVRER,"C11 H11 N4 1+,C6 H5 O3 S1 1-",1.0,4.26,26,P-1
RAGZEH,C21 H24 O6,1.0,3.49,51,P212121
SAJRUQ,"C7 H7 N1 O2,H2 O1",1.0,4.48,17,P21/n
QIMKIG08,C9 H17 N1 O2,1.0,2.81,29,C2/c
QOYROM,C30 H22 O2,1.0,3.72,54,P21/n
GOCCIK,C17 H23 N1 O6 S1,1.0,1.9000000000000001,48,P41212
AFAYAJ,C21 H13 Cl1 F1 N1 O2 S1,2.0,5.3100000000000005,40,Pna21
WOCVUF,C10 H17 N7 O2,1.0,6.8,36,P-1
SAGREZ,C15 H15 N1 O4 S1,1.0,4.48,36,C2/c
NEPZEO,"C17 H25 N2 O1 1+,Cl1 1-",1.0,4.29,45,P212121
PIKDIY,"C10 H20 N1 1+,C18 H1 B1 F15 1-",1.0,3.62,35,P-1
ROYQAB,C15 H24 O2,1.0,2.9000000000000004,41,P21
HADNUZ,"C16 H24 N1 1+,C20 H14 O2,Br1 1-",1.0,3.2199999999999998,41,P212121
LUDPEH,C6 H6 N4 S1,1.0,3.7600000000000002,17,P21/c
ROVQAX,"C23 H29 N1 O6,C7 H6 O2",1.0,4.390000000000001,59,Pc
OQECUM,C14 H8 Br1 F3 O2,1.0,6.52,28,P-1
DAFSAF,C10 H10 F1 N1 O4,1.0,6.45,26,P21
FUSWOF02,C15 H15 N1 O1,1.0,3.54,32,C2
VIZNAT,"2(C17 H19 N2 1+),Br1 1-,Cl1 1-",0.5,5.3,38,P21/a
WOYBUK,C13 H28 O3,1.0,5.2,44,P21
YALBIX,C10 H13 N1 O5,2.0,3.74,29,P-1
OMELIC01,C8 H19 N1 O2 S2,1.0,4.54,32,Pbca
KOXBUW,C14 H13 N5 O2,1.0,4.3999999999999995,34,P21/n
LUDZAP,C7 H10 F5 N1 O3 S2,2.0,5.33,28,P-1
HXMCOU02,C10 H8 O4,1.0,4.44,22,P-1
YODLOT,C13 H14 O3 S1,1.0,4.69,31,P-1
MAVRAD,C6 F3 N1 O1 S2,1.0,3.29,13,P21/n
XESTIY,C14 H26 O2,1.0,4.0200000000000005,42,P-1
SENKON01,C16 H12 N2 O2,2.0,5.38,32,P212121
GEYJAV,"2(C12 H8 S10),C1 S2",0.5,6.79,30,P21/n
QEHMID,C17 H18 O3,1.0,4.6,38,P1
BACDOD,C20 H22 Br2 N2,2.0,3.4799999999999995,46,P-1
OTEPIO,C23 H15 I1 N2 O1,1.0,2.82,42,P21/c
BOPBIR,C17 H17 N1 O3,1.0,5.05,38,P21/c
RETRAJ,C15 H20 N4,0.5,4.71,39,C2/m
UWUYOC02,C21 H32 Cl2 N4 O1,1.0,4.22,60,Pca21
PORGUB,"C11 H12 N5 1+,C7 H5 O4 1-",1.0,4.12,28,P21/n
TACJER,"C8 H10 N2 O4,C8 H10 N2 O4",1.0,3.32,24,Pbca
EBIXOE,C7 H5 Br1 N2 S1,1.0,7.26,16,P-1
YOLQEZ,C12 H12 F1 N1 O1 S1,1.0,2.7,28,P212121
ZEVRUN,C18 H18 N2 O2,1.0,4.0,40,P212121
WUQFIX,"C20 H25 N1 O6,C3 H7 N1 O1",1.0,4.93,52,P212121
ZULDOZ,C4 N4 O2,2.0,3.4,10,Pna21
XAQFIF,C26 H32 Br1 N1 O4,1.0,3.86,64,P212121
ODUYOF,C21 H36 O4,1.0,3.38,61,P212121
IDAGIH,"C11 H14 N1 Te1 1+,C1 H12 B11 1-,0.5(C1 H2 Cl2)",1.0,2.78,27,C2
FUZFEO,C21 H22 Cl1 N1 O3,1.0,5.36,48,P-1
ZENSUG,"C12 H24 N1 1+,Cl1 1-",1.0,3.98,37,P21/c
LULHIJ,C16 H24 O2,1.0,4.83,42,P21/n
NUBJUT,C20 H28 O2,1.0,2.56,50,P212121
MEKNUM,C9 H5 I1 O2,1.0,4.44,17,P21/c
FINMUM,C30 H24 P2 Se1,1.0,2.37,57,P21/c
AGAXOX,C13 H9 N3 O3,2.0,4.68,28,Pca21
IBEMOW,C16 H13 F3 N2 O2,1.0,6.35,36,P-1
TUWDUN,"C19 H17 I1 N3 O3 1+,1.5(H2 O1),Cl1 1-",1.0,1.51,43,C2/c
GLUTAS02,C10 H17 N3 O6 S1,1.0,5.6000000000000005,37,P212121
BIQWAC,C25 H30 O8,1.0,4.279999999999999,63,P-1
XISTOL,C26 H20 O6,1.0,6.76,52,P21/n
KIWCIE,C13 H12 O5,1.0,4.7,30,C2/c
ROVMAU,C16 H27 N1 O1,2.0,6.16,45,P212121
VEFPUR02,"C19 H28 O2,H2 O1",2.0,2.64,49,P212121
ESUHEH,C19 H15 N5 O3,1.0,4.75,42,P-1
QEFLUI,C20 H23 N1 O6,1.0,6.53,50,P21/c
DORJOJ,C16 H19 N5 O7,1.0,4.8,47,P212121
TUDFIH01,C20 H21 N1 O1,1.0,5.19,43,P21/n
SIKVOB,"C21 H14 N1 1+,B1 F4 1-,0.5(H2 O1)",1.0,6.47,36,Pbcn
NEXGEC,C10 H6 O4,0.5,3.95,20,P21/c
TINREQ,"C7 H7 N3 S2 1+,C1 F3 O3 S1 1-",1.0,3.51,19,P21/c
KADJAD,C22 H25 N1 O3,1.0,5.24,51,P212121
VEQJEI,C11 H19 N3 O3 Si1,2.0,4.15,37,P21
CEZSIJ,C8 H18 O2,1.0,6.3,28,P21/n
ANOXEK,"C8 H23 B1 N3 O1 1+,I1 1-",1.0,1.35,36,P21/n
FOJRAY,"C29 H27 N1 O3,0.5(C1 H2 Cl2)",1.0,7.11,60,C2
KIPMAZ,"C9 H14 N5 O1 1+,C12 H2 F2 N4 1-,C1 H4 O1",1.0,7.04,29,P-1
NISXOF,"C26 H27 N1 O3 Si1,C1 H4 O1",1.0,5.82,58,P-1
IXIVAP,"C15 H14 N3 O2 S1 1+,C7 H7 O3 S1 1-",1.0,1.83,35,P21/c
DESJOA,C21 H14 N4 O8,1.0,4.65,47,P21/n
MEXBUP,C14 H18 B1 F2 N5,2.0,6.18,40,P21/n
HICCUS,"C22 H20 Cl2 N4 O2 2+,2(C1 N1 S1 1-)",0.5,4.4,50,P-1
THIOUR03,C1 H4 N2 S1,1.0,1.7,8,P21ma
EPIVOR,C21 H17 N3 O3,2.0,5.76,44,P21/n
XIGQAG,C25 H24 N4 O4,1.0,6.22,57,P-1
YUYRUF,C13 H17 Br1 O5 S1,1.0,4.0,37,P21
GIGNAN,"C9 H15 N3 O5,2(H2 O1)",1.0,2.81,32,P1
OJAWEE,C10 H12 O2,1.0,3.7900000000000005,24,P212121
HADFIB,C13 H18 O2,1.0,5.3100000000000005,33,P-1
OKUCAY,C19 H17 N1 O2,1.0,3.3000000000000003,39,P21
BOQWEJ01,C8 H5 Br1 O3,1.0,2.97,17,P21/n
GOVKAF,C10 H15 N1 O1,1.0,4.109999999999999,27,P212121
YIMQAN,C22 H18 O2,1.0,4.23,42,P21/c
EZOHEK,C26 H23 Cl1 F1 N5 O1 S1,1.0,3.5700000000000003,58,P-1
WAQREP,C20 H19 N1 O3,1.0,4.49,43,P21/c
TZBZTZ,C7 H4 N4 S1,1.0,3.1,16,P21/n
WITBEK,C21 H20 F3 N1 O5,2.0,6.54,50,P212121
UXIPEZ,C17 H20 F17 N2 P1,1.0,3.1399999999999997,57,Pbca
CIXZOZ,C12 H17 N3 O6,1.0,2.91,38,P212121
XABMAS,C22 H32 O1,1.0,4.2700000000000005,55,P212121
WIZTOO,C16 H20 O4 S1,1.0,5.8,41,P21/c
EVOCOI,C21 H20 N4 O2,1.0,5.0600000000000005,47,P21/c
WIXZAI,C8 H8 N8,1.0,2.68,24,Cc
LIFGUF,C12 H19 O2 P1,1.0,2.8899999999999997,34,P21/c
OXISTA,C18 H34 O3,1.0,6.5,55,P-1
NICSIE,"C13 H12 N3 1+,B1 F4 1-",1.0,4.26,28,Pna21
BENTIZ,C10 H9 Cl1 O2,1.0,2.75,22,P212121
ZOVNOP,C24 H12 F2,1.0,3.56,38,P21/n
ITAHIY,C19 H17 N1 O3,1.0,4.22,40,C2/c
SALHAQ,C20 H22 B1 F2 N3,1.0,5.39,48,Pbca
FUWGOX,"C16 H15 N3,0.5(H2 O1)",1.0,3.9699999999999998,34,C2/c
RAQXOZ,C16 H19 N1 O3 S1,2.0,3.36,40,P21
ADFGLP,C6 H8 F2 O3,2.0,3.3000000000000003,19,P21
GEBVUI,C18 H10 Br2 N4,1.0,3.05,34,Pbca
GOMNAY,C5 H4 Br1 N1 O3,1.0,6.8,14,Pna21
GIQFIX,C26 H19 F6 N2 O1 P1,2.0,6.890000000000001,55,Pca21
VODZOD,C28 H18,1.0,4.7,46,P21/n
OHEJIX,C24 H17 Br1 N1 O1 P1,2.0,5.94,45,P21/c
YUPYIU,"C12 H11 N2 O3 S1 1-,C11 H15 N2 1+",1.0,4.02,29,P21/c
RODLOM,C5 H6 N4 O4,1.0,3.8000000000000003,19,P21/c
TIXCIQ,C22 H16 F2,0.5,4.32,40,P21/c
LEVWOY,C14 H20 O3,1.0,5.0,37,P212121
PUGVUK01,C30 H22 N4 S1,1.0,5.11,57,P21/n
HIMTOQ,C14 H14 Br1 N1 O2,2.0,7.26,32,Pc
CAWPAR,C15 H26 O1,2.0,4.6000000000000005,42,P21
NIFYEG,C11 H14 Cl2 N2 O1,1.0,3.72,30,P21/c
TUFPET,C14 H15 N3 O3,2.0,6.510000000000001,35,P-1
YUYVUJ,C18 H15 N1 O2,1.0,4.7,36,P-1
AQILET,C17 H18 N2 O1,1.0,6.54,38,P-1
QIMPUA,C19 H18 N2 O6,1.0,4.9,45,P21/c
QUKHIQ02,"C16 H32 Na1 O8 1+,C12 H4 N4 1-,C12 H4 N4",1.0,3.75,57,P-1
DADSOQ01,"C18 H17 N1 P1 1+,Cl1 1-,C1 H2 Cl2",1.0,3.16,37,P-1
SEGROM,C22 H27 N1 O4 S1,1.0,7.24,55,P21/c
FENTEA,C15 H22 F3 N1 O2 S1,1.0,2.98,44,P212121
MOPFEG,"C9 H5 O6 1-,C5 H7 N2 1+,H2 O1",1.0,4.760000000000001,20,P21/c
IMOBOC02,"C12 H28 P1 1+,C18 H12 B1 F10 1-",1.0,6.52,41,Pbca
PUXLUT,C13 H11 N3 O2 S1,1.0,4.87,30,P21/c
MOTPOE,"C12 H10 N2,2(C5 H9 N1 O3),0.5(H2 O1)",1.0,7.290000000000001,24,P21212
HIRTAE,C26 H29 Br2 N1,2.0,5.29,58,P21/c
TOPWOO,C11 H14 O4,1.0,3.6700000000000004,29,P212121
MANSEB,C18 H14 N2 S6,1.0,5.73,40,P21/c
TPXZSH10,C17 H13 N1 O2,1.0,4.5,33,P-1
OHADAD01,C12 H14 N4 O4 S2,1.0,4.15,36,P21/c
IZOYON,C14 H8 N2 O7 S1,1.0,3.9600000000000004,32,P-1
MURLOC,"C28 H29 Br1 N2 O4,0.5(C6 H12)",1.0,2.6100000000000003,64,P-1
LIVWIZ,C21 H23 N3 O3,1.0,4.87,50,P21/c
WAFZUB,C18 H9 O1 P1 S3,1.0,3.47,32,P21/n
YAFPEB,C14 H12 O2 S1,1.0,6.640000000000001,29,P21/c
KEQQED01,C9 H7 N1 O3,1.0,3.63,20,P21
UTUNAB,C20 H21 N5,2.0,7.26,46,P-1
RAWKEH,C25 H19 N1 O3,1.0,4.03,48,P21/c
FETWUW,"C7 H7 N1 O4,H2 O1",1.0,3.2,19,P212121
GAJRIV,"C6 H1 F5 O1,C6 H4 N2 Se1",1.0,4.4799999999999995,13,P21/n
AWIMAW02,C20 H28 O2,1.0,3.53,50,P21
RIZYIM,C24 H14 Cl1 N1,1.0,3.18,40,P21/c
AHOWID,C19 H28 O4,1.0,6.44,51,P212121
GIGSIB,C16 H9 Cl2 N5 O3,1.0,4.7,35,P21/n
QIZLET,"C10 H8 N2,2(C9 H7 N1 O2)",1.0,6.38,20,P-1
HOHLUM,C12 H21 N3 O3,1.0,3.4,39,P212121
SIHZUF,C28 H27 N1 O3 S1,1.0,3.89,60,P21/c
EVEMOI,"C8 H7 O3 1-,C4 H10 N1 O1 1+,C8 H8 O3,H2 O1",1.0,6.34,19,P21/c
MIVFUT,C16 H15 Br1 O3,1.0,4.24,35,P212121
FURSEM17,C12 H11 Cl1 N2 O5 S1,2.0,5.7,32,P-1
ODIKUL,C18 H16 F3 N1 O6,1.0,3.4799999999999995,44,C2/c
OHICAN,C32 H25 N1 O4 S1,1.0,5.74,63,P212121
FOZDAC,C21 H16 N2 O1,1.0,5.220000000000001,40,Pbca
CORBOD,C25 H19 F1 N2 O1,1.0,4.2299999999999995,48,P-1
EBOBED,C13 H4 F5 N2 O2,1.0,4.21,26,C2/c
YOCVIW,"C17 H33 O1 Se1 Si1 1+,Br1 1-",1.0,5.2700000000000005,53,P21
XIMLOY,C12 H9 F1 N2 O1,1.0,4.24,25,P21/c
LIGKUJ,"C9 H14 N1 1+,C5 H3 N2 O4 1-",1.0,3.8,24,P-1
AWULEL,C24 H20 B1 N1,1.0,4.05,46,P21/c
JOMMUW,"C8 H6 I1 1+,C1 F3 O3 S1 1-",1.0,2.5100000000000002,15,P21/n
ZAHDUM,C4 H8 N6 O7,2.0,2.5,25,Pc
MAFQIW,C12 H14 N1 O1 P1 S2,1.0,3.46,31,P21/c
YUCZOP,C20 H15 F3 O4 S1,1.0,3.18,43,Pbca
FONTEJ,"C22 H32 Br1 N1 O6 S1,C1 H2 Cl2",1.0,7.430000000000001,63,P-1
KUFMOO,C21 H17 N3,1.0,4.65,41,P21/n
SELZEO,C36 H23 Br1 O2,2.0,6.4,62,P-1
PUHTAR,C8 H8 N2 Se1,0.5,2.44,19,Fddd
UWABAW,C16 H12 O7,1.0,3.62,35,P-1
MIMROT,C26 H22 O2 Si1,1.0,4.02,51,P21/n
HEMBEK,C18 H8 F4 I1 N3 O3,2.0,2.5,37,P-1
VUYVET,C26 H18 Br1 N1 O5,2.0,3.19,51,P21/c
NOVSOI,C20 H22 O9,1.0,4.02,51,P-1
VADHUH,C18 H25 N1 O2 S1,1.0,5.7700000000000005,47,P21
GABDIY,"C19 H19 N5 O2 2+,2(Cl1 1-)",0.5,5.55,45,C2/c
ASAVUL,"C10 H8 O4 S4,C12 H2 Cl2 N4",0.5,5.59,26,P21/n
JUMBAX,C23 H19 N3 O2 S1,2.0,2.79,48,P212121
CESXIL,C20 H13 N3 O1 S1,1.0,5.35,38,P21/c
DIDRUE,C3 H4 I2 O2,1.0,1.81,11,P21/c
PILGIB,C22 H28 O6 S1,1.0,5.12,57,P21/c
YOPYIN,C22 H18 I1 N3 O4 S1,1.0,4.55,49,P212121
HACWOA,"C10 H20 S4,C2 I4",0.5,2.63,34,C2/c
TOBBOB,C3 H2 F6 O1,1.0,4.5,12,P21
MIXYIE,C26 H19 N3 O2,1.0,3.58,50,P21/n
MISCOH,C26 H24 Br1 N3 O2,1.0,3.61,56,C2/c
IFOPEA,C17 H19 Cl2 N5 O4 S1,1.0,6.63,48,P21/c
FUCOUM,C11 H6 O3,1.0,6.0,20,P21/n
EYUNIZ,C19 H26 N2 O5,1.0,4.12,52,P21/n
QOQPER,C14 H21 N1 O5 S2,1.0,4.7,43,P21/c
DUZROG,C13 H12 N4 O1,1.0,4.24,30,C2/c
KAKYIJ,C15 H14 O3,1.0,3.6799999999999997,32,P-1
ENULEF,C13 H13 N1 O1,1.0,4.2,28,Pbca
FUZJUI,C14 H20 O4 S1,1.0,3.51,39,P21/c
SULNUK,C20 H14,1.0,4.09,34,P21/n
YORMIE,C20 H22 O11,1.0,3.66,53,P212121
XETDIM,C11 H10 N4 O1,1.0,4.68,26,P-1
MIDYAZ,C26 H26 O5,2.0,4.41,57,P21cn
YUSZET,"C10 H19 N1 O5,2(H2 O1)",1.0,3.3300000000000005,35,P212121
WEBNIE,C17 H13 N3 O3,1.0,3.81,36,P21/n
JENPAW,C18 H36 O2 Si2,2.0,5.37,58,P-1
FUDJAT,C16 H15 N1 O2,1.0,4.91,34,P212121
EBEYEQ,C24 H36 O4,1.0,4.92,64,P212121
TASMIJ,C19 H27 N1 O2 S1,1.0,3.9,50,C2
MEHKIW,C9 H10 B1 N3 O2,1.0,7.470000000000001,25,Pca21
IQIRIL,C23 H21 B1 F10 N2,1.0,2.8400000000000003,57,P212121
KABXIZ,C30 H24 N2,1.0,4.07,56,P21/c
LEGCAF,C33 H26 O3,1.0,4.75,62,P21/c
NEBVOJ,"C10 H14 N3 O2 1+,C7 H4 Br1 O2 1-,2(H2 O1)",1.0,3.66,29,P-1
SIAZAN,C19 H15 N1 O1 Si1,1.0,4.3,37,P1121/b
FUXXUS,C25 H20 N4 O1,1.0,5.24,50,P-1
CEGVUI,C12 H16 O2,1.0,3.37,30,P21
GOWFAD,C16 H19 Cl2 N1 O2,1.0,6.36,40,P21/n
ZIKJOS,"C9 H18 N1 O4 1+,Cl1 1-",1.0,5.43,32,P212121
WOZGID,"C2 N6 O4 2-,2(K1 1+)",0.5,2.18,12,Pbcn
IWOMIR,"C29 H22 N4 O1,C1 H4 O1",1.0,5.94,56,Pbca
IMEBIP,C34 H26 B1 N1 S2,1.0,4.55,64,P21/c
VOVSIL,"C18 H12 F1 S1 1+,C1 F3 O3 S1 1-",1.0,2.6599999999999997,32,P-1
XETTEY,C14 H16 O4 S1,1.0,4.08,35,P21/c
WEBZEM01,C12 H9 N1 O1,1.0,6.6000000000000005,23,Pna21
INAGOT01,C18 H22 F2 N4 O2 Si1,0.5,3.65,49,C2/c
YALTAJ01,C25 H14 B1 F15 N2,1.0,3.84,57,P21/n
ZAZXAB,"C14 H24 N4 2+,2(C1 F3 O3 S1 1-)",0.5,3.74,42,Pbca
VEJNIK,"C4 H12 N2 2+,2(C7 H4 N1 O4 1-),2(H2 O1)",0.5,3.88,18,P-1
BOVKEG,C29 H22 B1 Br1 N1 P1,1.0,3.45,55,P-1
ARABOK,C17 H21 N1 O5,1.0,5.69,44,P21/a
LAYGOL,"C13 H24 O4,C6 H12 N4",2.0,4.130000000000001,41,P21/c
RIJBER,C6 H13 N1 O4 S2,1.0,3.06,26,P21/n
KUMZUP,C25 H23 N1 O1,1.0,2.69,50,P21
QISFOQ,C24 H21 N3 O5,1.0,4.569999999999999,53,Pbca
ICOVEF,"C11 H8 O3,C1 H4 N2 O1",1.0,4.21,22,C2/c
LUPDUW,C12 H14 N4 O1 S1,1.0,4.7700000000000005,32,P-1
IZEMAF,C15 H23 N1 O2 S1,2.0,4.51,42,C2
ILIRII,"C6 H5 O4 S1 1-,C6 H6 N3 1+",1.0,4.9399999999999995,16,P21/n
ARIFAK,"C27 H23 N1,0.5(C1 H1 Cl3)",2.0,3.42,51,P-1
EMIVIG,C27 H33 N1 O3,0.33,5.47,64,R3c
ZUSWIT,C27 H28 O1 S2,1.0,5.0,58,P21/c
PEDYEE01,"C3 H8 N1 O2 1+,I1 1-",0.5,1.37,14,P21/m
SELWAJ02,"C2 H8 N1 1+,N1 O3 1-",2.0,3.5500000000000003,11,P21/c
QOWLEW,C24 H21 N3 O1,1.0,5.58,49,P21/c
RENDIX,C14 H11 N3 S1,1.0,3.9,29,P21/c
NIMVEN,"C1 H7 N4 1+,C1 H1 O2 1-",1.0,3.17,12,P21/n
HOXQUI,C19 H31 N2 O1 P1,1.0,5.11,54,P-1
LAJPOG,C8 H4 Cl2 N4,1.0,2.68,18,Pbca
PEDSOK,C8 H15 B10 Br1,1.0,3.6900000000000004,34,P-1
SULRIB,C18 H29 Br1 O3 Si1,1.0,3.7,52,P21
AWAZII,C10 H12 N2 O2,1.0,5.96,26,P21/c
IGIFUD,C17 H30 N4 O2,1.0,6.08,53,Pbca
BORHOG,"C14 H14 N4 O3 S1,2(H2 O1)",1.0,7.33,36,P21/n
BIQWEH,C18 H18 N4 O2 S1,1.0,3.2800000000000002,43,P212121
AXEFIV,"C32 H22 Cl1 N5 O2,2(C2 H6 O1 S1)",1.0,6.77,62,P-1
BETBAG,"C12 H12 N2,C8 H12 N2,C10 H8 N2,2(C6 H5 Cl1 O2)",0.5,6.140000000000001,26,P-1
LIVWOG,"C14 H15 N5 O2,C1 H2 O2",2.0,5.27,36,P21
HEBSIU,"C22 H24 N2 O7 S1,0.5(C6 H5 Br1)",1.0,7.35,56,P41212
PUVVEI,C26 H15 As1 F12 O3,1.0,5.05,57,P-1
YAJWOV,C10 H21 As1 N4,1.0,5.6000000000000005,36,P21/c
JUPDUT,"C8 H20 P1 1+,N3 1-",0.5,3.7,29,C2/c
WEZPUQ,"2(H4 N1 1+),C34 H20 O8 2-",0.5,2.96,62,I222
NELVAB,C6 H7 N3 O1,1.0,4.49,17,P21/n
XUJPEB,"C6 H7 O2 1-,H4 N1 1+",1.0,3.73,15,P-1
SECBEJ,C10 H10 O2,1.0,3.67,22,Pbca
NIYBOO,"C18 H20 N1 O2 1+,I1 1-",1.0,5.949999999999999,41,Pbca
NONPAL,C23 H18 B1 N5 O1,1.0,5.37,48,Pbca
VAHPEB,C18 H25 I1 O4,1.0,2.11,48,C2/c
LEJNUK,C24 H17 F1 N4 O1 S2,1.0,5.26,49,P21
XESYOM,C11 H13 N3 O1,1.0,5.76,28,P21/c
TAZKIR,"C6 H5 B1 Br2 O2,C12 H8 N2",1.0,7.12,22,P21/c
SAVCEB,C20 H14 O2,1.0,5.11,36,P212121
WOBFAX,C18 H17 Br1 N2 O1,2.0,7.37,39,P21/c
ZEVTID,C18 H20 N6 O5,2.0,5.1000000000000005,49,P212121
IROXAQ,C17 H11 Br1 O3,1.0,3.94,32,P-1
OCHTET26,C4 H8 N8 O8,0.5,3.29,28,P21/n
UKUZUW,"C13 H13 N2 O1 1+,0.5(O4 S1 2-),H2 O1",2.0,3.5700000000000003,29,P21
LAGVID,C25 H21 N2 O2 P1,1.0,4.45,51,P212121
KORYAU,C25 H21 Cl1 N2 O3 S1,1.0,2.81,53,P21/n
ZUYYOH,C6 H6 O2 S1,1.0,3.04,15,Pna21
NOSYAY,C28 H25 Cl1 I1 N1 O2,1.0,2.8899999999999997,58,Pbca
XUCFOT,C25 H21 N1 O5 S1,1.0,3.6999999999999997,53,P21/c
RALTEE,C18 H14 O3,1.0,4.0200000000000005,35,P-1
NEQKAZ,C11 H12 Br1 N3 O1,1.0,1.5599999999999998,28,Pna21
ESINAV,C20 H21 B1 F3 N1,1.0,4.51,46,Pbca
LUVRID,C15 H15 N1 O1,1.0,4.82,32,P21/c
QEMYOA,"C26 H22 N2,C6 Cl4 I2",1.0,3.25,50,P-1
WORCIR,"C17 H20 N4 S2,0.5(C1 H4 O1)",2.0,4.35,43,P-1
REQVIV,C14 H15 Br1 O2,1.0,4.33,32,P-1
GOQDAU,"C13 H18 N2 O6,H2 O1",2.0,2.55,39,P21
TUKNIZ,"C17 H16 N2 O2,C1 H4 O1",1.0,4.06,37,Pbca
KIGMIX,"C13 H10 F3 N2 O2 1+,C4 H3 O4 1-",1.0,5.3100000000000005,30,P21/c
AMEROZ,C17 H26 N5 O3 P1,1.0,5.97,52,C2/c
YUBNIV01,C8 H7 N1 O2,1.0,4.07,18,P21/c
HOZQIA,"2(C19 H14 N2 O1),C6 F4 I2",0.5,3.0700000000000003,36,P21/c
HPTPOL,C29 H21 N1 O2,1.0,4.8,53,P21/n
QIDNOK,C17 H27 N1 O4,2.0,6.1899999999999995,49,P21/c
HOMCUI,C18 H18 N4 O1 S1,1.0,6.61,42,P21/c
QAYBOI,"C13 H24 N1 O3 1+,B1 F4 1-",1.0,6.38,41,C2221
BOMTIK,C33 H28 N2,1.0,6.18,63,P21/c
HORFIG,C19 H24 O4,1.0,3.17,47,P212121
NOQYEY,C18 H14 N4,0.5,4.74,36,P-1
EDILUB,C21 H29 N1 O3,1.0,5.42,54,P212121
KEJFAJ,C27 H27 Br1 N2 O4,1.0,4.55,61,P21
VORPUO,C23 H18 Br1 N1,1.0,4.21,43,P-1
KEKJIX,C19 H16 O3,1.0,6.04,38,P21/n
SOVJEU,C21 H25 N1 O3,1.0,2.35,50,P212121
KOBNEY,C11 H6 F5 N1 O2,1.0,4.38,25,P-1
SIXKES,C20 H18 O1,1.0,5.55,39,P21/c
GUYBOR,C10 H14 O4,1.0,3.69,28,P212121
LEMXAE,C24 H29 N5 O2,1.0,5.73,60,Pbca
KAGDEG,C20 H22 N2 O1 S1,1.0,3.51,46,Pca21
VEQQIS,C18 H21 N5 O3,1.0,7.45,47,C2/c
MEDCUV,"C8 H12 N1 O1 1+,C8 H7 O2 1-",2.0,4.3500000000000005,22,P21/c
IJUCEW01,C13 H8 O4,1.0,3.09,25,P21
SOVZUA,C17 H11 Br1 N2,1.0,2.91,31,P21/c
NOXMEV,C29 H30 N2,1.0,5.24,61,P21/c
CENVIB,"4(C8 H12 N1 1+),O12 P4 4-,2(H2 O1)",0.5,5.5600000000000005,21,C2/c
COKRUQ,C21 H25 N1 O3 S1,2.0,3.2600000000000002,51,P21
TIWGEL,"C24 H38 N1 1+,C1 F3 O3 S1 1-",1.0,3.9,63,P21
AZILIH,C10 H12 Br4,1.0,2.96,26,P-1
OSOXEC,C14 H18 O2,1.0,3.4000000000000004,34,P-1
PIQRAI,C16 H20 O5,1.0,4.13,41,P-1
MISBIB,"C16 H17 O9 1-,C12 H9 N2 1+",1.0,3.4799999999999995,42,P21
VABYOQ,C12 H15 N3 O2,1.0,3.0300000000000002,32,P212121
DIPQAX,"C12 H18 N1 1+,Cl1 1-",1.0,4.2299999999999995,31,Pca21
VODVUF,C12 H8 F3 N1 O2,1.0,5.74,26,Fdd2
ETHDPH,"C2 H8 O7 P2,H2 O1",1.0,5.2,19,P21/c
HUFZAK,C15 H11 Cl1 O1,1.0,3.6,28,P-1
KOVCON,C14 H15 N3 O1,1.0,1.51,33,Pbca
VANVEP,C22 H18 Cl1 N1 O2 S1,1.0,6.9,45,P-1
TACMAL,C17 H19 N5 O2,2.0,7.1000000000000005,43,P-1
QISTUL,C15 H15 N1 O2,1.0,5.52,33,P21/n
UQATOX,C26 H22 O6,1.0,2.88,54,Pbca
MIYMUF,C12 H12 N2 O4,1.0,6.68,30,P21/c
PEFJAO,C26 H31 F2 N1 O3,1.0,5.319999999999999,63,P-1
KUHTIT,C18 H22 O2,1.0,7.32,42,P212121
BIKFUZ,C25 H22 N6,1.0,6.21,53,P21/c
ZUWGAC,C16 H14 O3,2.0,4.99,33,P21/c
YUBWUQ,C9 H17 N1 O2 S1 Se1,2.0,3.74,31,P21
ZOBGAB,"C15 H12 O3,C3 H7 N1 O1",1.0,5.56,30,P-1
YUTDUM,C21 H20 Br1 N3 O3,1.0,7.2,48,P21/n
RURKUN,C19 H22 Br1 N3 O1 S1,1.0,4.6899999999999995,47,P21/c
GIGTOJ,C28 H24 O8,1.0,6.67,60,P21212
EBAXUC,"C17 H19 N1 O1,0.5(C6 H6)",1.0,4.21,38,P-1
OMUKAL,C25 H31 F2 N1 O3 S1,2.0,6.63,63,P212121
SUPSEF,C21 H15 N1 O5,1.0,4.09,42,C2/c
AKAZEV,C23 H23 N3 O2 S3,1.0,2.82,54,P21
IDAXOB,"C23 H24 O6,H2 O1",1.0,5.5,53,P21/c
CDBALA,C6 H10 N2 O2,0.5,4.2,20,C2/c
WACKUL,C16 H16 N2 O3,1.0,4.05,37,P21/n
XOFFUV,"C19 H13 Br1 N2 S1,0.5(H2 O1)",1.0,3.6900000000000004,36,C2/c
WIRPIA,C10 H11 F2 N3 O2,1.0,5.0,28,C2/c
XALNAC,"C7 H5 O6 S1 1-,C7 H10 N1 1+",1.0,5.12,19,P21/n
MEPYEP,"C21 H21 F1 O1 P1 1+,C1 F3 O3 S1 1-",1.0,3.27,45,P21/n
HUVXEC,C18 H19 N1 O6,1.0,4.66,44,P-1
WEVMEQ03,C16 H15 N3 O1 S1,1.0,3.6999999999999997,36,P21/c
YILJAH,C17 H20 O3,1.0,3.1199999999999997,40,P212121
FOMPIG,C25 H32 Mg1 O2,1.0,3.6,60,P212121
GABVUC,"C14 H14 I1 O1 1+,Cl1 1-",1.0,3.04,30,P-1
UXIMAR,C11 H14 N2 S1,1.0,5.59,28,Pbca
LAPVEF01,"C21 H15 N3 O4,C3 H7 N1 O1",1.0,5.319999999999999,43,P21/c
XERWIB,C26 H29 N1 O4,1.0,3.6,60,P21
ROTBOV01,C17 H19 Br1 N2 O1,1.0,6.49,40,P212121
FOBBUX,C16 H14 S2,2.0,3.2099999999999995,32,P21/c
XOTQAA,C20 H21 N3 O2,1.0,6.32,46,C2/c
PAXPOV,C12 H9 N3,1.0,6.38,24,P21/c
VEMKIL,"C23 H19 Si1 1+,F6 P1 1-",2.0,3.25,43,Cc
MEKKET,C9 H4 Cl2 O2,1.0,6.19,17,P21/c
ZAXDIO,C18 H20 B1 N2 P1 Se1,1.0,4.7,43,P21/c
PCYPOL21,C7 H5 N1 O1,2.0,6.890000000000001,14,Pbcn
NOSWAT01,C14 H10 N2 O2,1.0,5.55,28,P212121
MOYHAJ,"C2 H1 O4 1-,H4 N1 1+",1.0,6.16,7,P21/c
IRILEB,C8 H8 N2 S1,1.0,3.35,19,P21/c
MIXYOH,C10 H9 Cl1 O2 S2,1.0,3.13,24,P-1
WIRPAO,C12 H18 O4,1.0,4.42,34,P21/a
GEJZEE,C13 H7 Br1 F1 N1 O1,1.0,4.34,24,P21/n
UFERED06,"C19 H16 Cl1 N1 O4,C7 H5 N1 O3 S1",1.0,6.510000000000001,41,P-1
VAGHIV,"C9 H15 N3 O2 2+,O4 S1 2-",1.0,2.12,29,P21
KUQNAN,C18 H20 N8 O1 S3,1.0,4.46,50,P21/c
CUTQUD,"C16 H38 N4 2+,2(C12 H9 O2 S1 1-),2(C1 H4 O1)",0.5,3.75,58,P21/c
AKIHEK,C21 H16 N2 O1,1.0,2.9000000000000004,40,P212121
XABPAU01,"C8 H12 O4,2(C9 H9 N5)",0.5,5.0200000000000005,24,C2/c
TUSWUC,C16 H15 N1 S1,1.0,2.9899999999999998,33,P21/n
DADCIW,C12 H13 F1 N4 O3,1.0,3.35,33,P212121
DULSAH,C16 H19 N1 O7,1.0,3.88,43,P21/n
KOGNEB,C21 H26 O9 S1,1.0,6.17,57,C2
VIJKUV,C20 H26 O6,1.0,3.9,52,P212121
VIFGIA,C11 H9 N1 O2,1.0,5.94,23,C2/c
KABTEQ,"C15 H22 N1 O2 1+,2(C1 H1 Cl3),Cl1 1-",1.0,6.7,40,Pna21
ABEHAS,C14 H15 Br1 N2 O2,1.0,1.61,34,P212121
KIFZOR,C29 H21 Cl1 N2 O2 S1,1.0,7.3999999999999995,56,P21/c
RIQVAO,C20 H30 N2 O5,1.0,4.63,57,P1
KAHBUT,"0.5(C4 H12 N2 2+),C6 H6 N1 O3 S1 1-",1.0,3.84,18,Pbca
NODREG,C20 H16 N2 O1,1.0,5.4,39,P-1
EZEPIM,C25 H22 Cl1 F3 N3 O3 P1,1.0,5.57,58,P212121
IRIRUA,C16 H16 Br1 N1 O3,1.0,3.27,37,P21/n
OZABUN,C17 H25 N1 O1,2.0,2.5,44,P21
CIRMAT,"C11 H12 N1 O1 1+,C6 H4 N1 O5 S1 1-,0.5(H2 O1)",1.0,6.68,25,P21/n
VUJKEU,C15 H18 N2 O2,1.0,5.58,37,P212121
SAKJAS,C20 H26 O3,1.0,3.36,49,P212121
LESQUW,C14 H18 N2 O4 S1,1.0,6.05,39,P21/c
LOHROQ,C14 H17 Cl1 N2 S1,1.0,3.87,35,C2/c
CIGKOW,C15 H9 F3 N4 O1 S1,2.0,5.1,33,P-1
KIKSOQ,C20 H33 N2 O1 P1,1.0,4.91,57,P21/n
RUSXAH,C21 H14 F5 N4 P1,1.0,5.3,45,Pna21
ZUCSAU,C14 H21 B1 O4,1.0,4.760000000000001,40,Pbca
ROTCOV,"C17 H14 Br1 N2 S1 1+,0.5(C1 H1 Cl3),Br3 1-",2.0,7.07,35,P-1
PUMCUV,C13 H21 N1 O1 Si1,1.0,6.6000000000000005,37,P21/n
PUVTOQ,"C4 H12 N1 1+,C9 H20 B12 N1 1-,C2 H3 N1",1.0,4.94,42,P21/n
PAMSUS,C15 H9 N9 S3,1.0,3.5,36,P21/n
ZUSPIP01,"C9 H5 O6 1-,C3 H7 N6 1+,2(H2 O1)",2.0,6.069999999999999,20,P-1
PEXJEH,C22 H21 N1 O3,1.0,4.3,47,P21/c
DILSEY,C8 H12 N2 O3,1.0,6.1,25,P21/c
XAKKUP,C16 H28 N2 O6,1.0,5.41,52,P212121
QOYCAJ,C12 H17 N1 O5 S1,1.0,5.72,36,C2
TIBFUF,C20 H24 N2 O2 S1,1.0,3.0500000000000003,49,P21
QULBEF,C11 H18 O2 S1,1.0,5.98,32,P21/n
NUMZUS,C20 H24 O7,1.0,3.44,51,P212121
CILLIS,C32 H23 Br1 N2 O5,1.0,3.6,63,P212121
CICBAV,C6 H6 N12,1.0,7.000000000000001,24,P21/c
KAFBEZ,C13 H10 F2 O2,1.0,3.91,27,P212121
SABYAV,C14 H13 N1 O2,1.0,6.1000000000000005,30,P212121
WOCGIE,C14 H14 Br1 F3 O2,1.0,5.8,34,P-1
SEKBAM,C21 H15 N1 O6 S1,1.0,3.96,44,P-1
TEZMER,"C15 H14 N2 O3,H2 O1",1.0,3.49,34,P212121
BAJDAV,C17 H14 N2 O2,1.0,4.44,35,P-1
CUPTEN,C15 H21 N1 O3,1.0,3.38,40,C2221
OZIWAZ,C17 H10 Br1 N1 O2,1.0,2.94,31,P-1
HITZEQ,"C16 H17 F1 N2 O4,H2 O1",1.0,4.33,40,P21/n
KATROP,C16 H22 N4 O4 S2,0.5,3.64,48,P21/n
ATUVIU,C5 H9 N1 O3,1.0,3.67,18,P21212
CAQBIH,C13 H8 N2 O2 S1,1.0,4.22,26,Pbca
ASOKOK,C13 H15 N1 O3,2.0,4.859999999999999,32,P21
EGEGIH,"C21 H18 N1 S1 1+,B1 F4 1-",1.0,4.12,41,P21/c
BUFXIM,C26 H25 Cl1 N2 O2,1.0,5.62,56,P21/c
XAZYAY,C17 H23 N1 O3,1.0,7.41,44,P212121
QIYWIH,C18 H12 O1,2.0,4.15,31,P-1
NEDZEE,C28 H24 Br1 N1 O2,1.0,4.41,56,P21/c
FAMXUM,C19 H24 O2,1.0,4.3,45,P21
FAMPOB,C20 H22 O6 S1,1.0,3.49,49,P21
PIPRUB,C14 H8 I2,2.0,4.01,24,P-1
BAGHAW,C17 H23 F2 N1 O3,1.0,4.99,46,P21/c
POBSUV,C17 H27 F3 O8 P2,1.0,4.92,57,P-1
SAZJAI,C24 H26 O6,2.0,6.329999999999999,56,Pc
RIQWOE,C5 H19 B9 S1,1.0,2.72,34,P21/n
KODKUM,"C8 H9 N5 O2,1.5(H2 O1)",1.0,4.859999999999999,24,C2/c
DOYNUB,"C15 H21 Br1 N1 1+,Cl1 1-",1.0,2.67,38,C2/c
VIRLAN,C7 H6 N8 O6,1.0,3.7800000000000002,27,P212121
UKIGAY,C15 H19 N1 O1,1.0,4.859999999999999,36,P21/c
KOXGAI,"C16 H16 N2 O3,H2 O1",1.0,5.0200000000000005,37,Pbca
QIVFUA,C23 H18 O3,1.0,4.24,44,Pbca
SEQKAA,C12 H21 N1 O8 S1,1.0,4.2,43,P212121
LUSBIO01,C19 H17 B1 F2 N4 O4,1.0,5.66,47,P21/c
ZAPQEP,C20 H16 O2,1.0,3.66,38,P21/c
YIKRAO,C27 H26 N2 O1,1.0,5.74,56,P21/n
GUNZUL,C22 H15 N1,1.0,3.79,38,P-1
TAXQUG,C19 H15 Br1 Cl1 F3 N2 O1,2.0,4.92,42,P212121
FIYNEG,C16 H22 N2 O3,1.0,4.32,43,P212121
GANJIQ,C16 H14 N2 O2,0.5,3.83,34,Pbca
NIRVOZ,C14 H13 N1 O3,1.0,4.07,31,P21/c
GASHEP,"C16 H20 N1 1+,C18 H1 B1 F15 1-",1.0,5.23,37,P21/c
UKIBEX,C8 H11 N1 O3,1.0,2.75,23,P212121
THALID35,C13 H10 N2 O4,1.0,5.46,29,P21/n
LEBMOW,"C19 H23 N2 O4 1+,B1 F4 1-",1.0,6.4,48,Pbca
PATTAF,"C7 H9 O4 1-,H4 N1 1+",1.0,4.1,20,Pbca
BUDTEA,C19 H24 N2 O2 S1,1.0,4.65,48,P212121
NIZTUO,C24 H25 N1 O6,1.0,3.9600000000000004,56,P21
DOKXEH,C19 H17 N1 O2,1.0,5.87,39,P21/c
SEPNOU,C20 H24 N2 O3,1.0,2.93,49,P212121
LEZQEM,C12 H8 F4 N2 O4 S1,0.5,4.3100000000000005,31,P21/c
NUGZIY,C24 H26 N2 O8,1.0,5.11,60,P-1
KERCER,C24 H30 F1 N3 O1 S2,1.0,6.96,61,C2/c
XUYHUX,C19 H13 N1 O5,1.0,2.0500000000000003,38,P43
EWOLEL,C26 H25 N1,1.0,4.02,52,P21/c
EHOQIE,C15 H18 N2 O3,1.0,5.37,38,P21/n
RUKRAS,C21 H21 Br1 F3 N1 O1,2.0,5.24,48,P212121
CITKAU,C13 H7 Br1 N2 O2,1.0,2.08,25,Cc
WEGPUX,C24 H19 Br1 O4,1.0,2.4899999999999998,48,P212121
XIZPAA,"C17 H21 N2 S1 1+,0.5(C2 H2 O4),Cl1 1-",1.0,3.74,41,P21/n
SIZNUO,C15 H14 O2 S1,1.0,2.237,32,P21/n
YAHWIP,C25 H18 Cl2 N2 O2,1.0,5.34,49,P21/c
KAMJUD,C16 H12 O4,1.0,3.9,32,P21/c
MAVSOR,C26 H23 Br1 O5,1.0,4.4,55,C2
NIKZAK01,C15 H21 N1 O5,1.0,3.8899999999999997,42,P212121
GAJBAY,C12 H17 N1 O3,1.0,3.4299999999999997,33,P1
VAJGUI,C7 H10,0.5,4.1,17,Pbcn
HACKIG,C25 H23 N1 O2 S1,1.0,4.78,52,P21/n
YALWAO,"C30 H27 N5,0.5(C1 H2 Cl2)",2.0,4.91,62,P21/n
OFEGOW,"C9 H13 Br1 N1 1+,Br1 1-",1.0,4.95,24,P21/c
SEQJUT,C9 H15 N1 O10 S2,1.0,3.9,37,P61
AQEPUK,"C17 H20 N8 O7,C2 H6 O1 S1",1.0,4.7,52,P21/c
WAQTOZ,C25 H30 O6,1.0,3.61,61,I2
AFIDAW,C17 H15 F2 N3 O1,1.0,3.82,38,P21/c
ADOLIQ,C16 H10 F4 O4,2.0,4.5,34,P-1
LABSEM37,"C2 H6 N1 O2 1+,H2 O3 P1 1-",2.0,3.6900000000000004,11,P21
GEXQUY,"C9 H8 N2 O1,1.5(H2 O1)",2.0,3.4799999999999995,20,P-1
THIAMC14,"C12 H18 N4 O1 S1 2+,H2 O1,2(Cl1 1-)",1.0,3.7,36,P21/n
WOVCAO,C25 H29 N3 O2,1.0,3.61,59,Cc
CEBZAM,C12 H7 Br1 O5,2.0,3.2800000000000002,25,P1
MOKLAA,C11 H14 N2 O5,1.0,4.86,32,P-1
FOQHAU,"C27 H15 N3 O9,C1 H2 Cl2",1.0,6.65,54,P-1
OZOQUS,C9 H13 N3 O5,1.0,3.38,30,P21/n
KONQAF01,C20 H22 O6,0.5,5.28,48,C2
RIJMUW,C25 H21 N1 O2,1.0,3.63,49,P-1
XUQVAG,C23 H21 B1 F1 N3 O4,1.0,5.0200000000000005,53,P21/a
WUQYOZ,C16 H25 N1 O3,1.0,4.3,45,P21/n
NAXKOM,C20 H28 O2 P2,1.0,3.19,52,P212121
DUDJAO01,C9 H11 N3 S1,1.0,4.9,24,P21/c
LEHXIG,C17 H16 N2 O1,1.0,3.77,36,P212121
BEDHOH,C15 H20 Br1 Cl1 O1,1.0,4.9,38,C2
WURMIF,C22 H27 Cl1 O3,1.0,3.38,53,P21
ULAYAH,"C12 H14 Cl1 N4 1+,C4 H5 O4 1-",1.0,4.68,31,P21/c
SEVLAK,"C14 H20 N1 O1 1+,Cl1 1-",1.0,2.3800000000000003,36,P212121
DUPCOJ,"C35 H18 O5,C3 H9 O3 P1",1.0,7.449999999999999,58,C2/c
DAQNOZ,C10 H6 O4 S2,2.0,6.2,22,P-1
YONBIM,C33 H21 N9,0.5,3.5,63,C2/c
NAWVOX,C21 H24 O3,1.0,4.18,48,P21
ILUDEA,C17 H16 I1 N3,1.0,4.95,37,P21/c
WUDJUC,C18 H23 N1 O4,1.0,4.15,46,P212121
SIZXAC01,C9 H6 B1 Cl1 F2 N2,1.0,3.18,21,P21/c
FEBROU,C13 H4 F8 S2,1.0,4.97,27,P21/n
ZEXXUY,C22 H18 N2 O6,2.0,6.35,48,P212121
ZUXLOX,C17 H26 B1 N1 O3,1.0,4.74,48,P-1
TAFKIW,C13 H16 O3,1.0,5.46,32,P21/c
BAYGEP,C12 H18 O4,1.0,5.93,34,P21/a
DOXABR05,"C4 D8 O2,Br2",0.25,2.9,14,C2/m
MIXVIZ,C18 H16 O6,1.0,4.2,40,P-1
JEBFEC,C16 H14 Br1 N1 O1 S1,1.0,6.6000000000000005,34,Pbca
OCIFOZ,C19 H14 N4 O1,1.0,7.35,38,P-1
LUKYAV,C13 H8 F3 N1 O1,2.0,4.97,26,Cc
EQOKIG,C24 H26 F1 N3 O3,1.0,6.4399999999999995,57,P212121
EDAYIR,C16 H14 N4 O4,1.0,5.2,38,P-1
VIWDIS,"C1 H8 N4 O1 2+,C3 H1 N11 O6 2-,3(H2 O1)",1.0,3.62,21,P-1
IDIRAP,C14 H18 F3 N1 O1,1.0,6.57,37,P21
DISKOG,C23 H25 N3 O3,1.0,6.46,54,Cc
NUPKEP,C23 H19 N1 O2,1.0,3.59,45,Pbca
VEMFOK,C15 H16 O2,2.0,3.81,33,P212121
BRMOIN,C16 H14 Br1 N1 O2,1.0,4.8,34,P21/n
ARASOB01,C25 H23 N1 P2 S2,1.0,4.6000000000000005,53,P21/n
DUCMAQ06,"C12 H19 N5 O4,C3 H8 O1,H2 O1",1.0,2.48,40,P21
ISONIP,C22 H19 Cl1 N2 O1,2.0,3.8600000000000003,45,P21/c
BUTXUM,C14 H10 Br1 N1 O1 S1,2.0,2.46,28,Pca21
PEKDUF,C20 H25 Cl1 O2,1.0,4.0,48,P212121
YAJXOA,C6 H8 N12 O6,1.0,4.37,32,P21/c
NHAZMS02,"C4 H8 O2 S1,C3 H6 N6 O6",1.0,3.98,21,P-1
TAPKOM,"C12 H29 N4 O2 3+,3(Cl1 1-),2(H2 O1)",1.0,3.8000000000000003,47,P21/n
QICVAZ,C3 H3 N3 O2,2.0,5.13,11,P21/c
EBOPIU,C12 H19 B1 Cl1 N1 O2,1.0,2.34,36,P212121
HUZWAA,"C16 H16 N2 O3,C4 H9 N1 O1",1.0,3.8000000000000003,37,P212121
LINNII,C17 H16 B1 F2 N3 O2 S1,1.0,6.17,42,Pbca
UJUZIJ01,C17 H20 O1,2.0,4.9799999999999995,38,P-1
WOKFEH,C15 H16 O3,1.0,3.67,34,P21/n
PAKPUO01,C14 H22 B10 N2 O2,1.0,5.79,50,P-1
MENBEN,C13 H10 N2 O2,1.0,5.09,27,P21/c
AHUGIX,"C18 H15 As1 O1,1.5(H2 O2)",1.0,2.87,35,P21/n
XIRYEC,C23 H25 N1 O1,1.0,4.91,50,P-1
IBIDIH,"C60 6-,3(Ca1 2+)",1.33,3.33,60,Pa-3
UWUHAW,C12 H18 Br6,1.0,4.94,36,P-1
ZECSOP,"C2 H10 N2 2+,2(C9 H6 N1 O4 1-)",1.0,4.9,20,P21/a
BOTCET,"C24 H12 N4 O4,C10 H8 O2",0.5,5.18,44,P-1
PACNUG,C11 H8 Br1 N3 O1,1.0,2.75,24,P42/n
LODMUO,"C12 H16 O4,C12 H8 N2,0.5(C6 H6 O2)",2.0,6.15,32,P-1
OGOGEY,C13 H14 O5,1.0,4.61,32,P21/c
VANCOD,C5 H6 N4 O3,1.0,4.47,18,P21/c
GAQDEJ,C20 H20 Cl1 N3 O4,1.0,3.8200000000000003,48,P21/c
LEHWUU,"C16 H6 N4 O4,C13 H11 N1 S1",2.0,3.36,30,P21
BIJWAS01,"C12 H24 O6,2(C1 H3 N1 O2)",0.5,7.5,42,P21/n
MEKVOO,C17 H18 O4,1.0,6.58,39,P212121
LANTIF,C16 H14 N4 O4,0.5,4.71,38,P21/c
KAMPUK,C22 H20 Cl1 N3 O1,1.0,4.19,47,P21/c
NOJQUC,C14 H31 B11 Cl2 N4 Si2,1.0,2.9499999999999997,64,P-1
NIHTOO,C17 H18 O2,1.0,3.43,37,P212121
PAJVOO,C24 H19 N1 O1,1.0,3.4799999999999995,45,P-1
BEFCAS,C19 H21 N1 O3 S1,2.0,6.36,45,C2/c
GEFRAL,C11 H17 N5 O3,1.0,3.87,36,P21/c
DLSERN38,C3 H7 N1 O3,1.0,1.48,14,P21/a
WETCEH,"2(C12 H30 N1 O2 P2 1+),Br3 1-,Br1 1-",1.0,3.55,47,P21/c
ONEROQ,C26 H19 P1 S1,2.0,1.7999999999999998,47,P-1
DBZTEP,C12 H8 Te1,1.0,2.9,21,P212121
JESLOJ,C14 H22 O1,1.0,4.36,37,P21
ZIHJEJ,C14 H11 F1 N2 O2,2.0,4.6899999999999995,30,Pbca
NAPMCB01,C12 H11 N1 O2,1.0,4.03,26,P21/c
IBUJOH,"C18 H23 N2 S1 1+,H2 O1,Cl1 1-",1.0,6.97,44,P21/c
ADPROP,C8 H10 N6 O1,1.0,4.9,25,P21/a
GIYKOP,C20 H25 N1 O4,2.0,4.24,50,P212121
ADESAH,C25 H27 N3 O3,1.0,5.55,58,C2/c
CIRTEC02,"C12 H24 O6,2(C6 H1 Cl2 N3 O7),2(H2 O1)",0.5,4.3,42,C2/c
REDDAF,"C8 H11 N1,C7 H3 N3 O4",1.0,4.42,20,C2/c
FODMAO,C30 H26 N4 S4,1.0,5.66,64,P21/n
VUQZIR,"C10 H22 Mg2 O18,H2 O1",1.0,4.7,52,P-1
HCPZBO,C16 H18 N2 O5,1.0,5.2,41,P21/c
GUYTAY,C19 H16 Cl1 N1 O3,1.0,3.5000000000000004,40,P-1
REFVOQ01,C14 H11 N1 O1 S1,2.0,5.45,28,P21/c
RIHCOC,"2(C15 H13 N4 O3 S1 1-),H12 Mg1 O6 2+,6(H2 O1)",0.5,3.9,36,P-1
KEZWIX,"C26 H30 N3 1+,I1 1-",1.0,6.45,59,C2/c
DIPDIT01,"C15 H20 N4 2+,2(C1 F3 O3 S1 1-)",1.0,7.35,39,P-1
WEJDEV,C20 H23 Br1 N2 O1 S1,1.0,3.4,48,P21/c
OWUFIY,"2(C12 H28 N1 1+),C8 H4 O4 2-",1.0,4.66,41,P-1
SOMHUY,C19 H17 N5 O2,1.0,3.54,43,P21/c
LAVZAM,C20 H18 Cl1 N3 O2 S1,1.0,3.9899999999999998,45,C2/c
ZILJIP,C18 H17 F3 O2,1.0,5.84,40,C2
BEJHII,C24 H22 O9,1.0,4.5,55,C2/c
WEPXAT,C16 H12 N2 O3,1.0,4.19,33,P21/n
BIMMEQ,C26 H27 N1 O2,1.0,3.68,56,P43212
DILZAB,"C3 H12 N2 2+,C8 H4 O4 2-,2(H2 O1)",1.0,4.74,17,P21/n
DUNJOM,C19 H21 Cl2 N1 O4,1.0,6.05,47,P21/c
GEDQEO,"C26 H16 F2 O4,C1 H1 Cl3",1.0,4.73,48,P21/c
YULFIW,"C22 H20 N3 O1 P1,H2 O1",1.0,3.84,47,P212121
NIRRAJ,C24 H25 N1 O5,1.0,3.39,55,P212121
DOVGAY,C13 H14 N2 O2,1.0,3.63,31,Pbca
DAWXII,C6 H7 F4 N3 O1,1.0,3.6,21,P21/c
RISWUP,C18 H17 N3,1.0,4.08,38,Pca21
GEJJUA,C14 H16 Br1 N3 O1,1.0,3.4,35,P21
HPENDO10,C21 H30 O3,1.0,4.2,54,P21
CAYSIH,C19 H15 Br1 N1 O1 P1,1.0,7.290000000000001,38,P21/c
DIYZES,"C12 H12 N2 O3,C12 H10 O1",1.0,4.73,29,P21/c
HATSOL,C23 H19 Br2 N1 O5,1.0,6.26,50,P212121
VIRHUC,C24 H16 Br1 P1,1.0,2.8000000000000003,42,P-1
MOBYEJ01,"C12 H24 O6,2(C1 H3 I1)",0.5,3.53,42,P21/n
VIPYEB,"C6 H2 Cl2 O4,2(C3 H4 N2 O2)",0.5,3.64,14,C2/c
LIPRIO,C12 H11 N3 O3,2.0,3.8699999999999997,29,P21/n
MIRVEQ,C19 H22 N4 O1,1.0,5.66,46,P21/c
KEFRAR,C13 H24 Cl1 N5,1.0,6.45,43,P-1
COSJEZ,C8 H18 As2 N4 S2,1.0,4.1,34,P21/n
ROMNAJ,C23 H15 Cl1 F1 N1 O1 S1,1.0,5.5600000000000005,43,Pbca
XAMGUR,C20 H16 N2 O2,1.0,4.3999999999999995,40,C2/c
JECQUD01,C21 H19 N1 O3 S1,1.0,3.2,45,P21/n
CEBQIK,C23 H29 N1 O4,1.0,4.83,57,P212121
GESKEW,"C6 H8 B2 O4,C10 H8 N2",0.5,6.57,20,P-1
ROVWUX,C12 H8 Cl1 N1 O2 S2,1.0,6.41,26,P21/n
RAXWAR,C24 H25 N1 O2 S1,2.0,5.48,53,P-1
UPIZEZ,C17 H23 N1 O2,0.5,6.72,43,Fdd2
MIZFAF,C17 H26 O2,1.0,3.92,45,P21
HOPZOF,C21 H16 F3 N1 O4,1.0,5.19,45,P21/c
SOPTOK,C10 H10 N4 O3,1.0,4.66,27,P21/c
YEXQEY,C20 H19 Br1 O3,1.0,4.51,43,P21/c
LEFFEI,C6 H6 N4 O4,0.5,4.47,20,C2/m
SOXYOW,C15 H18 O3,1.0,2.78,36,P21
WIQHUZ,C22 H14 F4,0.5,3.59,40,P21/c
QEYCEF,C29 H20 Cl1 N1,1.0,4.63,51,P21/n
CIYGEZ,C17 H16 Cl1 N1 O4,1.0,5.38,39,P-1
UVEKAJ,C19 H23 Br1 N2 O5,1.0,5.59,50,P21
ELAZOI,C17 H14 Cl1 N3,1.0,3.81,35,Pbca
FIZDOJ,C17 H12 F2 O3,1.0,5.28,34,P21/c
LIRMOP,C14 H14 Br1 N1 O5,1.0,6.84,35,Pbca
LAMPIZ,C20 H25 N1 O2 S2,2.0,4.18,50,Pca21
AMPENA01,C8 H12 N2 O3 S1,1.0,2.91,26,P212121
PAMWOQ02,C13 H9 Br1 O1,1.0,5.1,24,P21/c
FUHHAR,C13 H14 N6,1.0,6.3,33,P21/c
RUHQOA01,C25 H15 N1 O2,0.5,6.12,43,Pnma
YIMXID,C20 H21 N8 O3 P1 S2,1.0,3.92,55,P-1
ROGPIO,C18 H21 N1 O1,1.0,4.8,41,P21/c
RUGXIE,C27 H23 Br2 N1 O4 S1,2.0,4.1000000000000005,58,P21
SORSUO,C16 H32 N4 O4,1.0,6.6000000000000005,56,P212121
WATHUY,"C22 H20 S2 2+,2(C1 F3 O3 S1 1-)",1.0,3.56,44,P21/n
BIDWOD,C16 H8 Br2 O2,1.0,2.7199999999999998,28,P1
SUTVAG,C20 H34 O3,1.0,3.95,57,P212121
WIJLIM,C12 H8 N4 Se1,1.0,2.1399999999999997,25,P21/c
LIRSAH,C16 H18 O4,1.0,3.96,38,P-1
LITQUB,C21 H34 O2,2.0,5.97,57,P21
MENHEW,"2(C11 H15 N3 O3 S1),3(C6 F4 I2)",0.5,2.13,33,P21/c
OYACOJ,C18 H12 F3 N1 O3,1.0,6.29,37,P21/c
PEGRIF,C13 H5 Br2 F2 N1 S1,1.0,3.6999999999999997,24,P21
BEGDUN,C18 H21 N2 O2,1.0,5.2,43,P212121
UCISOO,C16 H18 N2 O2 S2,1.0,4.83,40,P-1
UCUGEI,"C18 H13 Cl1 N2 O4 S1,C2 H6 O1 S1",1.0,4.25,39,C2
PEDBEH,C16 H15 N3 O1,1.0,4.73,35,P21/c
PIRZIC,C18 H34 O5 Si1,2.0,6.460000000000001,58,C2
LICPUI,C16 H21 Cl1 O1 Se1,1.0,3.8000000000000003,40,P212121
HAZLOL,C26 H20 Br2 N2 O2,1.0,5.16,52,P21
AFIPIQ,C9 H9 N3 O2 S1,1.0,3.71,24,P-1
SISMOY01,"C17 H27 N2 1+,H2 O1,Br1 1-",1.0,6.99,46,P21/c
KAVSOP03,C11 H15 N1 O3 S1,1.0,2.91,31,P21/c
TUMWUV,"C10 H20 N3 1+,C7 H4 N1 O4 1-",1.0,4.9,33,P21/c
AZANIB,C12 H15 N3 O1 S1,1.0,3.2300000000000004,32,P21/n
OHUKUZ,"C12 H8 I1 1+,C2 F6 N1 O4 S2 1-",2.0,3.42,21,P21/c
QEZJUA,"C16 H32 Li1 N2 O5 1+,C14 H16 P2 1-",1.0,4.01,56,P-1
WANTAJ,C17 H22 N2 O2,1.0,5.43,43,P21/c
XOWTEL,C9 H7 N1 O2,1.0,4.09,19,P21/c
TAPNIH,"C11 H13 F1 O4 P1 1-,C10 H16 N1 O1 1+",1.0,4.1,30,P21
HOVKUC,C12 H9 F3 N2 O2,1.0,5.81,28,P21/n
ETIGIX,C16 H16 O3,1.0,6.32,35,C2/c
JOXJUE01,C11 H8 Cl3 N1 Te1,1.0,3.54,24,P212121
NODJUO,C12 H10 F1 N1 O2,1.0,2.9899999999999998,26,P212121
FRUCAB,"C6 H12 O6,Ca1 2+,2(Br1 1-),2(H2 O1)",1.0,3.9,24,P21
AZUZAZ,C9 H11 N1 O3 S1,1.0,3.5000000000000004,25,P21/c
RONTIB,C24 H22 N2 O6 S1,1.0,5.45,55,P-1
WINWUL02,C13 H12 N2 O5 S1,1.0,3.4,33,C2/c
FUTWAU,C19 H21 N1 O1,1.0,3.56,42,P21/n
RUVLUQ,"C14 H11 F1 N3 O2 S1 1+,Cl1 1-,C3 H8 O1,H2 O1",1.0,4.93,32,P21/n
AHEMUV,C23 H18 Br1 N1 O2 S1,1.0,3.94,46,P-1
VIWXIM,C20 H16 N2 O4 S1,1.0,5.58,43,P21/c
GUYPAS,C36 H22,0.5,4.09,58,P21/n
KIXKUX,C20 H16 N4,0.5,4.5,40,C2/c
PIDFEN01,C18 H32 N2,0.5,4.32,52,P-1
NAMKAN03,C12 H12 N2,0.5,4.5,26,Pbca
OCUWUF,C19 H15 B1 N2 O4,1.0,5.28,41,Pcab
NASQAD,C16 H19 N1 O3,1.0,5.2,39,P21/c
YULXOS,C27 H23 N1 O2 S1,1.0,4.3500000000000005,54,P-1
KOJGUM,C9 H6 N4,1.0,4.36,19,C2/c
CEWNAX,C10 H5 F9 O2 S1,1.0,4.05,27,P21/c
XOPBOW,C26 H22 F1 N1 O2,1.0,6.17,52,P21/c
HUCZAH,C26 H24 N2 O4,0.5,6.5,56,P21/c
MAZMEI01,C11 H15 N3 O1 S1,1.0,3.45,31,P-1
EVORUD,C15 H16 Br1 N1 O1,1.0,3.12,34,P21/c
MAQGIV,"C18 H23 N4 O2 1+,Br1 1-",2.0,5.75,47,P21/c
BZOPIP,C14 H19 N1 O1,1.0,5.9,35,P21/c
XACGOC,C15 H20 N2 O4,2.0,2.9899999999999998,41,Pca21
TADRAV,C10 H11 N3 O2,2.0,4.07,26,P21/c
XEPXIC,C27 H28 O2,1.0,5.680000000000001,57,P21/n
PEXDUV,C28 H22 N2 O3,1.0,5.55,55,P-1
FOBXOK,C11 H13 N1 O1 S1,1.0,3.74,27,P21/c
EXAHIU,C26 H14 F6 N6 O1,1.0,5.93,53,P21/c
RIJKII,"C26 H15 N7 O1,0.13(H2 O1)",2.0,3.6799999999999997,49,P21
HAZRUY,C24 H26 O1,1.0,6.54,51,P212121
KEDDAY02,C16 H14 O4,1.0,3.47,34,P212121
MUCJEA02,C24 H18 N4 O2,1.0,5.18,48,P-1
SILPUB,C24 H30 O4,1.0,4.53,58,P21/c
ROLVOF,"C9 H9 N1 O3,H2 O1",1.0,3.9899999999999998,22,P21/c
ZAFLAX,C20 H23 N1 O2 S1,1.0,2.63,47,P21
VIHVIV,C10 H18 N1 P1 S1,1.0,2.52,31,P212121
EVADOV,C13 H12 O4,1.0,4.8,29,P21/c
BAQNAM,C25 H32 O4,1.0,4.2,61,P-1
OZIWAX,C14 H17 N5 O7 S2,1.0,5.24,45,P-1
ZAVFEK,C16 H12 Br1 N1 O2,1.0,5.26,32,Pbcn
WANMIL,C9 H4 F1 I1 O1,1.0,3.9,16,I-4
GAFLUX,C15 H21 F2 N1 O4,1.0,4.67,43,P21/n
HIBHOP,C11 H9 Cl1 N2 O1,1.0,3.9,24,P21
NOZTUR,C14 H20 O4,1.0,3.7,38,P21/n
QANXIN,C17 H13 N1 O3,1.0,4.83,34,Pbca
BECVIS,C16 H8 Br2,0.5,4.26,26,P21/n
XOTGAP,C19 H26 B1 Cl1 Si1,1.0,3.9,48,P21/n
FUJKIE,C15 H22 N2 O6,1.0,3.6,45,P21/c
TITCOP,C17 H25 N1 O6,1.0,5.94,49,P21/n
KUHYUK,C16 H18 N2,0.5,3.58,36,P21/n
PUXCIY,C20 H21 N1 O3 S1,2.0,4.109999999999999,46,P21
YEWCUC,C23 H21 N1,1.0,4.29,45,Pbca
JOLQIM,C21 H18 N4 S1,1.0,5.779999999999999,44,P-1
AFDECO,C10 H4 F12 N2 O1,1.0,5.69,29,P21/c
DILZIL,"C4 H6 N8 S2,H2 O1",1.0,6.529999999999999,20,P-1
TIHRUZ,C18 H12 S2,1.0,5.57,32,P21/c
MIHTEE20,C7 H13 N1 O1,1.0,2.76,22,P61
PIVZUQ,C20 H19 N1 O4,1.0,4.25,44,P21/n
HXACAN16,C8 H9 N1 O2,1.0,6.7,20,P21/a
HUZGOA,C30 H20 Cl2,0.5,7.109999999999999,52,P-1
NOBPIE,C17 H26 O2,2.0,5.2,45,P21/c
GUBXOS,C16 H12 Br1 N1 O2,1.0,6.4399999999999995,32,P-1
EZAVIO,C20 H14 Br2 N4,1.0,4.04,40,C2/c
PABHEH,C21 H20 F3 N1 O4,1.0,4.33,49,P21/c
LUFSAJ,"C16 H16 N2 O2,H2 O1",1.0,5.11,36,P21/n
CEDTAK,C34 H22 N4 O4,0.5,5.7700000000000005,64,P21/n
XICHUN,C18 H18 O2 S2,2.0,5.82,40,P21/a
VOQVIK,C15 H9 B2 F8 N5 S1,2.0,4.41,40,P-1
JICJOY,C26 H22 N2,1.0,4.36,50,P-1
ZAVXUP,"C6 H16 N2 2+,C4 H4 O6 2-",1.0,4.3,24,P21
LEPLUP,C12 H12 O5,1.0,6.2700000000000005,29,P-1
OTIHOP,C28 H28 N2,2.0,4.48,58,P-1
VIGLUV,C24 H21 Br1 N2 O2 S1,1.0,2.52,51,P212121
RUZZOE,C27 H29 B1 F2 N2,1.0,3.44,61,P21/c
BEJTIV,"C24 H26 N3 1+,Br1 1-,0.5(H2 O1)",1.0,6.3500000000000005,53,I2/a
GEPCOU,C16 H12 O5,1.0,4.8,33,P21/c
YOVPUV,"C15 H13 Br1 N2 O3,C1 H4 O1",1.0,5.4,34,Pbca
RIKDAT,C11 H5 Br1 N2 O1,1.0,2.6,20,P21/c
ROHJOR,C18 H14 As1 N1 O1,2.0,3.29,35,P21/n
GARGIR,C18 H17 Cl1 O2 S1,1.0,3.48,39,P-1
NISTHD10,"C29 H21 N1 O2 S1,0.5(C6 H6)",1.0,4.7,54,P-1
KUMKUY10,C12 H10 Cl2 O1,1.0,3.8000000000000003,25,P-1
SIFHIY,C14 H12 S10,0.5,3.8000000000000003,36,P-1
QORVIG,C27 H20 N6 S2,1.0,5.46,55,P21/c
EWOFED,C22 H17 Cl1 O8,1.0,3.35,48,P212121
BUXQAO,C14 H16 O1,1.0,6.550000000000001,31,P21/n
LURJEN,"C20 H17 Br2 N1 O4,C1 Cl4",1.0,7.49,44,Pbca
KULCIE,C22 H31 Br1 N2 O6,1.0,4.32,62,C2
WEFNEA,"C14 H11 S1 1+,C1 F3 O3 S1 1-",1.0,5.8,26,P-1
CUJLUS,"C5 H4 N1 O3 S1 1-,C5 H6 N1 O1 1+,C5 H5 N1 O1",1.0,4.04,14,P21/c
DOCYPO04,"C9 H14 N3 O7 P1,H2 O1",1.0,2.3000000000000003,34,P212121
VUVCUN,C22 H28 O5,1.0,5.87,55,P212121
CUSYOF,"C21 H30 O2,C6 H5 Br1 O1",2.0,5.89,53,P21
OCIPEV,C13 H21 N1 O2 S1,1.0,4.07,38,P212121
REDXAB,C21 H18 N6 S3,1.0,4.1,48,P21/c
PAWZAQ,C9 H7 F3 O4 S1,1.0,4.4,24,P21/c
LUWXUX,"Br4 Se4,2(Br10 Se4 2-),4(C4 H12 N1 1+)",0.5,2.97,17,P21/c
ZUWGON,C21 H15 N1 O1,1.0,3.7,38,Pca21
XAKDAS,"C22 H21 Cl1 N1 O5 P1,C2 H6 O1 S1",1.0,4.08,51,P-1
QEWHIL,"2(C7 H6 O3),C8 H6 N2",1.0,6.03,16,P-1
JOKCER,C6 H7 Cl3 N2 Te1,2.0,2.57,19,P-1
DISKID,C22 H31 N1 O3,2.0,5.08,57,P-1
OCUXIX,C22 H26 B1 N1,1.0,4.09,50,P21/n
LIJGIW,C9 H11 F5 N1 P1,0.5,3.04,27,Pnma
SIWNAO,"C6 H16 N1 1+,H4 B5 O10 1-",1.0,6.390000000000001,23,P21/c
KITDAW,C14 H13 Br1 O1,1.0,4.42,29,P-1
HISWUE,"C20 H19 N5 1+,F6 P1 1-",2.0,5.390000000000001,44,P-1
BUYVID,C12 H13 N3,2.0,5.8999999999999995,28,P-1
ATEJEQ,C11 H15 As1 O1 S2,1.0,7.22,30,P21/c
MUZPAZ,C20 H14 N4,1.0,3.8200000000000003,38,Pbca
IYUSUT,C18 H12 N2 O2,2.0,4.14,34,P-1
RUVMOM,C16 H20 O1,1.0,4.5,37,P212121
BAZZAH,C15 H24 O5,1.0,2.4899999999999998,44,P212121
ENEQEV,C18 H19 N3,2.0,4.590000000000001,40,Aba2
IQUYAY,C40 H24,0.5,5.0200000000000005,64,Pbcn
VELPAG,C25 H18 Cl1 N3 O4,1.0,4.569999999999999,51,P-1
COQCOC,C18 H16 F1 N1 O3,1.0,6.08,39,P21/c
DEGYIZ,C12 H22 N6 O2,0.5,4.7700000000000005,42,P43212
LEGNUI,"C19 H15 N4 1+,C2 H6 O1,Br1 1-",1.0,2.57,38,P212121
FOKSIH,C12 H6 Br2 N4,1.0,3.4,24,Pbca
ROBZUE,C18 H25 N1 O4 S1 Si1,1.0,5.62,50,P21212
WUBXOG,"C7 H14 N1 O2 1+,Cl1 1-",1.0,3.2800000000000002,24,P21
BUHSOM01,"C13 H14 N2 O2,2(H2 O1)",1.0,3.05,31,P21/c
AYUVAT01,C21 H17 N1 O3,2.0,5.89,42,Pbca
CAWTIE,C19 H31 N7 O2,1.0,4.96,59,P-1
QAVGID,C16 H16 Cl4 O2,1.0,4.7,38,P21/a
QUXWUF,C19 H15 N1 O4,1.0,4.92,39,Pbca
BPPHIM01,C14 H8 Br1 N1 O2,1.0,4.89,26,C2/c
OXIHIQ,C15 H24 N2 O2,1.0,3.6900000000000004,43,P212121
QOQGAF,C28 H23 N1 O6,1.0,6.12,58,P21/c
ALOVUS01,C12 H12 N2,1.0,4.14,26,P21/c
XEMRIU,C13 H23 N3 O3,2.0,3.62,42,P-1
CEPKER,C18 H32 O5 Si2,1.0,3.44,57,P212121
JOFCUF,C10 H10 Cl1 N1 O3,1.0,3.42,25,P21
SANLAV,C17 H18 N2 O3 S1,1.0,3.15,41,P21/c
AHOKEN,"C60 4-,4(Cs1 1+)",0.13,1.98,60,Immm
HIKJAQ,C28 H31 N1 O1 Si1,1.0,4.35,62,P-1
KUCYEN,C18 H19 N4 O2 P1,1.0,4.89,44,P-1
BOVKAB,C15 H26 O3,1.0,3.52,44,C2
CICVOA,C19 H13 N3 O2 S1,1.0,4.96,38,Pbca
CADLED,C26 H23 N1 O1,1.0,2.86,51,P21
TEVSET01,C18 H16 N4 O4,1.0,7.3500000000000005,42,P21/n
VENPOT,C19 H22 O7,1.0,6.0,48,P21
MESMON,C18 H15 N3 S1,1.0,3.27,37,P21/n
XUDCEI,C15 H10 F2 N2 O2 S2,1.0,3.27,33,I2/a
VUWKII,"C6 H10 N2 2+,C2 O4 2-",1.0,3.65,18,P21/c
AKOYEH,"C22 H36 N1 1+,Br1 1-",1.0,3.3099999999999996,59,P21/n
GUTNOB,C22 H17 F4 N1 O1,1.0,5.24,45,C2/c
HIMPEZ,C15 H21 N5 O3,1.0,5.84,44,P21/c
WIVYEJ,C21 H16 O3,1.0,5.510000000000001,40,P21/n
REVXUO,C20 H7 B1 F10 O2,1.0,3.8899999999999997,40,P21/c
XEPREQ,"C12 H12 N2 2+,2(H2 O4 P1 1-),2(H2 O1)",0.5,4.04,26,C2/c
JIXQEQ,"C18 H20 Cl1 N4 1+,0.5(C4 H4 O4 2-),H2 O1",1.0,5.54,43,P21/c
AFEFAV,"C24 H28 N2 O2,C2 H3 N1",1.0,4.02,56,P-1
FABHAR,C27 H20 O2,1.0,3.9,49,P21/n
NUMGUZ01,"C6 H8 N2 O2 S1,C6 H11 N1 O1",1.0,3.83,19,P21/n
ULIGOP,C35 H22 B1 O2,1.0,4.2,60,Pna21
OWOFOZ,C18 H16,1.0,3.17,34,Pca21
ABAQIG,C14 H15 N3 O5,1.0,3.11,37,P212121
SEDTUQ21,C2 H4 N4 O4,1.0,3.8699999999999997,14,P21/n
EZONIS,C18 H22 O8,1.0,3.6999999999999997,48,P21
WOMXUS,C11 H9 Cl1 N2,1.0,3.43,23,P212121
KIHROK,"C17 H34 N2 O5 Si1,H2 O1",1.0,2.85,59,P21
FOSGID04,C2 H2 Cl3 N1 O1,2.0,3.4799999999999995,9,P21
KOLNAC,C12 H10 Cl2 O2 S1,1.0,3.2800000000000002,27,Cc
LUCRAG,C16 H15 N1 O2,2.0,4.36,34,Ia
WOKMIS,C9 H13 N3 O4 S1,1.0,3.63,30,P-1
POWWIK,C18 H15 Cl1 N2 O2 S1,1.0,4.34,39,Pbca
YUJXOT,C25 H13 F6 N3,0.5,3.83,47,C2/c
EWUHAF,C8 H8 F3 N3 O4 S2,1.0,4.69,28,P21
PICREY,C17 H17 N1 O1,1.0,5.1000000000000005,36,P212121
LPNECL,"C15 H25 N2 O1 1+,Cl1 O4 1-",1.0,3.5,43,P212121
BOMVIK,"C18 H22 N4 O2,C8 F16 I2",0.5,2.73,46,P-1
HONGIC,C12 H11 N1 O2,1.0,4.34,26,P21/c
NUTMUK,C14 H13 N3,1.0,5.1000000000000005,30,P21/n
AMODOW,C22 H24 O4 S2,0.5,3.93,52,P-1
HUVMOD,C14 H14 Br1 N1 O4,1.0,4.21,34,P21/c
LIDTOI,C11 H9 F1 N2 O4 S1,1.0,6.63,28,P-1
RUWREH,C25 H28 O4,2.0,3.98,57,P21
IQIXIS,C22 H19 F3 N2,2.0,3.2300000000000004,46,P212121
YIFGUT,C11 H13 Br1 O2,1.0,2.94,27,P21/n
NOHSIO,C15 H21 F3 N4 O3 S1,1.0,6.65,47,P21
QURPOM,C22 H27 N1 O9 S1,2.0,3.66,60,P21/c
AKUZEM,C18 H30 N2 O6 Si1,1.0,2.7,57,C2221
TUZWUG,C19 H18 F4 O7 S1,1.0,5.26,49,P-1
SAHGEO,C20 H21 N1,1.0,3.86,42,P-1
ADIPAC22,C6 H10 O4,0.5,5.47,20,P21/c
LEKYIN,"C4 N8 O8 2-,2(H4 N1 1+)",1.0,3.2199999999999998,20,Pbca
QEQQEL,C16 H17 N1 O4,1.0,3.54,38,C2/c
SPINPH02,"C10 H30 N4 4+,2(H1 O4 P1 2-),6(H2 O1)",0.5,4.3,44,P21/c
AYARAU,C22 H21 N3 O2,1.0,3.9,48,P21/n
YUZYUR,C14 H2 Br2 F2 N2 O2,1.0,3.1399999999999997,24,P21/n
GEFTOC,C19 H21 N3 O1,1.0,5.8100000000000005,44,Pbca
SESCAV,"C4 H5 O2 1-,H4 N1 1+",1.0,5.7,11,P21/c
ILAPIX,"C17 H14 N1 1+,C7 H1 F4 O3 1-",1.0,5.8500000000000005,32,P21/c
PAQNEC,C10 H10 N2 Se2,1.0,3.65,24,P-1
PAHJEO,C16 H16 Cl1 F1 N2 O3,1.0,3.67,39,P21/c
MOTHIM,C26 H18 O2 Te2,1.0,1.71,48,Pc
FECGAV,C19 H26 O1,1.0,4.1,46,P21/n
HIZRUG,C25 H26 N2 O2 S1,1.0,6.41,56,P21/c
IGIZAC,"C6 H6 O2,H2 O1",1.0,3.71,14,P212121
CUYDIJ,C23 H22 N2 O8,1.0,5.0,55,P21/c
TIHRUB,C31 H25 N1 O5 S1,1.0,3.44,63,P212121
MUPBOR,C9 H10 O5,1.0,3.47,24,P21/n
PIHCIW,C16 H14 Br1 Cl1 O2 S1,1.0,3.19,35,P-1
IBAMEG,C13 H11 F1 N4 O1,1.0,6.11,30,P21/c
IFOROM,C22 H19 Br1 N4 O1,1.0,4.1000000000000005,47,P21/c
PUSKEU,C16 H27 Br1 N1 O3 P1 S2,1.0,4.11,51,P212121
KUTCAE,"C23 H20 N1 O2 1+,C1 F3 O3 S1 1-",1.0,3.86,46,P-1
PERPAZ,C21 H26 Cl1 N3 O1 S1,1.0,4.3,53,Cc
PECZAA,C16 H13 Br1 O3,1.0,3.7800000000000002,33,P-1
PEFCOS,C27 H22 O7,1.0,3.9,56,P212121
GIMGAM,C19 H11 Cl2 N1 O2,1.0,3.7900000000000005,35,P21/c
RUHBUR,C16 H19 I1 O3,1.0,5.0600000000000005,39,P212121
BUDVEE,C14 H15 N1 O3 S2,1.0,3.71,35,P21/n
KAWMUR,"C30 H16 N6 O10,2(C3 H7 N1 O1)",0.5,5.0600000000000005,62,P21/n
XUTGUP,C24 H16 Br2,0.5,4.4,42,P2/n
DENLIU,C24 H28 N2 O4 S1,1.0,4.02,59,P21/n
WOMYAZ,"C21 H28 N2 O4 S1,C3 H6 O1",1.0,4.32,56,P21
KIXHAB,C8 H7 N1 O3 S1,0.5,4.08,20,P21/m
TCYETY02,C6 N4,0.13,2.7,10,Im3
EHOGER,C24 H19 O1 P1 Se1,1.0,5.43,46,Pbca
WAQSOY,"C20 H16 N1 1+,Cl1 O4 1-",1.0,3.63,37,P21/c
BIHLEL,C13 H9 N1 O3,1.0,3.2,26,P212121
UWOHUN,C16 H17 N1 O3,1.0,5.56,37,C2/c
NOMRUE,C26 H9 F15 Si1,1.0,4.06,51,P21
TOPSIE,C21 H32 O4,2.0,3.17,57,P212121
UKUKIX,C12 H9 Br1 I1 N1 O2 S1,1.0,2.36,27,P21/c
SUVDAP,C15 H20 N2 O2 Se1,1.0,3.84,40,P212121
KUQTEX,C4 H6 O4,2.0,2.7,14,P21/c
BELWOG,C17 H22 O7,1.0,2.71,46,P2221
MMANCN01,C13 H11 N1,1.0,4.7,25,C2/c
KANCAF,C19 H18 O4,1.0,3.43,41,P21
XIRZED,C23 H23 N1 O1,2.0,4.83,48,P21
MUPWAY14,C18 H13 N4,1.0,4.25,35,P21/c
XOZFOI,C8 H7 Br1 Cl1 N1 O1,1.0,4.37,19,P21/n
ZISDAK,C27 H33 P1 Se1,1.0,2.22,62,P-1
QAVJEG,"C19 H24 N4,C6 H6",1.0,4.2299999999999995,47,P21/c
ZARDUT,C19 H18 B1 F2 I1 N2,1.0,6.15,43,P21/c
CADWIP,C18 H20 O4,1.0,5.55,42,Pbc21
OXOGAM,"2(C16 H17 N4 O1 1+),B10 Cl10 2-,2(C2 H3 N1)",1.0,5.24,38,P2/n
ZEWPUQ,C13 H13 Br1 O2,1.0,3.9,29,P212121
SAZGIJ01,"C7 H10 N1 1+,C6 Cl5 O1 1-",1.0,2.95,18,P21/n
ATAYIG,"2(C10 H13 Cl1 N2 O3 S1),C10 H8 N2",0.5,5.41,30,P21/c
UKUZAC,C18 H17 Br1 N2 O2,1.0,5.3100000000000005,40,P212121
GANBOP,C16 H21 N1 O4,1.0,4.5,42,P21
UGIZAN,C25 H14 O4,1.0,3.46,43,P21/c
CORXUE,"C8 H13 N4 1+,N1 O3 1-",1.0,5.76,25,P21/c
OYORUR,C15 H10 Br1 N3 O2,2.0,6.05,31,P-1
HUQFAD,C28 H21 Cl1 N4 O1,1.0,3.52,55,P212121
QAVFUR,C26 H22 S2,1.0,5.41,50,P-1
DIJMIW,C20 H26 N2 O5,1.0,2.86,53,P21
SUNSOJ,C24 H17 Br1,1.0,3.4,42,P21/c
XUYVOE,C13 H20 N2 O1,1.0,5.55,36,C2/c
IPAKIX,"C26 H20 F1 N3 O3,0.86(C1 H1 Cl3)",1.0,6.92,53,P21/c
WIZWEL,C21 H18 Br2 S2,1.0,4.7,43,C2/c
DIRMAS01,C18 H32 O6,1.0,6.4,56,P21/c
FAMSOE01,C15 H10 O2,1.0,5.9799999999999995,27,P21/c
DOSZAO,"C18 H16 N6,C4 H6 O4",0.5,5.07,40,P-1
HACHOI,C11 H17 I1 O2,1.0,2.64,31,P212121
SARSUZ,C24 H16 N4 O4,1.0,4.5,48,C2/c
HIXWEU,C10 H7 B1 F2,1.0,4.42,20,P21/c
AHEJIK,"C9 H14 N3 O8 P1,2(H2 O1)",1.0,2.7199999999999998,35,P1
KUPVOJ,C17 H30 N2 O1,1.0,5.050000000000001,50,C2/c
YOGJEN,C16 H16 N2 O2,1.0,3.9899999999999998,36,P21
JIBBAB,C16 H28 N3 P1,1.0,4.38,48,P21/n
HOJFOE,"C4 H7 N6 O4 1+,Cl1 O4 1-",1.0,4.5600000000000005,21,Pbca
RAQXOA,C29 H23 N3,2.0,5.6899999999999995,55,P21
TEBFOW,C19 H18 N2 S1,1.0,5.12,40,P21/c
CUVFII,C16 H30 O2,1.0,3.7,48,P212121
UDIDAP,C13 H18 N2 S1,1.0,3.7199999999999998,34,P21212
OYORIF,C15 H10 F1 N3 O2,1.0,4.9799999999999995,31,P21/c
FOJDER,C19 H25 N1 O3 S1,1.0,4.42,49,P21/n
PDHTEZ03,C12 H10 N6,1.0,3.27,28,P-1
TOLFIJ,C23 H17 Cl1 N2 O2 S1,1.0,3.95,46,P21/a
